key,frozen_forecast_unchanged,v2_observed,prior_wall,posthoc_requirement_order,runtime_only_requirement,observed_egl_alert,new_expected_lit,reason,static_evidence,outcome_evidence,basis
wikipedia,不变,不变,EGL_NO_SURFACE then hwui abort,"[""authorized-secondary-activity"", ""boot-conscrypt-fallback (reachability unknown)""]",egl-window-recreation,True,unknown,"Requirements ordered by bounded startup evidence, not proven execution order; grant may expose a successor wall, provider init failure may be tolerated, and EGL needs runtime lifetime tracing.",evidence/wikipedia.json.gz,evidence/observed/wikipedia.json,v2 post-hoc calibration
termux,推进,不变,background dispatch and degenerate first frame,"[""boot-conscrypt-fallback (reachability unknown)""]",egl-window-recreation,False,unknown,"Requirements ordered by bounded startup evidence, not proven execution order; grant may expose a successor wall, provider init failure may be tolerated, and EGL needs runtime lifetime tracing.",evidence/termux.json.gz,evidence/observed/termux.json,v2 post-hoc calibration
ooniprobe,不变,亮,app-domain JNA __errno unresolved,"[""boot-conscrypt-fallback (reachability unknown)""]",egl-window-recreation,False,unknown,"Requirements ordered by bounded startup evidence, not proven execution order; grant may expose a successor wall, provider init failure may be tolerated, and EGL needs runtime lifetime tracing.",evidence/ooniprobe.json.gz,evidence/observed/ooniprobe.json,v2 post-hoc calibration
antennapod,推进,unknown,libconscrypt_jni __open_2 unresolved,"[""boot-conscrypt-fallback"", ""authorized-secondary-activity""]",egl-window-recreation,False,unknown,"Requirements ordered by bounded startup evidence, not proven execution order; grant may expose a successor wall, provider init failure may be tolerated, and EGL needs runtime lifetime tracing.",evidence/antennapod.json.gz,evidence/observed/antennapod.json,v2 post-hoc calibration
aegis,亮,亮,previous own UI,"[""authorized-secondary-activity"", ""boot-conscrypt-fallback (reachability unknown)""]",egl-window-recreation,False,unknown,"Requirements ordered by bounded startup evidence, not proven execution order; grant may expose a successor wall, provider init failure may be tolerated, and EGL needs runtime lifetime tracing.",evidence/aegis.json.gz,evidence/observed/aegis.json,v2 post-hoc calibration
fd-AppManager,亮,unknown,previous own UI,"[""authorized-secondary-activity"", ""boot-conscrypt-fallback (reachability unknown)""]",egl-window-recreation,False,unknown,"Requirements ordered by bounded startup evidence, not proven execution order; grant may expose a successor wall, provider init failure may be tolerated, and EGL needs runtime lifetime tracing.",evidence/fd-AppManager.json.gz,evidence/observed/fd-AppManager.json,v2 post-hoc calibration
fd-auxio,亮,亮,VelocityTracker nativeInitialize,"[""boot-conscrypt-fallback (reachability unknown)""]",egl-window-recreation,False,unknown,"Requirements ordered by bounded startup evidence, not proven execution order; grant may expose a successor wall, provider init failure may be tolerated, and EGL needs runtime lifetime tracing.",evidence/fd-auxio.json.gz,evidence/observed/fd-auxio.json,v2 post-hoc calibration
fd-com-amaze-filemanager,推进,unknown,FileObserver.ObserverThread.init JNI missing,"[""boot-conscrypt-fallback"", ""authorized-secondary-activity""]",egl-window-recreation,False,unknown,"Requirements ordered by bounded startup evidence, not proven execution order; grant may expose a successor wall, provider init failure may be tolerated, and EGL needs runtime lifetime tracing.",evidence/fd-com-amaze-filemanager.json.gz,evidence/observed/fd-com-amaze-filemanager.json,v2 post-hoc calibration
fd-com-kunzisoft-keepass-libre,亮,亮,previous own UI,"[""boot-conscrypt-fallback"", ""authorized-secondary-activity""]",egl-window-recreation,False,unknown,"Requirements ordered by bounded startup evidence, not proven execution order; grant may expose a successor wall, provider init failure may be tolerated, and EGL needs runtime lifetime tracing.",evidence/fd-com-kunzisoft-keepass-libre.json.gz,evidence/observed/fd-com-kunzisoft-keepass-libre.json,v2 post-hoc calibration
fd-droidify,亮,unknown,previous own UI,"[""boot-conscrypt-fallback""]",egl-window-recreation,False,unknown,"Requirements ordered by bounded startup evidence, not proven execution order; grant may expose a successor wall, provider init failure may be tolerated, and EGL needs runtime lifetime tracing.",evidence/fd-droidify.json.gz,evidence/observed/fd-droidify.json,v2 post-hoc calibration
fd-fitness,亮,亮,previous own UI,"[""authorized-secondary-activity"", ""boot-conscrypt-fallback (reachability unknown)""]",egl-window-recreation,False,unknown,"Requirements ordered by bounded startup evidence, not proven execution order; grant may expose a successor wall, provider init failure may be tolerated, and EGL needs runtime lifetime tracing.",evidence/fd-fitness.json.gz,evidence/observed/fd-fitness.json,v2 post-hoc calibration
fd-netguard,亮,亮,__errno/native bridge,[],egl-window-recreation,False,unknown,"Requirements ordered by bounded startup evidence, not proven execution order; grant may expose a successor wall, provider init failure may be tolerated, and EGL needs runtime lifetime tracing.",evidence/fd-netguard.json.gz,evidence/observed/fd-netguard.json,v2 post-hoc calibration
fd-noice,推进,unknown,OhTrustManagerFactorySpi class loading,"[""authorized-secondary-activity""]",egl-window-recreation,True,unknown,"Requirements ordered by bounded startup evidence, not proven execution order; grant may expose a successor wall, provider init failure may be tolerated, and EGL needs runtime lifetime tracing.",evidence/fd-noice.json.gz,evidence/observed/fd-noice.json,v2 post-hoc calibration
anki,推进,不变,librsdroid cannot resolve liblog,"[""boot-conscrypt-fallback""]",egl-window-recreation,False,unknown,"Requirements ordered by bounded startup evidence, not proven execution order; grant may expose a successor wall, provider init failure may be tolerated, and EGL needs runtime lifetime tracing.",evidence/anki.json.gz,evidence/observed/anki.json,v2 post-hoc calibration
newpipe,推进,unknown,VelocityTracker nativeInitialize,"[""boot-conscrypt-fallback""]",egl-window-recreation,False,unknown,"Requirements ordered by bounded startup evidence, not proven execution order; grant may expose a successor wall, provider init failure may be tolerated, and EGL needs runtime lifetime tracing.",evidence/newpipe.json.gz,evidence/observed/newpipe.json,v2 post-hoc calibration
markor,推进,不变,window type 1 rejected,"[""authorized-secondary-activity"", ""boot-conscrypt-fallback (reachability unknown)""]",egl-window-recreation,False,unknown,"Requirements ordered by bounded startup evidence, not proven execution order; grant may expose a successor wall, provider init failure may be tolerated, and EGL needs runtime lifetime tracing.",evidence/markor.json.gz,evidence/observed/markor.json,v2 post-hoc calibration
opencamera,推进,unknown,Camera.getNumberOfCameras JNI missing,"[""boot-conscrypt-fallback (reachability unknown)""]",egl-window-recreation,False,unknown,"Requirements ordered by bounded startup evidence, not proven execution order; grant may expose a successor wall, provider init failure may be tolerated, and EGL needs runtime lifetime tracing.",evidence/opencamera.json.gz,evidence/observed/opencamera.json,v2 post-hoc calibration
fd-android,unknown,亮,no confirmed current first fatal,"[""authorized-secondary-activity"", ""boot-conscrypt-fallback (reachability unknown)""]",egl-window-recreation,False,unknown,"Requirements ordered by bounded startup evidence, not proven execution order; grant may expose a successor wall, provider init failure may be tolerated, and EGL needs runtime lifetime tracing.",evidence/fd-android.json.gz,evidence/observed/fd-android.json,v2 post-hoc calibration
fd-api,不变,不变,Theme.AppCompat requirement,"[""boot-conscrypt-fallback (reachability unknown)""]",egl-window-recreation,False,unknown,"Requirements ordered by bounded startup evidence, not proven execution order; grant may expose a successor wall, provider init failure may be tolerated, and EGL needs runtime lifetime tracing.",evidence/fd-api.json.gz,evidence/observed/fd-api.json,v2 post-hoc calibration
fd-app,推进,不变,libgdx cannot resolve libstdc++,"[""boot-conscrypt-fallback""]",egl-window-recreation,False,unknown,"Requirements ordered by bounded startup evidence, not proven execution order; grant may expose a successor wall, provider init failure may be tolerated, and EGL needs runtime lifetime tracing.",evidence/fd-app.json.gz,evidence/observed/fd-app.json,v2 post-hoc calibration
fd-breezyweather,推进,unknown,libnrb __errno unresolved,"[""authorized-secondary-activity"", ""boot-conscrypt-fallback (reachability unknown)""]",egl-window-recreation,False,unknown,"Requirements ordered by bounded startup evidence, not proven execution order; grant may expose a successor wall, provider init failure may be tolerated, and EGL needs runtime lifetime tracing.",evidence/fd-breezyweather.json.gz,evidence/observed/fd-breezyweather.json,v2 post-hoc calibration
fd-calendar,不变,不变,JobScheduler.cancel on null,"[""authorized-secondary-activity""]",egl-window-recreation,False,unknown,"Requirements ordered by bounded startup evidence, not proven execution order; grant may expose a successor wall, provider init failure may be tolerated, and EGL needs runtime lifetime tracing.",evidence/fd-calendar.json.gz,evidence/observed/fd-calendar.json,v2 post-hoc calibration
fd-catima,不变,不变,resume service getClass on null,"[""boot-conscrypt-fallback"", ""authorized-secondary-activity""]",egl-window-recreation,False,unknown,"Requirements ordered by bounded startup evidence, not proven execution order; grant may expose a successor wall, provider init failure may be tolerated, and EGL needs runtime lifetime tracing.",evidence/fd-catima.json.gz,evidence/observed/fd-catima.json,v2 post-hoc calibration
fd-etar,不变,不变,PowerExemptionManager null,"[""boot-conscrypt-fallback"", ""authorized-secondary-activity""]",egl-window-recreation,False,unknown,"Requirements ordered by bounded startup evidence, not proven execution order; grant may expose a successor wall, provider init failure may be tolerated, and EGL needs runtime lifetime tracing.",evidence/fd-etar.json.gz,evidence/observed/fd-etar.json,v2 post-hoc calibration
fd-feeder,unknown,unknown,first blocking stage unresolved,"[""boot-conscrypt-fallback (reachability unknown)""]",egl-window-recreation,False,unknown,"Requirements ordered by bounded startup evidence, not proven execution order; grant may expose a successor wall, provider init failure may be tolerated, and EGL needs runtime lifetime tracing.",evidence/fd-feeder.json.gz,evidence/observed/fd-feeder.json,v2 post-hoc calibration
fd-fennec_fdroid,不变,不变,JNA libjnidispatch resource absent,[],egl-window-recreation,False,unknown,"Requirements ordered by bounded startup evidence, not proven execution order; grant may expose a successor wall, provider init failure may be tolerated, and EGL needs runtime lifetime tracing.",evidence/fd-fennec_fdroid.json.gz,evidence/observed/fd-fennec_fdroid.json,v2 post-hoc calibration
fd-filemanager,亮,亮,background Activity grant,"[""authorized-secondary-activity""]",egl-window-recreation,False,unknown,"Requirements ordered by bounded startup evidence, not proven execution order; grant may expose a successor wall, provider init failure may be tolerated, and EGL needs runtime lifetime tracing.",evidence/fd-filemanager.json.gz,evidence/observed/fd-filemanager.json,v2 post-hoc calibration
fd-fluffychat,推进,unknown,libflutter cannot resolve libGLESv2,"[""boot-conscrypt-fallback (reachability unknown)""]",egl-window-recreation,False,unknown,"Requirements ordered by bounded startup evidence, not proven execution order; grant may expose a successor wall, provider init failure may be tolerated, and EGL needs runtime lifetime tracing.",evidence/fd-fluffychat.json.gz,evidence/observed/fd-fluffychat.json,v2 post-hoc calibration
fd-gallery,不变,不变,MediaStore.Images.Media.EXTERNAL_CONTENT_URI missing,"[""authorized-secondary-activity""]",egl-window-recreation,False,unknown,"Requirements ordered by bounded startup evidence, not proven execution order; grant may expose a successor wall, provider init failure may be tolerated, and EGL needs runtime lifetime tracing.",evidence/fd-gallery.json.gz,evidence/observed/fd-gallery.json,v2 post-hoc calibration
fd-im-vector-app,推进,unknown,librealm-jni __errno unresolved,"[""boot-conscrypt-fallback""]",egl-window-recreation,False,unknown,"Requirements ordered by bounded startup evidence, not proven execution order; grant may expose a successor wall, provider init failure may be tolerated, and EGL needs runtime lifetime tracing.",evidence/fd-im-vector-app.json.gz,evidence/observed/fd-im-vector-app.json,v2 post-hoc calibration
fd-immich,推进,不变,libflutter cannot resolve libGLESv2,[],egl-window-recreation,False,unknown,"Requirements ordered by bounded startup evidence, not proven execution order; grant may expose a successor wall, provider init failure may be tolerated, and EGL needs runtime lifetime tracing.",evidence/fd-immich.json.gz,evidence/observed/fd-immich.json,v2 post-hoc calibration
fd-k9,unknown,亮,no confirmed current first fatal,"[""authorized-secondary-activity"", ""boot-conscrypt-fallback (reachability unknown)""]",egl-window-recreation,False,unknown,"Requirements ordered by bounded startup evidence, not proven execution order; grant may expose a successor wall, provider init failure may be tolerated, and EGL needs runtime lifetime tracing.",evidence/fd-k9.json.gz,evidence/observed/fd-k9.json,v2 post-hoc calibration
fd-kitchenowl,推进,不变,libflutter dependency missing,"[""boot-conscrypt-fallback (reachability unknown)""]",egl-window-recreation,False,unknown,"Requirements ordered by bounded startup evidence, not proven execution order; grant may expose a successor wall, provider init failure may be tolerated, and EGL needs runtime lifetime tracing.",evidence/fd-kitchenowl.json.gz,evidence/observed/fd-kitchenowl.json,v2 post-hoc calibration
fd-libre,推进,unknown,libflutter cannot resolve libandroid,"[""boot-conscrypt-fallback (reachability unknown)""]",egl-window-recreation,False,unknown,"Requirements ordered by bounded startup evidence, not proven execution order; grant may expose a successor wall, provider init failure may be tolerated, and EGL needs runtime lifetime tracing.",evidence/fd-libre.json.gz,evidence/observed/fd-libre.json,v2 post-hoc calibration
fd-libretube,不变,不变,tagsoup Parser.setProperty missing,"[""authorized-secondary-activity""]",egl-window-recreation,False,unknown,"Requirements ordered by bounded startup evidence, not proven execution order; grant may expose a successor wall, provider init failure may be tolerated, and EGL needs runtime lifetime tracing.",evidence/fd-libretube.json.gz,evidence/observed/fd-libretube.json,v2 post-hoc calibration
fd-meet,不变,不变,RestrictionsManager.getApplicationRestrictions null,"[""boot-conscrypt-fallback (reachability unknown)""]",egl-window-recreation,False,unknown,"Requirements ordered by bounded startup evidence, not proven execution order; grant may expose a successor wall, provider init failure may be tolerated, and EGL needs runtime lifetime tracing.",evidence/fd-meet.json.gz,evidence/observed/fd-meet.json,v2 post-hoc calibration
fd-minetest,亮,亮,previous loading UI,"[""authorized-secondary-activity"", ""boot-conscrypt-fallback (reachability unknown)""]",egl-window-recreation,False,unknown,"Requirements ordered by bounded startup evidence, not proven execution order; grant may expose a successor wall, provider init failure may be tolerated, and EGL needs runtime lifetime tracing.",evidence/fd-minetest.json.gz,evidence/observed/fd-minetest.json,v2 post-hoc calibration
fd-mpv,亮,亮,VelocityTracker nativeInitialize,[],egl-window-recreation,False,unknown,"Requirements ordered by bounded startup evidence, not proven execution order; grant may expose a successor wall, provider init failure may be tolerated, and EGL needs runtime lifetime tracing.",evidence/fd-mpv.json.gz,evidence/observed/fd-mpv.json,v2 post-hoc calibration
fd-musicplayer,不变,不变,bitmap without color space,"[""authorized-secondary-activity"", ""boot-conscrypt-fallback (reachability unknown)""]",egl-window-recreation,False,unknown,"Requirements ordered by bounded startup evidence, not proven execution order; grant may expose a successor wall, provider init failure may be tolerated, and EGL needs runtime lifetime tracing.",evidence/fd-musicplayer.json.gz,evidence/observed/fd-musicplayer.json,v2 post-hoc calibration
fd-notes,亮,亮,previous own UI,"[""authorized-secondary-activity""]",egl-window-recreation,False,unknown,"Requirements ordered by bounded startup evidence, not proven execution order; grant may expose a successor wall, provider init failure may be tolerated, and EGL needs runtime lifetime tracing.",evidence/fd-notes.json.gz,evidence/observed/fd-notes.json,v2 post-hoc calibration
fd-organicmaps,推进,不变,liborganicmaps cannot resolve libGLESv2,"[""boot-conscrypt-fallback"", ""authorized-secondary-activity""]",egl-window-recreation,False,unknown,"Requirements ordered by bounded startup evidence, not proven execution order; grant may expose a successor wall, provider init failure may be tolerated, and EGL needs runtime lifetime tracing.",evidence/fd-organicmaps.json.gz,evidence/observed/fd-organicmaps.json,v2 post-hoc calibration
fd-plus,不变,不变,DayNightHelper null,"[""boot-conscrypt-fallback (reachability unknown)""]",egl-window-recreation,False,unknown,"Requirements ordered by bounded startup evidence, not proven execution order; grant may expose a successor wall, provider init failure may be tolerated, and EGL needs runtime lifetime tracing.",evidence/fd-plus.json.gz,evidence/observed/fd-plus.json,v2 post-hoc calibration
fd-reader,不变,unknown,null array in main thread,"[""boot-conscrypt-fallback"", ""authorized-secondary-activity""]",egl-window-recreation,False,unknown,"Requirements ordered by bounded startup evidence, not proven execution order; grant may expose a successor wall, provider init failure may be tolerated, and EGL needs runtime lifetime tracing.",evidence/fd-reader.json.gz,evidence/observed/fd-reader.json,v2 post-hoc calibration
fd-saber,推进,不变,libflutter dependency missing,[],egl-window-recreation,False,unknown,"Requirements ordered by bounded startup evidence, not proven execution order; grant may expose a successor wall, provider init failure may be tolerated, and EGL needs runtime lifetime tracing.",evidence/fd-saber.json.gz,evidence/observed/fd-saber.json,v2 post-hoc calibration
fd-seal,不变,unknown,batch rejects libaria2c.zip.so as non-ELF,"[""authorized-secondary-activity""]",egl-window-recreation,unknown,unknown,"Requirements ordered by bounded startup evidence, not proven execution order; grant may expose a successor wall, provider init failure may be tolerated, and EGL needs runtime lifetime tracing.",evidence/fd-seal.json.gz,evidence/observed/fd-seal.json,v2 post-hoc calibration
fd-shatteredpixeldungeon,推进,推进,EGLImpl._nativeClassInit JNI missing,"[""authorized-secondary-activity""]",egl-window-recreation,False,unknown,"Requirements ordered by bounded startup evidence, not proven execution order; grant may expose a successor wall, provider init failure may be tolerated, and EGL needs runtime lifetime tracing.",evidence/fd-shatteredpixeldungeon.json.gz,evidence/observed/fd-shatteredpixeldungeon.json,v2 post-hoc calibration
fd-tasks,不变,不变,AndroidKeyStore not found,"[""boot-conscrypt-fallback (reachability unknown)""]",egl-window-recreation,False,unknown,"Requirements ordered by bounded startup evidence, not proven execution order; grant may expose a successor wall, provider init failure may be tolerated, and EGL needs runtime lifetime tracing.",evidence/fd-tasks.json.gz,evidence/observed/fd-tasks.json,v2 post-hoc calibration
fd-tusky,推进,不变,provider initialization and __open_2,"[""authorized-secondary-activity""]",egl-window-recreation,False,unknown,"Requirements ordered by bounded startup evidence, not proven execution order; grant may expose a successor wall, provider init failure may be tolerated, and EGL needs runtime lifetime tracing.",evidence/fd-tusky.json.gz,evidence/observed/fd-tusky.json,v2 post-hoc calibration
fd-tutanota,不变,不变,WebView provider unavailable,"[""boot-conscrypt-fallback""]",egl-window-recreation,False,unknown,"Requirements ordered by bounded startup evidence, not proven execution order; grant may expose a successor wall, provider init failure may be tolerated, and EGL needs runtime lifetime tracing.",evidence/fd-tutanota.json.gz,evidence/observed/fd-tutanota.json,v2 post-hoc calibration
fd-uhabits,不变,unknown,AssetManager.nativeOpenAssetFd Implement me,"[""authorized-secondary-activity"", ""boot-conscrypt-fallback (reachability unknown)""]",egl-window-recreation,False,unknown,"Requirements ordered by bounded startup evidence, not proven execution order; grant may expose a successor wall, provider init failure may be tolerated, and EGL needs runtime lifetime tracing.",evidence/fd-uhabits.json.gz,evidence/observed/fd-uhabits.json,v2 post-hoc calibration
fd-wifianalyzer,不变,不变,service construction getClass on null,[],egl-window-recreation,False,unknown,"Requirements ordered by bounded startup evidence, not proven execution order; grant may expose a successor wall, provider init failure may be tolerated, and EGL needs runtime lifetime tracing.",evidence/fd-wifianalyzer.json.gz,evidence/observed/fd-wifianalyzer.json,v2 post-hoc calibration
fd-stk,亮,亮,previous own UI,[],egl-window-recreation,False,unknown,"Requirements ordered by bounded startup evidence, not proven execution order; grant may expose a successor wall, provider init failure may be tolerated, and EGL needs runtime lifetime tracing.",evidence/fd-stk.json.gz,evidence/observed/fd-stk.json,v2 post-hoc calibration
fd-mobile,推进,推进,degenerate first frame,"[""boot-conscrypt-fallback (reachability unknown)""]",egl-window-recreation,False,unknown,"Requirements ordered by bounded startup evidence, not proven execution order; grant may expose a successor wall, provider init failure may be tolerated, and EGL needs runtime lifetime tracing.",evidence/fd-mobile.json.gz,evidence/observed/fd-mobile.json,v2 post-hoc calibration
fd-client,不变,不变,SessionMixin accountManager null,"[""boot-conscrypt-fallback"", ""authorized-secondary-activity""]",egl-window-recreation,False,unknown,"Requirements ordered by bounded startup evidence, not proven execution order; grant may expose a successor wall, provider init failure may be tolerated, and EGL needs runtime lifetime tracing.",evidence/fd-client.json.gz,evidence/observed/fd-client.json,v2 post-hoc calibration
fd-binaryeye,不变,不变,CameraX initialization in CameraActivity resume,"[""authorized-secondary-activity"", ""boot-conscrypt-fallback (reachability unknown)""]",egl-window-recreation,False,unknown,"Requirements ordered by bounded startup evidence, not proven execution order; grant may expose a successor wall, provider init failure may be tolerated, and EGL needs runtime lifetime tracing.",evidence/fd-binaryeye.json.gz,evidence/observed/fd-binaryeye.json,v2 post-hoc calibration
toutiao,不变,unknown,batch rejects libcvt.so as non-AArch64 ELF,"[""boot-conscrypt-fallback"", ""authorized-secondary-activity""]",egl-window-recreation,unknown,unknown,"Requirements ordered by bounded startup evidence, not proven execution order; grant may expose a successor wall, provider init failure may be tolerated, and EGL needs runtime lifetime tracing.",evidence/toutiao.json.gz,evidence/observed/toutiao.json,v2 post-hoc calibration
mcdonalds,推进,不变,librealmc cannot resolve liblog,"[""boot-conscrypt-fallback"", ""authorized-secondary-activity""]",egl-window-recreation,False,unknown,"Requirements ordered by bounded startup evidence, not proven execution order; grant may expose a successor wall, provider init failure may be tolerated, and EGL needs runtime lifetime tracing.",evidence/mcdonalds.json.gz,evidence/observed/mcdonalds.json,v2 post-hoc calibration
burgerking,不变,不变,libreactnative __register_atfork unresolved,"[""boot-conscrypt-fallback""]",egl-window-recreation,False,unknown,"Requirements ordered by bounded startup evidence, not proven execution order; grant may expose a successor wall, provider init failure may be tolerated, and EGL needs runtime lifetime tracing.",evidence/burgerking.json.gz,evidence/observed/burgerking.json,v2 post-hoc calibration
subwaysurfers,unknown,unknown,APK identity mismatch,[],egl-window-recreation,unknown,unknown,"Requirements ordered by bounded startup evidence, not proven execution order; grant may expose a successor wall, provider init failure may be tolerated, and EGL needs runtime lifetime tracing.",evidence/subwaysurfers.json.gz,evidence/observed/subwaysurfers.json,v2 post-hoc calibration
firefox,推进,不变,JNA libjnidispatch resource missing,"[""boot-conscrypt-fallback (reachability unknown)""]",egl-window-recreation,False,unknown,"Requirements ordered by bounded startup evidence, not proven execution order; grant may expose a successor wall, provider init failure may be tolerated, and EGL needs runtime lifetime tracing.",evidence/firefox.json.gz,evidence/observed/firefox.json,v2 post-hoc calibration
vlc,推进,unknown,provider initialization,"[""boot-conscrypt-fallback"", ""authorized-secondary-activity""]",egl-window-recreation,False,unknown,"Requirements ordered by bounded startup evidence, not proven execution order; grant may expose a successor wall, provider init failure may be tolerated, and EGL needs runtime lifetime tracing.",evidence/vlc.json.gz,evidence/observed/vlc.json,v2 post-hoc calibration
localsend,推进,不变,libflutter dependency missing,[],egl-window-recreation,False,unknown,"Requirements ordered by bounded startup evidence, not proven execution order; grant may expose a successor wall, provider init failure may be tolerated, and EGL needs runtime lifetime tracing.",evidence/localsend.json.gz,evidence/observed/localsend.json,v2 post-hoc calibration
ppsspp,推进,不变,libppsspp_jni cannot resolve libGLESv2,[],egl-window-recreation,False,unknown,"Requirements ordered by bounded startup evidence, not proven execution order; grant may expose a successor wall, provider init failure may be tolerated, and EGL needs runtime lifetime tracing.",evidence/ppsspp.json.gz,evidence/observed/ppsspp.json,v2 post-hoc calibration
mindustry,推进,不变,libarc cannot resolve libOpenSLES,[],egl-window-recreation,False,unknown,"Requirements ordered by bounded startup evidence, not proven execution order; grant may expose a successor wall, provider init failure may be tolerated, and EGL needs runtime lifetime tracing.",evidence/mindustry.json.gz,evidence/observed/mindustry.json,v2 post-hoc calibration
x,不变,不变,NetworkCapabilities.getLinkUpstreamBandwidthKbps missing,"[""boot-conscrypt-fallback (reachability unknown)""]",egl-window-recreation,False,unknown,"Requirements ordered by bounded startup evidence, not proven execution order; grant may expose a successor wall, provider init failure may be tolerated, and EGL needs runtime lifetime tracing.",evidence/x.json.gz,evidence/observed/x.json,v2 post-hoc calibration
noice,推进,unknown,OhTrustManagerFactorySpi class loading,"[""authorized-secondary-activity""]",egl-window-recreation,True,unknown,"Requirements ordered by bounded startup evidence, not proven execution order; grant may expose a successor wall, provider init failure may be tolerated, and EGL needs runtime lifetime tracing.",evidence/noice.json.gz,evidence/observed/noice.json,v2 post-hoc calibration
