key,shard,baseline_lit,prediction,checkpoint,condition,apk_changed
aegis,C-61b,True,不变,Preserve J3 t20 UI,"Identical APK, clean install, same platform and frozen behavior",False
anki,B-5cd,True,不变,Preserve J3 t20 UI,"Identical APK, clean install, same platform and frozen behavior",False
antennapod,D-fourth,True,不变,Preserve J3 t20 UI,"Identical APK, clean install, same platform and frozen behavior",False
burgerking,B-5cd,False,过墙,N3-namespace,Candidate consumer resolves audited symbols in its actual owner namespace; later APIs/UI unknown,False
fd-AppManager,A-5ea,False,不变,"No explicit first fatal; observation only, no new repair of this wall",N3b retains N2 graphics; do not recount earlier 32df as new. Termux caller and VLC context probes are separate,False
fd-android,D-fourth,True,不变,Preserve J3 t20 UI,"Identical APK, clean install, same platform and frozen behavior",False
fd-api,B-5cd,False,不变,Current first wall remains; no implemented repair in this candidate,"Identical APK, clean install, same platform and frozen behavior",False
fd-app,D-fourth,False,过墙,N3-eglimpl,Candidate consumer resolves audited symbols in its actual owner namespace; later APIs/UI unknown,False
fd-auxio,C-61b,True,不变,Preserve J3 t20 UI,"Identical APK, clean install, same platform and frozen behavior",False
fd-binaryeye,B-5cd,True,不变,Preserve J3 t20 UI,"Identical APK, clean install, same platform and frozen behavior",False
fd-breezyweather,C-61b,False,不变,Current first wall remains; no implemented repair in this candidate,"Identical APK, clean install, same platform and frozen behavior",False
fd-calendar,B-5cd,True,不变,Preserve J3 t20 UI,"Identical APK, clean install, same platform and frozen behavior",False
fd-catima,C-61b,False,不变,Current first wall remains; no implemented repair in this candidate,"Identical APK, clean install, same platform and frozen behavior",False
fd-client,B-5cd,False,不变,Current first wall remains; no implemented repair in this candidate,"Identical APK, clean install, same platform and frozen behavior",False
fd-com-amaze-filemanager,B-5cd,True,不变,Preserve J3 t20 UI,"Identical APK, clean install, same platform and frozen behavior",False
fd-com-kunzisoft-keepass-libre,D-fourth,True,不变,Preserve J3 t20 UI,"Identical APK, clean install, same platform and frozen behavior",False
fd-droidify,C-61b,True,不变,Preserve J3 t20 UI,"Identical APK, clean install, same platform and frozen behavior",False
fd-etar,A-5ea,True,不变,Preserve J3 t20 UI,"Identical APK, clean install, same platform and frozen behavior",False
fd-feeder,A-5ea,False,不变,Current first wall remains; no implemented repair in this candidate,"Identical APK, clean install, same platform and frozen behavior",False
fd-fennec_fdroid,C-61b,False,过墙,N3-jna-symbol,Candidate consumer resolves audited symbols in its actual owner namespace; later APIs/UI unknown,False
fd-filemanager,A-5ea,True,不变,Preserve J3 t20 UI,"Identical APK, clean install, same platform and frozen behavior",False
fd-fitness,C-61b,True,不变,Preserve J3 t20 UI,"Identical APK, clean install, same platform and frozen behavior",False
fd-fluffychat,A-5ea,False,过墙,N3-namespace,Candidate consumer resolves audited symbols in its actual owner namespace; later APIs/UI unknown,False
fd-gallery,C-61b,False,不变,Current first wall remains; no implemented repair in this candidate,"Identical APK, clean install, same platform and frozen behavior",False
fd-im-vector-app,D-fourth,False,不变,Current first wall remains; no implemented repair in this candidate,"Identical APK, clean install, same platform and frozen behavior",False
fd-immich,A-5ea,False,过墙,__system_property_find/read_callback secondary native failure,Earlier unresolved d7.c verifier remains; do not predict first-screen unlock,False
fd-k9,B-5cd,True,不变,Preserve J3 t20 UI,"Identical APK, clean install, same platform and frozen behavior",False
fd-kitchenowl,A-5ea,False,过墙,N3-namespace,Candidate consumer resolves audited symbols in its actual owner namespace; later APIs/UI unknown,False
fd-libre,C-61b,False,过墙,N3-property,Candidate consumer resolves audited symbols in its actual owner namespace; later APIs/UI unknown,False
fd-libretube,C-61b,False,不变,Current first wall remains; no implemented repair in this candidate,"Identical APK, clean install, same platform and frozen behavior",False
fd-meet,C-61b,False,不变,Current first wall remains; no implemented repair in this candidate,"Identical APK, clean install, same platform and frozen behavior",False
fd-minetest,D-fourth,True,不变,Preserve J3 t20 UI,"Identical APK, clean install, same platform and frozen behavior",False
fd-mobile,A-5ea,False,不变,"No explicit first fatal; observation only, no new repair of this wall",N3b retains N2 graphics; do not recount earlier 32df as new. Termux caller and VLC context probes are separate,False
fd-mpv,D-fourth,True,不变,Preserve J3 t20 UI,"Identical APK, clean install, same platform and frozen behavior",False
fd-musicplayer,D-fourth,False,不变,Current first wall remains; no implemented repair in this candidate,"Identical APK, clean install, same platform and frozen behavior",False
fd-netguard,D-fourth,True,不变,Preserve J3 t20 UI,"Identical APK, clean install, same platform and frozen behavior",False
fd-noice,A-5ea,True,不变,Preserve already-lit welcome screen; SSLSockets background wall remains,"Identical APK, clean install, same platform and frozen behavior",False
fd-notes,C-61b,True,不变,Preserve J3 t20 UI,"Identical APK, clean install, same platform and frozen behavior",False
fd-organicmaps,A-5ea,False,过墙,N3-namespace,Candidate consumer resolves audited symbols in its actual owner namespace; later APIs/UI unknown,False
fd-plus,B-5cd,False,不变,Current first wall remains; no implemented repair in this candidate,"Identical APK, clean install, same platform and frozen behavior",False
fd-reader,D-fourth,False,不变,Current first wall remains; no implemented repair in this candidate,"Identical APK, clean install, same platform and frozen behavior",False
fd-saber,B-5cd,False,过墙,N3-property,Candidate consumer resolves audited symbols in its actual owner namespace; later APIs/UI unknown,False
fd-seal,A-5ea,False,过墙,Host input assembly / install attempt (separate input revision),Use input-recovery receipt + exact sidecars; device extractor exceptions still require verification. Not a native/JAR benefit,False
fd-shatteredpixeldungeon,D-fourth,False,过墙,N3-eglimpl,Candidate consumer resolves audited symbols in its actual owner namespace; later APIs/UI unknown,False
fd-stk,C-61b,True,不变,Preserve J3 t20 UI,"Identical APK, clean install, same platform and frozen behavior",False
fd-tasks,D-fourth,True,不变,Preserve J3 t20 UI,"Identical APK, clean install, same platform and frozen behavior",False
fd-tusky,D-fourth,True,不变,Preserve J3 t20 UI,"Identical APK, clean install, same platform and frozen behavior",False
fd-tutanota,B-5cd,False,不变,WebView support remains unavailable in delivered J5 dbce2eee,Exact WebViewUpdateServiceAdapter class absent in J5/boot union; provider APK also missing. Conditional unlock only after Java/native contract + real provider closure are delivered,False
fd-uhabits,B-5cd,False,不变,"No explicit first fatal; observation only, no new repair of this wall",N3b retains N2 graphics; do not recount earlier 32df as new. Termux caller and VLC context probes are separate,False
fd-wifianalyzer,A-5ea,False,不变,Current first wall remains; no implemented repair in this candidate,"Identical APK, clean install, same platform and frozen behavior",False
firefox,D-fourth,False,过墙,N3-jna-symbol,Candidate consumer resolves audited symbols in its actual owner namespace; later APIs/UI unknown,False
localsend,B-5cd,False,过墙,N3-namespace,Candidate consumer resolves audited symbols in its actual owner namespace; later APIs/UI unknown,False
markor,B-5cd,True,不变,Preserve J3 t20 UI,"Identical APK, clean install, same platform and frozen behavior",False
mcdonalds,C-61b,False,过墙,N3-namespace,Candidate consumer resolves audited symbols in its actual owner namespace; later APIs/UI unknown,False
mindustry,D-fourth,False,过墙,N3-opensles,Candidate consumer resolves audited symbols in its actual owner namespace; later APIs/UI unknown,False
newpipe,C-61b,True,过墙,PlayerService: Platform signature not found,Already lit; J5 retains J4 platform signature. Do not count another light or promise playback,False
noice,A-5ea,False,解锁,MediaRouter.registerClientAsUser; conditional first-page candidate,J5 retains J4 media_router implementation; later TLS/SSLSockets may still fail,False
ooniprobe,D-fourth,True,不变,Preserve J3 t20 UI,"Identical APK, clean install, same platform and frozen behavior",False
opencamera,B-5cd,False,不变,Current first wall remains; no implemented repair in this candidate,"Identical APK, clean install, same platform and frozen behavior",False
ppsspp,A-5ea,False,过墙,N3-namespace,Candidate consumer resolves audited symbols in its actual owner namespace; later APIs/UI unknown,False
subwaysurfers,B-5cd,False,过墙,Host input assembly / install attempt (separate input revision),Use input-recovery receipt + exact sidecars; device extractor exceptions still require verification. Not a native/JAR benefit,True
termux,A-5ea,False,不变,"No explicit first fatal; observation only, no new repair of this wall",N3b retains N2 graphics; do not recount earlier 32df as new. Termux caller and VLC context probes are separate,False
toutiao,C-61b,False,过墙,Host input assembly / install attempt (separate input revision),Use input-recovery receipt + exact sidecars; device extractor exceptions still require verification. Not a native/JAR benefit,False
vlc,B-5cd,False,过墙,Secondary libGLESv2 visibility only,Onboarding/Transparent Context mismatch remains; no theme repair included,False
wikipedia,A-5ea,False,不变,Current first wall remains; no implemented repair in this candidate,"Identical APK, clean install, same platform and frozen behavior",False
x,A-5ea,False,不变,Current first wall remains; no implemented repair in this candidate,"Identical APK, clean install, same platform and frozen behavior",False
