profile,wall,stub_ok,needs_real,startup_affected_apps,startup_apps,full_reference_apps,apps,copy_source,meaning
6cb40cd6+r8b,service:location,True,False,10,"[""burgerking"",""fd-android"",""fd-catima"",""fd-etar"",""fd-fennec_fdroid"",""fd-k9"",""fd-minetest"",""fd-mobile"",""noice"",""opencamera""]",14,"[""burgerking"",""fd-android"",""fd-binaryeye"",""fd-catima"",""fd-etar"",""fd-fennec_fdroid"",""fd-fluffychat"",""fd-immich"",""fd-k9"",""fd-libre"",""fd-minetest"",""fd-mobile"",""noice"",""opencamera""]",/Users/zhaoyue/orca/workspaces/westlake-harness/benchmark/2026-09-29-westlake-port/INVENTORY.md:21,"Startup count is static potential paths, not observed execution; unknowns deferred. Full-reference count includes off-path/unresolved references."
v3-74d1d6d4+r8b,service:location,True,False,10,"[""burgerking"",""fd-android"",""fd-catima"",""fd-etar"",""fd-fennec_fdroid"",""fd-k9"",""fd-minetest"",""fd-mobile"",""noice"",""opencamera""]",14,"[""burgerking"",""fd-android"",""fd-binaryeye"",""fd-catima"",""fd-etar"",""fd-fennec_fdroid"",""fd-fluffychat"",""fd-immich"",""fd-k9"",""fd-libre"",""fd-minetest"",""fd-mobile"",""noice"",""opencamera""]",/Users/zhaoyue/orca/workspaces/westlake-harness/benchmark/2026-09-29-westlake-port/INVENTORY.md:21,"Startup count is static potential paths, not observed execution; unknowns deferred. Full-reference count includes off-path/unresolved references."
6cb40cd6+r8b,service:jobscheduler,True,False,8,"[""fd-android"",""fd-catima"",""fd-fennec_fdroid"",""fd-immich"",""fd-k9"",""fd-libre"",""fd-mobile"",""noice""]",15,"[""burgerking"",""fd-android"",""fd-catima"",""fd-etar"",""fd-fennec_fdroid"",""fd-immich"",""fd-k9"",""fd-kitchenowl"",""fd-libre"",""fd-minetest"",""fd-mobile"",""fd-saber"",""noice"",""ooniprobe"",""opencamera""]",两边都没有: no verified implementation located in pinned inventory,"Startup count is static potential paths, not observed execution; unknowns deferred. Full-reference count includes off-path/unresolved references."
v3-74d1d6d4+r8b,service:jobscheduler,True,False,8,"[""fd-android"",""fd-catima"",""fd-fennec_fdroid"",""fd-immich"",""fd-k9"",""fd-libre"",""fd-mobile"",""noice""]",15,"[""burgerking"",""fd-android"",""fd-catima"",""fd-etar"",""fd-fennec_fdroid"",""fd-immich"",""fd-k9"",""fd-kitchenowl"",""fd-libre"",""fd-minetest"",""fd-mobile"",""fd-saber"",""noice"",""ooniprobe"",""opencamera""]",两边都没有: no verified implementation located in pinned inventory,"Startup count is static potential paths, not observed execution; unknowns deferred. Full-reference count includes off-path/unresolved references."
6cb40cd6+r8b,service:notification,True,False,7,"[""fd-android"",""fd-catima"",""fd-etar"",""fd-k9"",""fd-minetest"",""noice"",""opencamera""]",18,"[""burgerking"",""fd-android"",""fd-binaryeye"",""fd-catima"",""fd-etar"",""fd-fennec_fdroid"",""fd-fluffychat"",""fd-immich"",""fd-k9"",""fd-kitchenowl"",""fd-libre"",""fd-minetest"",""fd-mobile"",""fd-saber"",""localsend"",""noice"",""ooniprobe"",""opencamera""]",两边都没有: no verified implementation located in pinned inventory,"Startup count is static potential paths, not observed execution; unknowns deferred. Full-reference count includes off-path/unresolved references."
v3-74d1d6d4+r8b,service:notification,True,False,7,"[""fd-android"",""fd-catima"",""fd-etar"",""fd-k9"",""fd-minetest"",""noice"",""opencamera""]",18,"[""burgerking"",""fd-android"",""fd-binaryeye"",""fd-catima"",""fd-etar"",""fd-fennec_fdroid"",""fd-fluffychat"",""fd-immich"",""fd-k9"",""fd-kitchenowl"",""fd-libre"",""fd-minetest"",""fd-mobile"",""fd-saber"",""localsend"",""noice"",""ooniprobe"",""opencamera""]",两边都没有: no verified implementation located in pinned inventory,"Startup count is static potential paths, not observed execution; unknowns deferred. Full-reference count includes off-path/unresolved references."
6cb40cd6+r8b,service:connectivity,True,False,7,"[""burgerking"",""fd-android"",""fd-etar"",""fd-fennec_fdroid"",""fd-immich"",""fd-k9"",""noice""]",14,"[""burgerking"",""fd-android"",""fd-etar"",""fd-fennec_fdroid"",""fd-fluffychat"",""fd-immich"",""fd-k9"",""fd-libre"",""fd-mobile"",""fd-saber"",""localsend"",""mindustry"",""noice"",""ooniprobe""]",/Users/zhaoyue/orca/workspaces/westlake-harness/benchmark/2026-09-29-westlake-port/INVENTORY.md:19,"Startup count is static potential paths, not observed execution; unknowns deferred. Full-reference count includes off-path/unresolved references."
v3-74d1d6d4+r8b,service:connectivity,True,False,7,"[""burgerking"",""fd-android"",""fd-etar"",""fd-fennec_fdroid"",""fd-immich"",""fd-k9"",""noice""]",14,"[""burgerking"",""fd-android"",""fd-etar"",""fd-fennec_fdroid"",""fd-fluffychat"",""fd-immich"",""fd-k9"",""fd-libre"",""fd-mobile"",""fd-saber"",""localsend"",""mindustry"",""noice"",""ooniprobe""]",/Users/zhaoyue/orca/workspaces/westlake-harness/benchmark/2026-09-29-westlake-port/INVENTORY.md:19,"Startup count is static potential paths, not observed execution; unknowns deferred. Full-reference count includes off-path/unresolved references."
6cb40cd6+r8b,activity-theme,False,True,12,"[""burgerking"",""fd-android"",""fd-catima"",""fd-etar"",""fd-fennec_fdroid"",""fd-immich"",""fd-k9"",""fd-libre"",""fd-minetest"",""fd-mobile"",""noice"",""opencamera""]",18,"[""burgerking"",""fd-android"",""fd-binaryeye"",""fd-catima"",""fd-etar"",""fd-fennec_fdroid"",""fd-fluffychat"",""fd-immich"",""fd-k9"",""fd-kitchenowl"",""fd-libre"",""fd-minetest"",""fd-mobile"",""fd-saber"",""localsend"",""noice"",""ooniprobe"",""opencamera""]",/Users/zhaoyue/orca/00.Workspace/src/adapter/framework/activity/java/ManifestComponentProjection.java,"Startup count is static potential paths, not observed execution; unknowns deferred. Full-reference count includes off-path/unresolved references."
v3-74d1d6d4+r8b,activity-theme,False,True,12,"[""burgerking"",""fd-android"",""fd-catima"",""fd-etar"",""fd-fennec_fdroid"",""fd-immich"",""fd-k9"",""fd-libre"",""fd-minetest"",""fd-mobile"",""noice"",""opencamera""]",18,"[""burgerking"",""fd-android"",""fd-binaryeye"",""fd-catima"",""fd-etar"",""fd-fennec_fdroid"",""fd-fluffychat"",""fd-immich"",""fd-k9"",""fd-kitchenowl"",""fd-libre"",""fd-minetest"",""fd-mobile"",""fd-saber"",""localsend"",""noice"",""ooniprobe"",""opencamera""]",/Users/zhaoyue/orca/00.Workspace/src/adapter/framework/activity/java/ManifestComponentProjection.java,"Startup count is static potential paths, not observed execution; unknowns deferred. Full-reference count includes off-path/unresolved references."
6cb40cd6+r8b,sqlite-jni,False,True,8,"[""fd-android"",""fd-binaryeye"",""fd-catima"",""fd-immich"",""fd-k9"",""fd-libre"",""fd-mobile"",""ooniprobe""]",17,"[""burgerking"",""fd-android"",""fd-binaryeye"",""fd-catima"",""fd-etar"",""fd-fennec_fdroid"",""fd-fluffychat"",""fd-immich"",""fd-k9"",""fd-kitchenowl"",""fd-libre"",""fd-minetest"",""fd-mobile"",""fd-saber"",""noice"",""ooniprobe"",""opencamera""]",/Users/zhaoyue/orca/00.Workspace/src/adapter/framework/android-runtime/src/android_database_SQLiteConnection.cpp:905,"Startup count is static potential paths, not observed execution; unknowns deferred. Full-reference count includes off-path/unresolved references."
