key,background_permission,old_background_permission,apk_same,old_launcher,new_launcher,t20_path,screenshot_review
wikipedia,granted,absent,True,org.wikipedia.DefaultIcon,org.wikipedia.DefaultIcon,/Users/zhaoyue/orca/workspaces/westlake-harness-bms-deploy/benchmark/2026-09-30-installer-61b-ab/runs/installer-r17p-61b/61b0657200000000000000000324012c/wikipedia/t20.jpeg,pending_outer_review
aegis,granted,absent,True,com.beemdevelopment.aegis.ui.MainActivity,com.beemdevelopment.aegis.ui.MainActivity,/Users/zhaoyue/orca/workspaces/westlake-harness-bms-deploy/benchmark/2026-09-30-installer-61b-ab/runs/installer-r17p-61b/61b0657200000000000000000324012c/aegis/t20.jpeg,pending_outer_review
fd-AppManager,granted,absent,True,io.github.muntashirakon.AppManager.main.SplashActivity,io.github.muntashirakon.AppManager.main.SplashActivity,/Users/zhaoyue/orca/workspaces/westlake-harness-bms-deploy/benchmark/2026-09-30-installer-61b-ab/runs/installer-r17p-61b/61b0657200000000000000000324012c/fd-AppManager/t20.jpeg,pending_outer_review
fd-noice,granted,absent,True,com.github.ashutoshgngwr.noice.activity.MainActivity,com.github.ashutoshgngwr.noice.activity.MainActivity,/Users/zhaoyue/orca/workspaces/westlake-harness-bms-deploy/benchmark/2026-09-30-installer-61b-ab/runs/installer-r17p-61b/61b0657200000000000000000324012c/fd-noice/t20.jpeg,pending_outer_review
markor,granted,absent,True,net.gsantner.markor.activity.MainActivity,net.gsantner.markor.activity.MainActivity,/Users/zhaoyue/orca/workspaces/westlake-harness-bms-deploy/benchmark/2026-09-30-installer-61b-ab/runs/installer-r17p-61b-resume/61b0657200000000000000000324012c/markor/t20.jpeg,pending_outer_review
fd-android,granted,absent,True,net.thunderbird.app.common.MainActivity,net.thunderbird.app.common.MainActivity,/Users/zhaoyue/orca/workspaces/westlake-harness-bms-deploy/benchmark/2026-09-30-installer-61b-ab/runs/installer-r17p-61b-resume/61b0657200000000000000000324012c/fd-android/t20.jpeg,pending_outer_review
fd-filemanager,granted,absent,True,org.fossify.filemanager.activities.SplashActivity.Green,org.fossify.filemanager.activities.SplashActivity.Green,/Users/zhaoyue/orca/workspaces/westlake-harness-bms-deploy/benchmark/2026-09-30-installer-61b-ab/runs/installer-r17p-61b-resume/61b0657200000000000000000324012c/fd-filemanager/t20.jpeg,pending_outer_review
fd-gallery,granted,absent,True,org.fossify.gallery.activities.SplashActivity.Green,org.fossify.gallery.activities.SplashActivity.Green,/Users/zhaoyue/orca/workspaces/westlake-harness-bms-deploy/benchmark/2026-09-30-installer-61b-ab/runs/installer-r17p-61b-resume/61b0657200000000000000000324012c/fd-gallery/t20.jpeg,pending_outer_review
fd-k9,granted,absent,True,net.thunderbird.app.common.MainActivity,net.thunderbird.app.common.MainActivity,/Users/zhaoyue/orca/workspaces/westlake-harness-bms-deploy/benchmark/2026-09-30-installer-61b-ab/runs/installer-r17p-61b-resume/61b0657200000000000000000324012c/fd-k9/t20.jpeg,pending_outer_review
fd-shatteredpixeldungeon,granted,absent,True,com.shatteredpixel.shatteredpixeldungeon.android.AndroidLauncher,com.shatteredpixel.shatteredpixeldungeon.android.AndroidLauncher,/Users/zhaoyue/orca/workspaces/westlake-harness-bms-deploy/benchmark/2026-09-30-installer-61b-ab/runs/installer-r17p-61b-resume/61b0657200000000000000000324012c/fd-shatteredpixeldungeon/t20.jpeg,pending_outer_review
fd-tusky,granted,absent,True,com.keylesspalace.tusky.MainActivity,com.keylesspalace.tusky.MainActivity,/Users/zhaoyue/orca/workspaces/westlake-harness-bms-deploy/benchmark/2026-09-30-installer-61b-ab/runs/installer-r17p-61b-resume/61b0657200000000000000000324012c/fd-tusky/t20.jpeg,pending_outer_review
fd-binaryeye,granted,absent,True,de.markusfisch.android.binaryeye.activity.SplashActivity,de.markusfisch.android.binaryeye.activity.SplashActivity,/Users/zhaoyue/orca/workspaces/westlake-harness-bms-deploy/benchmark/2026-09-30-installer-61b-ab/runs/installer-r17p-61b-resume/61b0657200000000000000000324012c/fd-binaryeye/t20.jpeg,pending_outer_review
vlc,granted,absent,True,org.videolan.vlc.StartActivity,org.videolan.vlc.StartActivity,/Users/zhaoyue/orca/workspaces/westlake-harness-bms-deploy/benchmark/2026-09-30-installer-61b-ab/runs/installer-r17p-61b-resume/61b0657200000000000000000324012c/vlc/t20.jpeg,pending_outer_review
noice,granted,absent,True,com.github.ashutoshgngwr.noice.activity.MainActivity,com.github.ashutoshgngwr.noice.activity.MainActivity,/Users/zhaoyue/orca/workspaces/westlake-harness-bms-deploy/benchmark/2026-09-30-installer-61b-ab/runs/installer-r17p-61b-resume/61b0657200000000000000000324012c/noice/t20.jpeg,pending_outer_review
antennapod,granted,absent,True,de.danoeh.antennapod.activity.SplashActivity,de.danoeh.antennapod.activity.SplashActivity,/Users/zhaoyue/orca/workspaces/westlake-harness-bms-deploy/benchmark/2026-09-30-installer-61b-ab/runs/installer-r17p-61b/61b0657200000000000000000324012c/antennapod/t20.jpeg,pending_outer_review
fd-fitness,granted,absent,True,de.tadris.fitness.ui.MainActivity,de.tadris.fitness.ui.MainActivity,/Users/zhaoyue/orca/workspaces/westlake-harness-bms-deploy/benchmark/2026-09-30-installer-61b-ab/runs/installer-r17p-61b-resume/61b0657200000000000000000324012c/fd-fitness/t20.jpeg,pending_outer_review
helloworld,granted,unknown,,,com.example.helloworld.MainActivity,/Users/zhaoyue/orca/workspaces/westlake-harness-bms-deploy/benchmark/2026-09-30-installer-61b-ab/runs/installer-r17p-61b/61b0657200000000000000000324012c/helloworld/t20.jpeg,pending_outer_review
