key,prediction,evidence,ui_claim
wikipedia,background_request_granted_WMS_denial_removed,61b_r17p_trace,UI remains human_review; other walls may persist
aegis,background_request_granted_WMS_denial_removed,61b_r17p_trace,UI remains human_review; other walls may persist
fd-AppManager,background_request_granted_WMS_denial_removed,61b_r17p_trace,UI remains human_review; other walls may persist
fd-noice,background_request_granted_WMS_denial_removed,61b_r17p_trace,UI remains human_review; other walls may persist
markor,background_request_granted_WMS_denial_removed,61b_r17p_trace,UI remains human_review; other walls may persist
fd-android,background_request_granted_WMS_denial_removed,61b_r17p_trace,UI remains human_review; other walls may persist
fd-filemanager,background_request_granted_WMS_denial_removed,61b_r17p_trace,UI remains human_review; other walls may persist
fd-gallery,background_request_granted_WMS_denial_removed,61b_r17p_trace,UI remains human_review; other walls may persist
fd-k9,background_request_granted_WMS_denial_removed,61b_r17p_trace,UI remains human_review; other walls may persist
fd-shatteredpixeldungeon,background_request_granted_WMS_denial_removed,61b_r17p_trace,UI remains human_review; other walls may persist
fd-tusky,background_request_granted_WMS_denial_removed,61b_r17p_trace,UI remains human_review; other walls may persist
fd-binaryeye,background_request_granted_WMS_denial_removed,61b_r17p_trace,UI remains human_review; other walls may persist
vlc,background_request_granted_WMS_denial_removed,61b_r17p_trace,UI remains human_review; other walls may persist
noice,background_request_granted_WMS_denial_removed,61b_r17p_trace,UI remains human_review; other walls may persist
antennapod,control_observation,outer_dispatch,UI remains human_review; other walls may persist
fd-fitness,control_observation,outer_dispatch,UI remains human_review; other walls may persist
helloworld,control_observation,outer_dispatch,UI remains human_review; other walls may persist
