app,apk_sha256,package,observed_profile,next_profile,prior_static_identity,visual,visual_evidence,captured,shot_records,alive_t5,alive_t10,alive_t20,t5_processes,record,raw_triage_class,raw_triage_fatal,next_first_wall_candidate,stub_ok,needs_real,diagnostic_unknowns,prior_latent_static_order,prior_static_status,network_may_directly_light,network_outcome,prediction_basis,r16_status,unknown_reason,new_static_candidates,new_static_startup,new_static_coverage,candidate_wall_order,observed_wall_order
wikipedia,eba82a0f77940d8a6be5bd2e53723675a59859a6c8a51be5e50bd034fc77101f,org.wikipedia,v3a+r15c be7731a4 on 5cd before network rollout,"r16 plus dual-layer networking, pending verification",exact,not-adjudicated,unknown,2,2,False,False,null,[],evidence/records/wikipedia/record.json,unclassified,09-29 18:36:25.789  2176  2176 E C00f00/AppSpawnXInit: Caused by: java.lang.NullPointerException: Attempt to invoke virtual method 'java.lang.Class java.lang.Object.getClass()' on a null object reference,jobscheduler-startup,"[""jobscheduler-startup""]",[],"[""connectivity-interface-warning""]","[""sharedpreferences-null"",""window-type-flags"",""native-bionic-header"",""in-app-bindservice"",""velocitytracker-jni""]",retained as latent r13 risk; not confirmed unresolved on r15c,False,not-proven-network-only,r15c observed requirements plus outcome-informed static latent candidates; latent order is not execution order,not-tested,,"[""jobscheduler-startup"",""shortcutmanager"",""common-event-jni"",""app-native-loader""]","[""jobscheduler-startup"",""shortcutmanager"",""common-event-jni""]",exact-APK,"[""jobscheduler-startup"",""shortcutmanager"",""common-event-jni"",""app-native-loader"",""sharedpreferences-null"",""window-type-flags"",""native-bionic-header"",""in-app-bindservice"",""velocitytracker-jni""]","[""jobscheduler-startup""]"
termux,e6265a57eb5ca363808488e3b01955958bed93bc0c8a0d281849b363b11027ec,com.termux,v3a+r15c be7731a4 on 5cd before network rollout,"r16 plus dual-layer networking, pending verification",exact,not-adjudicated,unknown,2,2,False,False,null,[],evidence/records/termux/record.json,unclassified,"09-29 18:37:04.153  3502  3502 E C00f00/AppSpawnXInit: Caused by: java.lang.UnsatisfiedLinkError: No implementation found for int adapter.activity.ActivityManagerAdapter.nativeSubscribeCommonEvent(int, java.lang.String[], int, java.lang.Str",common-event-jni,[],"[""common-event-jni""]","[""connectivity-interface-warning""]","[""window-type-flags"",""in-app-bindservice"",""native-bionic-header"",""velocitytracker-jni"",""sharedpreferences-null""]",retained as latent r13 risk; not confirmed unresolved on r15c,False,not-proven-network-only,r15c observed requirements plus outcome-informed static latent candidates; latent order is not execution order,not-tested,,"[""common-event-jni"",""app-native-loader""]","[""common-event-jni""]",exact-APK,"[""common-event-jni"",""app-native-loader"",""window-type-flags"",""in-app-bindservice"",""native-bionic-header"",""velocitytracker-jni"",""sharedpreferences-null""]","[""common-event-jni""]"
ooniprobe,7a5bc50be59ad5ed7526dd510a2128a6dc92ba08bd272e3645622783ba91a319,org.openobservatory.ooniprobe,v3a+r15c be7731a4 on 5cd before network rollout,"r16 plus dual-layer networking, pending verification",exact,not-adjudicated,unknown,2,2,False,False,null,[],evidence/records/ooniprobe/record.json,jobscheduler,"09-29 18:37:40.229  4581  4581 E C00f00/AppSpawnXInit: Caused by: java.lang.IllegalStateException: WorkManager is not initialized properly.  You have explicitly disabled WorkManagerInitializer in your manifest, have not manually called Work",unknown,[],[],"[""connectivity-interface-warning""]","[""native-bionic-header"",""sharedpreferences-null"",""window-type-flags"",""velocitytracker-jni""]",retained as latent r13 risk; not confirmed unresolved on r15c,False,not-proven-network-only,r15c observed requirements plus outcome-informed static latent candidates; latent order is not execution order,not-tested,,"[""common-event-jni"",""jna-native-resource"",""jobscheduler-startup"",""app-native-loader""]","[""common-event-jni"",""jna-native-resource""]",exact-APK,"[""common-event-jni"",""jna-native-resource"",""jobscheduler-startup"",""app-native-loader"",""native-bionic-header"",""sharedpreferences-null"",""window-type-flags"",""velocitytracker-jni""]",[]
antennapod,3f43a4337a693cdb49141afe06cb596e88c796009ed77bff51e9444ce2d1ebfc,de.danoeh.antennapod,v3a+r15c be7731a4 on 5cd before network rollout,"r16 plus dual-layer networking, pending verification",exact,not-adjudicated,unknown,2,2,False,False,null,[],evidence/records/antennapod/record.json,prefs-npe,"09-29 18:38:22.331  5864  5864 I C00f00/AppSpawnXJava: [stderr] java.lang.NullPointerException: Attempt to invoke interface method 'java.lang.String android.content.SharedPreferences.getString(java.lang.String, java.lang.String)' on a null ",jobscheduler-startup,"[""jobscheduler-startup""]","[""sharedpreferences-null""]","[""connectivity-interface-warning""]","[""in-app-bindservice"",""sharedpreferences-null"",""window-type-flags"",""native-bionic-header"",""velocitytracker-jni""]",retained as latent r13 risk; not confirmed unresolved on r15c,False,not-proven-network-only,r15c observed requirements plus outcome-informed static latent candidates; latent order is not execution order,not-tested,,"[""jobscheduler-startup"",""shortcutmanager"",""app-native-loader"",""common-event-jni""]","[""jobscheduler-startup""]",exact-APK,"[""jobscheduler-startup"",""sharedpreferences-null"",""shortcutmanager"",""app-native-loader"",""common-event-jni"",""in-app-bindservice"",""window-type-flags"",""native-bionic-header"",""velocitytracker-jni""]","[""jobscheduler-startup"",""sharedpreferences-null""]"
aegis,0eecec45de0da3ff1358004b51e2960d9178551643a6ed44f6496ea9ec999c19,com.beemdevelopment.aegis,v3a+r15c be7731a4 on 5cd before network rollout,"r16 plus dual-layer networking, pending verification",exact,own-ui,/Users/zhaoyue/orca/workspaces/westlake-harness/.octos/boards/app-lighting.md:1591,2,2,True,True,null,"[{""line"":332,""pid"":7060,""ppid"":5168,""uid"":20010173,""name"":""appspawn-x""}]",evidence/records/aegis/record.json,unclassified,09-29 18:39:01.684  7060  7116 W C03f07/MUSL-LDSO: dlopen_impl load library header failed for /system/lib64/libGLESv3.so,none-observed-blocking,[],[],"[""connectivity-interface-warning""]","[""window-type-flags"",""velocitytracker-jni"",""sharedpreferences-null"",""native-bionic-header"",""in-app-bindservice""]",retained as latent r13 risk; not confirmed unresolved on r15c,False,not-proven-network-only,r15c observed requirements plus outcome-informed static latent candidates; latent order is not execution order,not-tested,,"[""shortcutmanager"",""common-event-jni"",""app-native-loader""]","[""shortcutmanager"",""common-event-jni""]",exact-APK,"[""shortcutmanager"",""common-event-jni"",""app-native-loader"",""window-type-flags"",""velocitytracker-jni"",""sharedpreferences-null"",""native-bionic-header"",""in-app-bindservice""]",[]
fd-AppManager,e1f6ba10812c74016ad626e11e27a1ae450aec2c0964a11466abb9e7a9c8ef84,io.github.muntashirakon.AppManager,v3a+r15c be7731a4 on 5cd before network rollout,"r16 plus dual-layer networking, pending verification",exact,own-ui,/Users/zhaoyue/orca/workspaces/westlake-harness/.octos/boards/app-lighting.md:1591,2,2,True,True,null,"[{""line"":334,""pid"":8190,""ppid"":5168,""uid"":20010174,""name"":""appspawn-x""}]",evidence/records/fd-AppManager/record.json,unclassified,09-29 18:39:38.528  8190  8264 W C03f07/MUSL-LDSO: dlopen_impl load library header failed for /system/lib64/libGLESv3.so,none-observed-blocking,[],[],"[""connectivity-interface-warning""]","[""sharedpreferences-null"",""window-type-flags"",""native-bionic-header"",""in-app-bindservice"",""velocitytracker-jni""]",retained as latent r13 risk; not confirmed unresolved on r15c,False,not-proven-network-only,r15c observed requirements plus outcome-informed static latent candidates; latent order is not execution order,not-tested,,"[""common-event-jni"",""jobscheduler-startup"",""shortcutmanager"",""app-native-loader""]","[""common-event-jni""]",exact-APK,"[""common-event-jni"",""jobscheduler-startup"",""shortcutmanager"",""app-native-loader"",""sharedpreferences-null"",""window-type-flags"",""native-bionic-header"",""in-app-bindservice"",""velocitytracker-jni""]",[]
fd-auxio,c2053d36c28dbe74de40eadcd8978ec874c465ed3352bba655d4b2b364780b45,org.oxycblt.auxio,v3a+r15c be7731a4 on 5cd before network rollout,"r16 plus dual-layer networking, pending verification",exact,not-adjudicated,unknown,2,2,False,False,null,[],evidence/records/fd-auxio/record.json,velocitytracker,09-29 18:40:20.210  9486  9486 E C00f00/AppSpawnXInit: Caused by: java.lang.UnsatisfiedLinkError: No implementation found for long android.view.VelocityTracker.nativeInitialize(int) (tried Java_android_view_VelocityTracker_nativeInitialize ,shortcutmanager,"[""shortcutmanager""]","[""velocitytracker-jni""]","[""connectivity-interface-warning""]","[""sharedpreferences-null"",""window-type-flags"",""native-bionic-header"",""velocitytracker-jni""]",retained as latent r13 risk; not confirmed unresolved on r15c,False,not-proven-network-only,r15c observed requirements plus outcome-informed static latent candidates; latent order is not execution order,not-tested,,"[""shortcutmanager"",""common-event-jni"",""app-native-loader""]","[""shortcutmanager"",""common-event-jni""]",exact-APK,"[""shortcutmanager"",""velocitytracker-jni"",""common-event-jni"",""app-native-loader"",""sharedpreferences-null"",""window-type-flags"",""native-bionic-header""]","[""shortcutmanager"",""velocitytracker-jni""]"
fd-com-amaze-filemanager,35e0338dac1bf026f22d91e1b096c1c6eff1424ad7d6be52a7f8d3fe50987530,com.amaze.filemanager,v3a+r15c be7731a4 on 5cd before network rollout,"r16 plus dual-layer networking, pending verification",exact,not-adjudicated,unknown,2,2,False,False,null,[],evidence/records/fd-com-amaze-filemanager/record.json,multidex,09-29 18:41:02.181 10742 10742 E C00f00/AppSpawnXInit: Caused by: java.lang.NoClassDefFoundError: com.amaze.filemanager.application.AppConfig,unknown,[],[],"[""connectivity-interface-warning"",""application-init""]","[""window-type-flags"",""in-app-bindservice"",""velocitytracker-jni"",""sharedpreferences-null"",""native-bionic-header""]",retained as latent r13 risk; not confirmed unresolved on r15c,False,not-proven-network-only,r15c observed requirements plus outcome-informed static latent candidates; latent order is not execution order,not-tested,,"[""jobscheduler-startup"",""common-event-jni"",""shortcutmanager"",""app-native-loader""]","[""jobscheduler-startup"",""common-event-jni""]",exact-APK,"[""jobscheduler-startup"",""common-event-jni"",""shortcutmanager"",""app-native-loader"",""window-type-flags"",""in-app-bindservice"",""velocitytracker-jni"",""sharedpreferences-null"",""native-bionic-header""]",[]
fd-com-kunzisoft-keepass-libre,862f87a30baef06181f049adf7c460611605b25a807eaf3c25841a9dd84bed9e,com.kunzisoft.keepass.libre,v3a+r15c be7731a4 on 5cd before network rollout,"r16 plus dual-layer networking, pending verification",exact,not-adjudicated,unknown,2,2,False,False,null,[],evidence/records/fd-com-kunzisoft-keepass-libre/record.json,unclassified,"09-29 18:41:38.188 11825 11825 I C00f00/AppSpawnXJava: [stderr] java.lang.UnsatisfiedLinkError: No implementation found for int adapter.activity.ActivityManagerAdapter.nativeSubscribeCommonEvent(int, java.lang.String[], int, java.lang.Strin",common-event-jni,[],"[""common-event-jni""]","[""connectivity-interface-warning""]","[""window-type-flags"",""sharedpreferences-null"",""native-bionic-header"",""in-app-bindservice"",""velocitytracker-jni""]",retained as latent r13 risk; not confirmed unresolved on r15c,False,not-proven-network-only,r15c observed requirements plus outcome-informed static latent candidates; latent order is not execution order,not-tested,,"[""common-event-jni"",""jobscheduler-startup"",""shortcutmanager"",""app-native-loader""]","[""common-event-jni""]",exact-APK,"[""common-event-jni"",""jobscheduler-startup"",""shortcutmanager"",""app-native-loader"",""window-type-flags"",""sharedpreferences-null"",""native-bionic-header"",""in-app-bindservice"",""velocitytracker-jni""]","[""common-event-jni""]"
fd-droidify,da3070f3f18bdbed1eab666677afd39e4b19a60c70f0bfca68a5730147f81f10,com.looker.droidify,v3a+r15c be7731a4 on 5cd before network rollout,"r16 plus dual-layer networking, pending verification",exact,own-ui,/Users/zhaoyue/orca/workspaces/westlake-harness/.octos/boards/app-lighting.md:1591,2,2,True,True,null,"[{""line"":335,""pid"":13092,""ppid"":5168,""uid"":20010178,""name"":""appspawn-x""}]",evidence/records/fd-droidify/record.json,unclassified,09-29 18:42:20.974 13092 13156 W C03f07/MUSL-LDSO: dlopen_impl load library header failed for /system/lib64/libGLESv3.so,none-observed-blocking,[],[],"[""connectivity-interface-warning""]","[""window-type-flags"",""sharedpreferences-null"",""native-bionic-header"",""in-app-bindservice"",""velocitytracker-jni""]",retained as latent r13 risk; not confirmed unresolved on r15c,False,not-proven-network-only,r15c observed requirements plus outcome-informed static latent candidates; latent order is not execution order,not-tested,,"[""jobscheduler-startup"",""common-event-jni"",""app-native-loader""]","[""jobscheduler-startup"",""common-event-jni""]",exact-APK,"[""jobscheduler-startup"",""common-event-jni"",""app-native-loader"",""window-type-flags"",""sharedpreferences-null"",""native-bionic-header"",""in-app-bindservice"",""velocitytracker-jni""]",[]
fd-fitness,e1708c7c4256748a5825e3f898a6898dac8a0988f6499c78d63ea48bbf8f352b,de.tadris.fitness,v3a+r15c be7731a4 on 5cd before network rollout,"r16 plus dual-layer networking, pending verification",exact,crash-dialog,/Users/zhaoyue/orca/workspaces/westlake-harness/.octos/boards/app-lighting.md:1591,2,2,True,True,null,"[{""line"":335,""pid"":14427,""ppid"":5168,""uid"":20010179,""name"":""appspawn-x""}]",evidence/records/fd-fitness/record.json,unclassified,09-29 18:43:04.788 14427 14480 W C03f07/MUSL-LDSO: dlopen_impl load library header failed for /system/lib64/libGLESv3.so,jobscheduler-startup,"[""jobscheduler-startup""]",[],"[""connectivity-interface-warning""]","[""sharedpreferences-null"",""window-type-flags"",""in-app-bindservice"",""native-bionic-header"",""velocitytracker-jni""]",retained as latent r13 risk; not confirmed unresolved on r15c,False,not-proven-network-only,r15c observed requirements plus outcome-informed static latent candidates; latent order is not execution order,not-tested,,"[""jobscheduler-startup"",""common-event-jni"",""shortcutmanager"",""app-native-loader""]","[""jobscheduler-startup"",""common-event-jni""]",exact-APK,"[""jobscheduler-startup"",""common-event-jni"",""shortcutmanager"",""app-native-loader"",""sharedpreferences-null"",""window-type-flags"",""in-app-bindservice"",""native-bionic-header"",""velocitytracker-jni""]","[""jobscheduler-startup""]"
fd-netguard,158b4308da0006298d22ed557adbff24b282fddeb1bc0b3468829a60f405a8c4,eu.faircode.netguard,v3a+r15c be7731a4 on 5cd before network rollout,"r16 plus dual-layer networking, pending verification",exact,not-adjudicated,unknown,2,2,False,False,null,[],evidence/records/fd-netguard/record.json,musl-reloc,09-29 18:43:39.841 15559 15559 W C03f07/MUSL-LDSO: relocating failed: symbol not found. dso=/data/app/el1/bundle/public/eu.faircode.netguard/android/lib/arm64-v8a/libnetguard.so s=__errno use_vna_hash=1 van_hash=50d63,app-native-loader,[],"[""app-native-loader""]","[""connectivity-interface-warning""]","[""native-bionic-header"",""in-app-bindservice"",""velocitytracker-jni"",""sharedpreferences-null"",""window-type-flags""]",retained as latent r13 risk; not confirmed unresolved on r15c,False,not-proven-network-only,r15c observed requirements plus outcome-informed static latent candidates; latent order is not execution order,not-tested,,"[""common-event-jni"",""app-native-loader""]","[""common-event-jni""]",exact-APK,"[""app-native-loader"",""common-event-jni"",""native-bionic-header"",""in-app-bindservice"",""velocitytracker-jni"",""sharedpreferences-null"",""window-type-flags""]","[""app-native-loader""]"
fd-noice,8e11b3136977e9f5dc897de85c26add9a219ea61884feabcbcd4e33566d5d2ca,com.github.ashutoshgngwr.noice,v3a+r15c be7731a4 on 5cd before network rollout,"r16 plus dual-layer networking, pending verification",exact,own-ui,/Users/zhaoyue/orca/workspaces/westlake-harness/.octos/boards/app-lighting.md:1591,2,2,True,True,null,"[{""line"":340,""pid"":16764,""ppid"":5168,""uid"":20010230,""name"":""appspawn-x""}]",evidence/records/fd-noice/record.json,unclassified,09-29 18:44:19.330 16764 16808 W C03f07/MUSL-LDSO: dlopen_impl load library header failed for /system/lib64/libGLESv3.so,network-permission,[],"[""network-permission""]","[""connectivity-interface-warning""]","[""in-app-bindservice"",""sharedpreferences-null"",""window-type-flags"",""velocitytracker-jni""]",retained as latent r13 risk; not confirmed unresolved on r15c,True,may-load-online-content; own UI already accepted,r15c observed requirements plus outcome-informed static latent candidates; latent order is not execution order,not-tested,,"[""jobscheduler-startup"",""common-event-jni"",""shortcutmanager""]","[""jobscheduler-startup"",""common-event-jni""]",exact-APK,"[""network-permission"",""jobscheduler-startup"",""common-event-jni"",""shortcutmanager"",""in-app-bindservice"",""sharedpreferences-null"",""window-type-flags"",""velocitytracker-jni""]","[""network-permission""]"
anki,f00faccb681117acc445b22c3e4930cf3fd45e2837afa41bdc12bbf805c71ed3,com.ichi2.anki,v3a+r15c be7731a4 on 5cd before network rollout,"r16 plus dual-layer networking, pending verification",not-scanned,black,/Users/zhaoyue/orca/workspaces/westlake-harness/.octos/boards/app-lighting.md:1591,2,2,True,True,null,"[{""line"":339,""pid"":18087,""ppid"":5168,""uid"":20010182,""name"":""appspawn-x""}]",evidence/records/anki/record.json,unclassified,09-29 18:45:02.797 18087 18153 W C03f07/MUSL-LDSO: dlopen_impl load library header failed for /system/lib64/libGLESv3.so,app-native-loader,[],"[""app-native-loader""]","[""connectivity-interface-warning""]",[],outside original 32 APK scan,False,not-proven-network-only,r15c observed requirements plus outcome-informed static latent candidates; latent order is not execution order,not-tested,blank/black cause unresolved,[],[],outside-32-APK-scan,"[""app-native-loader""]","[""app-native-loader""]"
newpipe,1d66d19eedbab969b1be2e44e0ea35f5f8921cbe83b5c5ac810767ca1a84b7e8,org.schabi.newpipe,v3a+r15c be7731a4 on 5cd before network rollout,"r16 plus dual-layer networking, pending verification",not-scanned,not-adjudicated,unknown,2,2,False,False,null,[],evidence/records/newpipe/record.json,unclassified,09-29 18:45:39.242 19232 19232 E C00f00/AppSpawnXInit: Caused by: java.lang.NullPointerException,jobscheduler-startup,"[""jobscheduler-startup""]",[],"[""connectivity-interface-warning""]",[],outside original 32 APK scan,False,not-proven-network-only,r15c observed requirements plus outcome-informed static latent candidates; latent order is not execution order,not-tested,,[],[],outside-32-APK-scan,"[""jobscheduler-startup""]","[""jobscheduler-startup""]"
markor,3f9f260dc3e32a1281cb8803eea6f926eef897579f68a5d35f922523974b84b9,net.gsantner.markor,v3a+r15c be7731a4 on 5cd before network rollout,"r16 plus dual-layer networking, pending verification",not-scanned,not-adjudicated,unknown,2,2,False,False,null,[],evidence/records/markor/record.json,window-type,09-29 18:46:17.605 20409 20409 E C00f00/AppSpawnXInit: Caused by: android.view.WindowManager$InvalidDisplayException: Unable to add window android.view.ViewRootImpl$W@6bf1a2b -- the specified window type 1 is not valid,window-type-flags,[],"[""window-type-flags""]","[""connectivity-interface-warning""]",[],outside original 32 APK scan,False,not-proven-network-only,r15c observed requirements plus outcome-informed static latent candidates; latent order is not execution order,not-tested,,[],[],outside-32-APK-scan,"[""window-type-flags""]","[""window-type-flags""]"
opencamera,ca5672ca8c7174554ca0b07b5b26e505817a05142f571cf2abe67e790c30249c,net.sourceforge.opencamera,v3a+r15c be7731a4 on 5cd before network rollout,"r16 plus dual-layer networking, pending verification",exact,not-adjudicated,unknown,2,2,False,False,null,[],evidence/records/opencamera/record.json,unclassified,09-29 18:46:55.967 21583 21583 E C00f00/AppSpawnXInit: Caused by: java.lang.UnsatisfiedLinkError: No implementation found for int android.hardware.Camera.getNumberOfCameras() (tried Java_android_hardware_Camera_getNumberOfCameras and Java_a,egl-camera-jni,[],"[""egl-camera-jni""]","[""connectivity-interface-warning""]","[""window-type-flags"",""in-app-bindservice"",""sharedpreferences-null"",""velocitytracker-jni""]",retained as latent r13 risk; not confirmed unresolved on r15c,False,not-proven-network-only,r15c observed requirements plus outcome-informed static latent candidates; latent order is not execution order,not-tested,,"[""common-event-jni"",""jobscheduler-startup"",""shortcutmanager"",""egl-camera-jni""]","[""common-event-jni""]",exact-APK,"[""egl-camera-jni"",""common-event-jni"",""jobscheduler-startup"",""shortcutmanager"",""window-type-flags"",""in-app-bindservice"",""sharedpreferences-null"",""velocitytracker-jni""]","[""egl-camera-jni""]"
fd-android,1e4a2e23a4bff8c8d96eae7ed809f1ebd05a4ab24650ab792c226749dd51d936,net.thunderbird.android,v3a+r15c be7731a4 on 5cd before network rollout,"r16 plus dual-layer networking, pending verification",exact,not-adjudicated,unknown,2,2,False,False,null,[],evidence/records/fd-android/record.json,unclassified,09-29 18:47:32.206 22680 22680 E C00f00/AppSpawnXInit: Caused by: java.lang.NullPointerException: Attempt to invoke virtual method 'java.lang.Class java.lang.Object.getClass()' on a null object reference,unknown,[],[],"[""connectivity-interface-warning""]","[""window-type-flags"",""velocitytracker-jni"",""sharedpreferences-null"",""native-bionic-header"",""in-app-bindservice""]",retained as latent r13 risk; not confirmed unresolved on r15c,False,not-proven-network-only,r15c observed requirements plus outcome-informed static latent candidates; latent order is not execution order,not-tested,,"[""jobscheduler-startup"",""common-event-jni"",""shortcutmanager"",""app-native-loader""]","[""jobscheduler-startup"",""common-event-jni""]",exact-APK,"[""jobscheduler-startup"",""common-event-jni"",""shortcutmanager"",""app-native-loader"",""window-type-flags"",""velocitytracker-jni"",""sharedpreferences-null"",""native-bionic-header"",""in-app-bindservice""]",[]
fd-api,4497dbbf81906df52e59ed387a5223d225aa0de3aca817cc557a621e4dadda44,com.termux.api,v3a+r15c be7731a4 on 5cd before network rollout,"r16 plus dual-layer networking, pending verification",not-scanned,not-adjudicated,unknown,2,2,False,False,null,[],evidence/records/fd-api/record.json,theme-appcompat,09-29 18:48:13.467 23940 23940 E C00f00/AppSpawnXInit: Caused by: java.lang.IllegalStateException: You need to use a Theme.AppCompat theme (or descendant) with this activity.,theme-appcompat,[],"[""theme-appcompat""]","[""connectivity-interface-warning""]",[],outside original 32 APK scan,False,not-proven-network-only,r15c observed requirements plus outcome-informed static latent candidates; latent order is not execution order,not-tested,,[],[],outside-32-APK-scan,"[""theme-appcompat""]","[""theme-appcompat""]"
fd-app,0eb71e65786a7879eae99bab48bbc30a6fa76bd2771d562a807fb7e93fb04add,com.unciv.app,v3a+r15c be7731a4 on 5cd before network rollout,"r16 plus dual-layer networking, pending verification",not-scanned,not-adjudicated,unknown,2,2,False,False,null,[],evidence/records/fd-app/record.json,dlopen-ns,09-29 18:48:56.698 25208 25208 E C00f00/AppSpawnXInit: Caused by: java.lang.UnsatisfiedLinkError: F02-A12-UNCLASSIFIED: dlopen_ns failed for /data/app/el1/bundle/public/com.unciv.app/android/lib/arm64-v8a/libgdx.so: Error loading shared lib,jobscheduler-startup,"[""jobscheduler-startup""]","[""app-native-loader""]","[""connectivity-interface-warning""]",[],outside original 32 APK scan,False,not-proven-network-only,r15c observed requirements plus outcome-informed static latent candidates; latent order is not execution order,not-tested,,[],[],outside-32-APK-scan,"[""jobscheduler-startup"",""app-native-loader""]","[""jobscheduler-startup"",""app-native-loader""]"
fd-breezyweather,1369d817d426498715f8ccb6750baff19dadd78e85f707088e9bca43977570c0,org.breezyweather,v3a+r15c be7731a4 on 5cd before network rollout,"r16 plus dual-layer networking, pending verification",not-scanned,not-adjudicated,unknown,2,2,False,False,null,[],evidence/records/fd-breezyweather/record.json,unclassified,09-29 18:49:32.348 26299 26299 E C00f00/AppSpawnXInit: Caused by: java.lang.RuntimeException: Unable to start activity ComponentInfo{org.breezyweather/org.breezyweather.ui.main.MainActivity}: a96: lateinit property instance has not been ini,app-native-loader,[],"[""app-native-loader""]","[""connectivity-interface-warning"",""application-init""]",[],outside original 32 APK scan,False,not-proven-network-only,r15c observed requirements plus outcome-informed static latent candidates; latent order is not execution order,not-tested,,[],[],outside-32-APK-scan,"[""app-native-loader""]","[""app-native-loader""]"
fd-calendar,2acbd47fa2abc6dd4846e406ed2fd60c5c01b8613158d10e012135923ee24894,org.fossify.calendar,v3a+r15c be7731a4 on 5cd before network rollout,"r16 plus dual-layer networking, pending verification",not-scanned,not-adjudicated,unknown,2,2,False,False,null,[],evidence/records/fd-calendar/record.json,jobscheduler,09-29 18:50:15.138 27565 27565 E C00f00/AppSpawnXInit: Caused by: java.lang.NullPointerException: Attempt to invoke virtual method 'void android.app.job.JobScheduler.cancel(int)' on a null object reference,jobscheduler-startup,"[""jobscheduler-startup""]",[],"[""connectivity-interface-warning""]",[],outside original 32 APK scan,False,not-proven-network-only,r15c observed requirements plus outcome-informed static latent candidates; latent order is not execution order,not-tested,,[],[],outside-32-APK-scan,"[""jobscheduler-startup""]","[""jobscheduler-startup""]"
fd-catima,4f01f40d06d82fc5b8cfbbc5eccd083151a86564fbd4fa420eb54aaebf668b71,me.hackerchick.catima,v3a+r15c be7731a4 on 5cd before network rollout,"r16 plus dual-layer networking, pending verification",exact,not-adjudicated,unknown,2,2,False,False,null,[],evidence/records/fd-catima/record.json,unclassified,09-29 18:50:54.765 28761 28761 E C00f00/AppSpawnXInit: Caused by: java.lang.NullPointerException: Attempt to invoke virtual method 'java.lang.Class java.lang.Object.getClass()' on a null object reference,unknown,[],[],"[""connectivity-interface-warning""]","[""velocitytracker-jni"",""sharedpreferences-null"",""window-type-flags"",""in-app-bindservice"",""native-bionic-header""]",retained as latent r13 risk; not confirmed unresolved on r15c,False,not-proven-network-only,r15c observed requirements plus outcome-informed static latent candidates; latent order is not execution order,not-tested,,"[""jobscheduler-startup"",""shortcutmanager"",""common-event-jni"",""app-native-loader"",""egl-camera-jni""]","[""jobscheduler-startup"",""shortcutmanager"",""common-event-jni""]",exact-APK,"[""jobscheduler-startup"",""shortcutmanager"",""common-event-jni"",""app-native-loader"",""egl-camera-jni"",""velocitytracker-jni"",""sharedpreferences-null"",""window-type-flags"",""in-app-bindservice"",""native-bionic-header""]",[]
fd-etar,dae01d93c8920aa63845868db2190bcc4aa6ff8410b1289de1ce27b1bb89c599,ws.xsoh.etar,v3a+r15c be7731a4 on 5cd before network rollout,"r16 plus dual-layer networking, pending verification",exact,not-adjudicated,unknown,2,2,False,False,null,[],evidence/records/fd-etar/record.json,unclassified,"09-29 18:51:29.958 29842 29842 E C00f00/AppSpawnXInit: Caused by: java.lang.UnsatisfiedLinkError: No implementation found for int adapter.activity.ActivityManagerAdapter.nativeSubscribeCommonEvent(int, java.lang.String[], int, java.lang.Str",jobscheduler-startup,"[""jobscheduler-startup""]","[""common-event-jni""]","[""connectivity-interface-warning""]","[""sharedpreferences-null"",""window-type-flags"",""in-app-bindservice"",""velocitytracker-jni""]",retained as latent r13 risk; not confirmed unresolved on r15c,False,not-proven-network-only,r15c observed requirements plus outcome-informed static latent candidates; latent order is not execution order,not-tested,,"[""jobscheduler-startup"",""common-event-jni"",""shortcutmanager""]","[""jobscheduler-startup"",""common-event-jni""]",exact-APK,"[""jobscheduler-startup"",""common-event-jni"",""shortcutmanager"",""sharedpreferences-null"",""window-type-flags"",""in-app-bindservice"",""velocitytracker-jni""]","[""jobscheduler-startup"",""common-event-jni""]"
fd-feeder,0aa5eb094f94ca29ab7956d75b9e5d7c19785ebdac74b9ae512930084338bf3c,com.nononsenseapps.feeder,v3a+r15c be7731a4 on 5cd before network rollout,"r16 plus dual-layer networking, pending verification",not-scanned,not-adjudicated,unknown,2,2,False,False,null,[],evidence/records/fd-feeder/record.json,unclassified,09-29 18:52:12.728 31107 31107 I C00f00/AppSpawnXJava: [stderr] java.lang.NullPointerException: Attempt to invoke virtual method 'java.lang.Class java.lang.Object.getClass()' on a null object reference,jobscheduler-startup,"[""jobscheduler-startup""]",[],"[""coroutine-class-warning"",""connectivity-interface-warning""]",[],outside original 32 APK scan,False,not-proven-network-only,r15c observed requirements plus outcome-informed static latent candidates; latent order is not execution order,not-tested,,[],[],outside-32-APK-scan,"[""jobscheduler-startup""]","[""jobscheduler-startup""]"
fd-fennec_fdroid,27f2951376ca1085e0933066c902fdfe4d260916d381e233475c5fd6964f5745,org.mozilla.fennec_fdroid,v3a+r15c be7731a4 on 5cd before network rollout,"r16 plus dual-layer networking, pending verification",exact,not-adjudicated,unknown,2,2,False,False,null,[],evidence/records/fd-fennec_fdroid/record.json,unclassified,09-29 18:52:52.781 32302 32302 E C00f00/AppSpawnXInit: Caused by: java.lang.UnsatisfiedLinkError: Native library (com/sun/jna/android-aarch64/libjnidispatch.so) not found in resource path (.),app-native-loader,[],"[""app-native-loader"",""jna-native-resource""]","[""connectivity-interface-warning""]","[""window-type-flags"",""sharedpreferences-null"",""native-bionic-header"",""in-app-bindservice"",""velocitytracker-jni""]",retained as latent r13 risk; not confirmed unresolved on r15c,False,not-proven-network-only,r15c observed requirements plus outcome-informed static latent candidates; latent order is not execution order,not-tested,,"[""jobscheduler-startup"",""common-event-jni"",""jna-native-resource"",""shortcutmanager"",""app-native-loader"",""egl-camera-jni""]","[""jobscheduler-startup"",""common-event-jni"",""jna-native-resource""]",exact-APK,"[""app-native-loader"",""jna-native-resource"",""jobscheduler-startup"",""common-event-jni"",""shortcutmanager"",""egl-camera-jni"",""window-type-flags"",""sharedpreferences-null"",""native-bionic-header"",""in-app-bindservice"",""velocitytracker-jni""]","[""app-native-loader"",""jna-native-resource""]"
fd-filemanager,9e97d2faf55fb2702386c3dc51e38a6b073781016b125701d3ab668419a70008,org.fossify.filemanager,v3a+r15c be7731a4 on 5cd before network rollout,"r16 plus dual-layer networking, pending verification",not-scanned,blank,/Users/zhaoyue/orca/workspaces/westlake-harness/.octos/boards/app-lighting.md:1591,2,2,True,True,null,"[{""line"":303,""pid"":1599,""ppid"":5168,""uid"":20010195,""name"":""appspawn-x""}]",evidence/records/fd-filemanager/record.json,unclassified,09-29 18:53:26.164  1599  1599 I C00f00/AppSpawnXJava: [stderr] Caused by: java.lang.ClassNotFoundException: kotlinx.coroutines.CoroutineStart,unknown,[],[],"[""coroutine-class-warning"",""connectivity-interface-warning""]",[],outside original 32 APK scan,False,not-proven-network-only,r15c observed requirements plus outcome-informed static latent candidates; latent order is not execution order,not-tested,blank/black cause unresolved,[],[],outside-32-APK-scan,[],[]
fd-fluffychat,edcdf6171c09ab39ed76447c1ee11c66503d922dfe4f36f2dd429f2f9c652481,chat.fluffy.fluffychat,v3a+r15c be7731a4 on 5cd before network rollout,"r16 plus dual-layer networking, pending verification",exact,not-adjudicated,unknown,2,2,False,False,null,[],evidence/records/fd-fluffychat/record.json,unclassified,09-29 18:54:05.126  3166  3166 E C00f00/AppSpawnXInit: Caused by: java.lang.UnsatisfiedLinkError: current thread is not READY for guest dlopen,guest-thread-ready,[],"[""guest-thread-ready""]","[""coroutine-class-warning"",""connectivity-interface-warning""]","[""window-type-flags"",""native-bionic-header"",""in-app-bindservice"",""velocitytracker-jni"",""sharedpreferences-null""]",retained as latent r13 risk; not confirmed unresolved on r15c,False,not-proven-network-only,r15c observed requirements plus outcome-informed static latent candidates; latent order is not execution order,not-tested,,"[""shortcutmanager"",""app-native-loader"",""common-event-jni"",""egl-camera-jni"",""guest-thread-ready""]",[],exact-APK,"[""guest-thread-ready"",""shortcutmanager"",""app-native-loader"",""common-event-jni"",""egl-camera-jni"",""window-type-flags"",""native-bionic-header"",""in-app-bindservice"",""velocitytracker-jni"",""sharedpreferences-null""]","[""guest-thread-ready""]"
fd-gallery,ae7e699599e81f70e2b82626bb1dfa883fe096cd938387133e123c116e5641d9,org.fossify.gallery,v3a+r15c be7731a4 on 5cd before network rollout,"r16 plus dual-layer networking, pending verification",not-scanned,blank,/Users/zhaoyue/orca/workspaces/westlake-harness/.octos/boards/app-lighting.md:1591,2,2,True,True,null,"[{""line"":329,""pid"":4470,""ppid"":5168,""uid"":20010197,""name"":""appspawn-x""}]",evidence/records/fd-gallery/record.json,unclassified,"09-29 18:54:47.592  4470  4470 I C00f00/AppSpawnXJava: [stderr] Caused by: java.lang.UnsatisfiedLinkError: No implementation found for int adapter.activity.ActivityManagerAdapter.nativeSubscribeCommonEvent(int, java.lang.String[], int, java",common-event-jni,[],"[""common-event-jni""]","[""connectivity-interface-warning""]",[],outside original 32 APK scan,False,not-proven-network-only,r15c observed requirements plus outcome-informed static latent candidates; latent order is not execution order,not-tested,blank/black cause unresolved,[],[],outside-32-APK-scan,"[""common-event-jni""]","[""common-event-jni""]"
fd-im-vector-app,ff73751599211c709c1e691d1a2b7412df0bab979ffbe8ff0d4b7f31c6a444c9,im.vector.app,v3a+r15c be7731a4 on 5cd before network rollout,"r16 plus dual-layer networking, pending verification",not-scanned,not-adjudicated,unknown,2,2,False,False,null,[],evidence/records/fd-im-vector-app/record.json,dlopen-ns,09-29 18:55:25.369  5587  5587 E C00f00/AppSpawnXInit: Caused by: java.lang.UnsatisfiedLinkError: F02-A12-UNSUPPORTED-SYMBOL: dlopen_ns failed for /data/app/el2/100/base/im.vector.app/app_lib/librealm-jni.so.10.19.0: Error relocating /data/,app-native-loader,[],"[""app-native-loader""]","[""connectivity-interface-warning""]",[],outside original 32 APK scan,False,not-proven-network-only,r15c observed requirements plus outcome-informed static latent candidates; latent order is not execution order,not-tested,,[],[],outside-32-APK-scan,"[""app-native-loader""]","[""app-native-loader""]"
fd-immich,36b0d1368881ad6388b011d9a5bb91f7bd6133371d1eb585390c80232b9f22ea,app.alextran.immich,v3a+r15c be7731a4 on 5cd before network rollout,"r16 plus dual-layer networking, pending verification",exact,not-adjudicated,unknown,2,2,False,False,null,[],evidence/records/fd-immich/record.json,unclassified,09-29 18:56:02.539  6781  6781 E C00f00/AppSpawnXInit: Caused by: java.lang.UnsatisfiedLinkError: current thread is not READY for guest dlopen,guest-thread-ready,[],"[""guest-thread-ready""]","[""connectivity-interface-warning""]","[""sharedpreferences-null"",""window-type-flags"",""native-bionic-header"",""in-app-bindservice"",""velocitytracker-jni""]",retained as latent r13 risk; not confirmed unresolved on r15c,False,not-proven-network-only,r15c observed requirements plus outcome-informed static latent candidates; latent order is not execution order,not-tested,,"[""jobscheduler-startup"",""shortcutmanager"",""app-native-loader"",""common-event-jni"",""egl-camera-jni"",""guest-thread-ready""]","[""jobscheduler-startup""]",exact-APK,"[""guest-thread-ready"",""jobscheduler-startup"",""shortcutmanager"",""app-native-loader"",""common-event-jni"",""egl-camera-jni"",""sharedpreferences-null"",""window-type-flags"",""native-bionic-header"",""in-app-bindservice"",""velocitytracker-jni""]","[""guest-thread-ready""]"
fd-k9,92cd3a81c7a8d066e517a50932fe85424de7752cb72e76032174d53ec36a2741,com.fsck.k9,v3a+r15c be7731a4 on 5cd before network rollout,"r16 plus dual-layer networking, pending verification",exact,not-adjudicated,unknown,2,2,False,False,null,[],evidence/records/fd-k9/record.json,unclassified,09-29 18:56:42.808  7967  7967 E C00f00/AppSpawnXInit: Caused by: java.lang.NullPointerException: Attempt to invoke virtual method 'java.lang.Class java.lang.Object.getClass()' on a null object reference,unknown,[],[],"[""connectivity-interface-warning""]","[""window-type-flags"",""velocitytracker-jni"",""sharedpreferences-null"",""native-bionic-header"",""in-app-bindservice""]",retained as latent r13 risk; not confirmed unresolved on r15c,False,not-proven-network-only,r15c observed requirements plus outcome-informed static latent candidates; latent order is not execution order,not-tested,,"[""jobscheduler-startup"",""common-event-jni"",""shortcutmanager"",""app-native-loader""]","[""jobscheduler-startup"",""common-event-jni""]",exact-APK,"[""jobscheduler-startup"",""common-event-jni"",""shortcutmanager"",""app-native-loader"",""window-type-flags"",""velocitytracker-jni"",""sharedpreferences-null"",""native-bionic-header"",""in-app-bindservice""]",[]
fd-kitchenowl,c7fbb7a62636fc74f33ce443e4a844979782fd5ff3616d4c9cf80e0cf93645e1,com.tombursch.kitchenowl,v3a+r15c be7731a4 on 5cd before network rollout,"r16 plus dual-layer networking, pending verification",exact,not-adjudicated,unknown,2,2,False,False,null,[],evidence/records/fd-kitchenowl/record.json,unclassified,09-29 18:57:16.319  9053  9053 E C00f00/AppSpawnXInit: Caused by: java.lang.UnsatisfiedLinkError: current thread is not READY for guest dlopen,guest-thread-ready,[],"[""guest-thread-ready""]","[""coroutine-class-warning"",""connectivity-interface-warning""]","[""window-type-flags"",""native-bionic-header"",""in-app-bindservice"",""velocitytracker-jni"",""sharedpreferences-null""]",retained as latent r13 risk; not confirmed unresolved on r15c,False,not-proven-network-only,r15c observed requirements plus outcome-informed static latent candidates; latent order is not execution order,not-tested,,"[""guest-thread-ready"",""jobscheduler-startup"",""shortcutmanager"",""app-native-loader"",""common-event-jni""]","[""guest-thread-ready""]",exact-APK,"[""guest-thread-ready"",""jobscheduler-startup"",""shortcutmanager"",""app-native-loader"",""common-event-jni"",""window-type-flags"",""native-bionic-header"",""in-app-bindservice"",""velocitytracker-jni"",""sharedpreferences-null""]","[""guest-thread-ready""]"
fd-libre,25f986a8cae2c2086c939b0ca17f10d1cafdf82e7db20679810cb93018e6a39a,deckers.thibault.aves.libre,v3a+r15c be7731a4 on 5cd before network rollout,"r16 plus dual-layer networking, pending verification",exact,not-adjudicated,unknown,2,2,False,False,null,[],evidence/records/fd-libre/record.json,unclassified,09-29 18:57:55.125 10208 10208 E C00f00/AppSpawnXInit: Caused by: java.lang.UnsatisfiedLinkError: current thread is not READY for guest dlopen,guest-thread-ready,[],"[""guest-thread-ready""]","[""connectivity-interface-warning""]","[""native-bionic-header"",""window-type-flags"",""velocitytracker-jni"",""sharedpreferences-null""]",retained as latent r13 risk; not confirmed unresolved on r15c,False,not-proven-network-only,r15c observed requirements plus outcome-informed static latent candidates; latent order is not execution order,not-tested,,"[""jobscheduler-startup"",""guest-thread-ready"",""shortcutmanager"",""app-native-loader"",""common-event-jni""]","[""jobscheduler-startup"",""guest-thread-ready""]",exact-APK,"[""guest-thread-ready"",""jobscheduler-startup"",""shortcutmanager"",""app-native-loader"",""common-event-jni"",""native-bionic-header"",""window-type-flags"",""velocitytracker-jni"",""sharedpreferences-null""]","[""guest-thread-ready""]"
fd-libretube,792b1e37e7bd6a26d8da1c826a68677465c333633cb2198224cc96c84257d615,com.github.libretube,v3a+r15c be7731a4 on 5cd before network rollout,"r16 plus dual-layer networking, pending verification",not-scanned,not-adjudicated,unknown,2,2,False,False,null,[],evidence/records/fd-libretube/record.json,unclassified,09-29 18:58:38.268 11475 11475 E C00f00/AppSpawnXInit: Caused by: java.lang.RuntimeException: Unable to start activity ComponentInfo{com.github.libretube/com.github.libretube.ui.activities.MainActivity}: coil3.network.HttpException: lateini,jobscheduler-startup,"[""jobscheduler-startup""]",[],"[""connectivity-interface-warning"",""application-init""]",[],outside original 32 APK scan,False,not-proven-network-only,r15c observed requirements plus outcome-informed static latent candidates; latent order is not execution order,not-tested,,[],[],outside-32-APK-scan,"[""jobscheduler-startup""]","[""jobscheduler-startup""]"
fd-meet,72a89e53ca532b3ab44e9204644edeef282d7d66a366939ea55f062057c47df4,org.jitsi.meet,v3a+r15c be7731a4 on 5cd before network rollout,"r16 plus dual-layer networking, pending verification",not-scanned,not-adjudicated,unknown,2,2,False,False,null,[],evidence/records/fd-meet/record.json,unclassified,"09-29 18:59:13.390 12565 12565 E C00f00/AppSpawnXInit: Caused by: java.lang.UnsatisfiedLinkError: No implementation found for int adapter.activity.ActivityManagerAdapter.nativeSubscribeCommonEvent(int, java.lang.String[], int, java.lang.Str",common-event-jni,[],"[""common-event-jni""]","[""connectivity-interface-warning""]",[],outside original 32 APK scan,False,not-proven-network-only,r15c observed requirements plus outcome-informed static latent candidates; latent order is not execution order,not-tested,,[],[],outside-32-APK-scan,"[""common-event-jni""]","[""common-event-jni""]"
fd-minetest,87a136d408ed560d3d56e55ca2ac780deb7a8941635b16960c88831fb33f9233,net.minetest.minetest,v3a+r15c be7731a4 on 5cd before network rollout,"r16 plus dual-layer networking, pending verification",exact,not-adjudicated,unknown,2,2,False,False,null,[],evidence/records/fd-minetest/record.json,unclassified,"09-29 18:59:55.032 13833 13833 E C00f00/AppSpawnXInit: Caused by: java.lang.UnsatisfiedLinkError: No implementation found for int adapter.activity.ActivityManagerAdapter.nativeSubscribeCommonEvent(int, java.lang.String[], int, java.lang.Str",common-event-jni,[],"[""common-event-jni""]","[""connectivity-interface-warning""]","[""sharedpreferences-null"",""window-type-flags"",""native-bionic-header"",""in-app-bindservice"",""velocitytracker-jni""]",retained as latent r13 risk; not confirmed unresolved on r15c,False,not-proven-network-only,r15c observed requirements plus outcome-informed static latent candidates; latent order is not execution order,not-tested,,"[""common-event-jni"",""jobscheduler-startup"",""shortcutmanager"",""app-native-loader""]","[""common-event-jni""]",exact-APK,"[""common-event-jni"",""jobscheduler-startup"",""shortcutmanager"",""app-native-loader"",""sharedpreferences-null"",""window-type-flags"",""native-bionic-header"",""in-app-bindservice"",""velocitytracker-jni""]","[""common-event-jni""]"
fd-mpv,5cba2237b20ba34b79eaccfbd39bdb5b09d2a9a774bdccee09ca450eac4edd34,is.xyz.mpv,v3a+r15c be7731a4 on 5cd before network rollout,"r16 plus dual-layer networking, pending verification",not-scanned,not-adjudicated,unknown,2,2,False,False,null,[],evidence/records/fd-mpv/record.json,velocitytracker,09-29 19:00:37.207 15079 15079 E C00f00/AppSpawnXInit: Caused by: java.lang.UnsatisfiedLinkError: No implementation found for long android.view.VelocityTracker.nativeInitialize(int) (tried Java_android_view_VelocityTracker_nativeInitialize ,velocitytracker-jni,[],"[""velocitytracker-jni""]","[""coroutine-class-warning"",""connectivity-interface-warning""]",[],outside original 32 APK scan,False,not-proven-network-only,r15c observed requirements plus outcome-informed static latent candidates; latent order is not execution order,not-tested,,[],[],outside-32-APK-scan,"[""velocitytracker-jni""]","[""velocitytracker-jni""]"
fd-musicplayer,b5d0ce367544df1ac162adf71d642878c5b963a304ca0ddf8f8556f07bbba79b,org.fossify.musicplayer,v3a+r15c be7731a4 on 5cd before network rollout,"r16 plus dual-layer networking, pending verification",not-scanned,not-adjudicated,unknown,2,2,False,False,null,[],evidence/records/fd-musicplayer/record.json,unclassified,09-29 19:01:14.027 16189 16189 E C00f00/AppSpawnXInit: Caused by: java.lang.IllegalArgumentException: can't create bitmap without a color space,unknown,[],[],"[""connectivity-interface-warning""]",[],outside original 32 APK scan,False,not-proven-network-only,r15c observed requirements plus outcome-informed static latent candidates; latent order is not execution order,not-tested,,[],[],outside-32-APK-scan,[],[]
fd-notes,5a56e0e39cc488e1f3b947d3801006d3b7450ec73c67f03195c64c5fd3b6bced,org.fossify.notes,v3a+r15c be7731a4 on 5cd before network rollout,"r16 plus dual-layer networking, pending verification",not-scanned,blank,/Users/zhaoyue/orca/workspaces/westlake-harness/.octos/boards/app-lighting.md:1591,2,2,True,True,null,"[{""line"":341,""pid"":17497,""ppid"":5168,""uid"":20010208,""name"":""appspawn-x""}]",evidence/records/fd-notes/record.json,unclassified,09-29 19:01:56.960 17497 17548 W C03f07/MUSL-LDSO: dlopen_impl load library header failed for /system/lib64/libGLESv3.so,unknown,[],[],"[""coroutine-class-warning"",""connectivity-interface-warning""]",[],outside original 32 APK scan,False,not-proven-network-only,r15c observed requirements plus outcome-informed static latent candidates; latent order is not execution order,not-tested,blank/black cause unresolved,[],[],outside-32-APK-scan,[],[]
fd-organicmaps,c1fc03a8bad4dac3c400c50764a929ec7a07b02ba572336bfdd9e722a4f96519,app.organicmaps,v3a+r15c be7731a4 on 5cd before network rollout,"r16 plus dual-layer networking, pending verification",not-scanned,not-adjudicated,unknown,2,2,False,False,null,[],evidence/records/fd-organicmaps/record.json,unclassified,09-29 19:02:38.817 18828 18828 E C00f00/AppSpawnXInit: Caused by: java.lang.NullPointerException: Attempt to invoke virtual method 'void app.organicmaps.sdk.display.DisplayManager.init(app.organicmaps.sdk.display.DisplayType)' on a null obj,jobscheduler-startup,"[""jobscheduler-startup""]",[],"[""connectivity-interface-warning""]",[],outside original 32 APK scan,False,not-proven-network-only,r15c observed requirements plus outcome-informed static latent candidates; latent order is not execution order,not-tested,,[],[],outside-32-APK-scan,"[""jobscheduler-startup""]","[""jobscheduler-startup""]"
fd-plus,27f1eb82d288a9939b7c0bdd0fb94f78749824ffc753d32d421e01cbe487e5e0,net.osmand.plus,v3a+r15c be7731a4 on 5cd before network rollout,"r16 plus dual-layer networking, pending verification",not-scanned,not-adjudicated,unknown,2,2,False,False,null,[],evidence/records/fd-plus/record.json,unclassified,09-29 19:03:18.719 19998 19998 E C00f00/AppSpawnXInit: Caused by: java.lang.NullPointerException: Attempt to invoke virtual method 'boolean net.osmand.plus.helpers.DayNightHelper.isNightMode(net.osmand.plus.settings.enums.ThemeUsageContext),unknown,[],[],"[""connectivity-interface-warning""]",[],outside original 32 APK scan,False,not-proven-network-only,r15c observed requirements plus outcome-informed static latent candidates; latent order is not execution order,not-tested,,[],[],outside-32-APK-scan,[],[]
fd-reader,78b1b8b9b6f6d18baaba31427895f1f10e9ca6cc1e01b3ceeb96df26e8fca075,me.ash.reader,v3a+r15c be7731a4 on 5cd before network rollout,"r16 plus dual-layer networking, pending verification",not-scanned,not-adjudicated,unknown,2,2,False,False,null,[],evidence/records/fd-reader/record.json,jobscheduler,09-29 19:04:00.660 21266 21266 E C00f00/AppSpawnXInit: Caused by: java.lang.NullPointerException: null cannot be cast to non-null type android.app.job.JobScheduler,jobscheduler-startup,"[""jobscheduler-startup""]",[],"[""connectivity-interface-warning""]",[],outside original 32 APK scan,False,not-proven-network-only,r15c observed requirements plus outcome-informed static latent candidates; latent order is not execution order,not-tested,,[],[],outside-32-APK-scan,"[""jobscheduler-startup""]","[""jobscheduler-startup""]"
fd-saber,5e2e3691288fdac77f988bbe26a3c557942b4fd5b4151f37ef0b8f6352127092,com.adilhanney.saber,v3a+r15c be7731a4 on 5cd before network rollout,"r16 plus dual-layer networking, pending verification",exact,not-adjudicated,unknown,2,2,False,False,null,[],evidence/records/fd-saber/record.json,unclassified,09-29 19:04:39.490 22458 22458 E C00f00/AppSpawnXInit: Caused by: java.lang.UnsatisfiedLinkError: current thread is not READY for guest dlopen,guest-thread-ready,[],"[""guest-thread-ready""]","[""connectivity-interface-warning""]","[""window-type-flags"",""native-bionic-header"",""in-app-bindservice"",""velocitytracker-jni"",""sharedpreferences-null""]",retained as latent r13 risk; not confirmed unresolved on r15c,False,not-proven-network-only,r15c observed requirements plus outcome-informed static latent candidates; latent order is not execution order,not-tested,,"[""guest-thread-ready"",""jobscheduler-startup"",""app-native-loader"",""common-event-jni""]","[""guest-thread-ready""]",exact-APK,"[""guest-thread-ready"",""jobscheduler-startup"",""app-native-loader"",""common-event-jni"",""window-type-flags"",""native-bionic-header"",""in-app-bindservice"",""velocitytracker-jni"",""sharedpreferences-null""]","[""guest-thread-ready""]"
fd-seal,7070a3d4f079046912b4b8dde4edc8d1ef6eade3c9c98b02bfcaba3669c11d98,com.junkfood.seal,v3a+r15c be7731a4 on 5cd before network rollout,"r16 plus dual-layer networking, pending verification",not-scanned,not-adjudicated,unknown,0,0,null,null,null,null,evidence/records/fd-seal/record.json,no-fatal-found,null,unknown,[],[],[],[],outside original 32 APK scan,False,not-proven-network-only,r15c observed requirements plus outcome-informed static latent candidates; latent order is not execution order,not-tested,install-or-launch failed before screenshot,[],[],outside-32-APK-scan,[],[]
fd-shatteredpixeldungeon,ed1b43d7312a70e86c5cd159d4ac29d7d69fae1033331a4e70f9a00dd346b207,com.shatteredpixel.shatteredpixeldungeon,v3a+r15c be7731a4 on 5cd before network rollout,"r16 plus dual-layer networking, pending verification",not-scanned,not-adjudicated,unknown,2,2,False,False,null,[],evidence/records/fd-shatteredpixeldungeon/record.json,unclassified,09-29 19:05:21.247 23727 23727 E C00f00/AppSpawnXInit: Caused by: java.lang.UnsatisfiedLinkError: No implementation found for void com.google.android.gles_jni.EGLImpl._nativeClassInit() (tried Java_com_google_android_gles_1jni_EGLImpl__1nat,egl-camera-jni,[],"[""egl-camera-jni""]","[""coroutine-class-warning"",""connectivity-interface-warning""]",[],outside original 32 APK scan,False,not-proven-network-only,r15c observed requirements plus outcome-informed static latent candidates; latent order is not execution order,not-tested,,[],[],outside-32-APK-scan,"[""egl-camera-jni""]","[""egl-camera-jni""]"
fd-tasks,ed972cc1cec3456a11992435a3fcf132d1311f1e8dfd27758265122fbc206ce0,org.tasks,v3a+r15c be7731a4 on 5cd before network rollout,"r16 plus dual-layer networking, pending verification",not-scanned,not-adjudicated,unknown,2,2,False,False,null,[],evidence/records/fd-tasks/record.json,unclassified,09-29 19:06:04.861 24978 24978 E C00f00/AppSpawnXInit: Caused by: java.lang.RuntimeException: Unable to start activity ComponentInfo{org.tasks/com.todoroo.astrid.activity.MainActivity}: kotlin.UninitializedPropertyAccessException: lateinit ,common-event-jni,[],"[""common-event-jni""]","[""connectivity-interface-warning"",""application-init""]",[],outside original 32 APK scan,False,not-proven-network-only,r15c observed requirements plus outcome-informed static latent candidates; latent order is not execution order,not-tested,,[],[],outside-32-APK-scan,"[""common-event-jni""]","[""common-event-jni""]"
fd-tusky,3e8fcc49a80d4c30ab6f6037e51402c77e2694d27ec19ae5b8a93cd08b6caffa,com.keylesspalace.tusky,v3a+r15c be7731a4 on 5cd before network rollout,"r16 plus dual-layer networking, pending verification",not-scanned,not-adjudicated,unknown,2,2,False,False,null,[],evidence/records/fd-tusky/record.json,jobscheduler,09-29 19:06:44.817 26179 26179 E C00f00/AppSpawnXInit: Caused by: java.lang.NullPointerException: Attempt to invoke virtual method 'android.app.job.JobScheduler android.app.job.JobScheduler.forNamespace(java.lang.String)' on a null object r,app-native-loader,"[""jobscheduler-startup""]","[""app-native-loader""]","[""connectivity-interface-warning""]",[],outside original 32 APK scan,False,not-proven-network-only,r15c observed requirements plus outcome-informed static latent candidates; latent order is not execution order,not-tested,,[],[],outside-32-APK-scan,"[""app-native-loader"",""jobscheduler-startup""]","[""app-native-loader"",""jobscheduler-startup""]"
fd-tutanota,6e2b9cb23ddbdb1a1389426a913eebd7f7b7becf387acb668e512a84013e4033,de.tutao.tutanota,v3a+r15c be7731a4 on 5cd before network rollout,"r16 plus dual-layer networking, pending verification",not-scanned,not-adjudicated,unknown,2,2,False,False,null,[],evidence/records/fd-tutanota/record.json,unclassified,09-29 19:07:26.189 27456 27456 E C00f00/AppSpawnXInit: Caused by: java.lang.RuntimeException: Unable to start activity ComponentInfo{de.tutao.tutanota/de.tutao.tutanota.MainActivity}: java.lang.UnsupportedOperationException,app-native-loader,[],"[""app-native-loader""]","[""connectivity-interface-warning""]",[],outside original 32 APK scan,False,not-proven-network-only,r15c observed requirements plus outcome-informed static latent candidates; latent order is not execution order,not-tested,,[],[],outside-32-APK-scan,"[""app-native-loader""]","[""app-native-loader""]"
fd-uhabits,3903d3be3db0f1622ad61cf5bb267515c95a4069e8dd46f73249721b1bb8173e,org.isoron.uhabits,v3a+r15c be7731a4 on 5cd before network rollout,"r16 plus dual-layer networking, pending verification",not-scanned,not-adjudicated,unknown,2,2,False,False,null,[],evidence/records/fd-uhabits/record.json,unclassified,09-29 19:08:08.866 28726 28726 E C00f00/AppSpawnXInit: Caused by: java.lang.RuntimeException: Unable to start activity ComponentInfo{org.isoron.uhabits/org.isoron.uhabits.activities.habits.list.ListHabitsActivity}: java.lang.UnsupportedOper,unknown,[],[],"[""connectivity-interface-warning""]",[],outside original 32 APK scan,False,not-proven-network-only,r15c observed requirements plus outcome-informed static latent candidates; latent order is not execution order,not-tested,,[],[],outside-32-APK-scan,[],[]
fd-wifianalyzer,282a06fcc5ce5d889799113a1c6edf5e408b0902acc542308ad21051a2a7cc2b,com.vrem.wifianalyzer,v3a+r15c be7731a4 on 5cd before network rollout,"r16 plus dual-layer networking, pending verification",not-scanned,not-adjudicated,unknown,2,2,False,False,null,[],evidence/records/fd-wifianalyzer/record.json,unclassified,09-29 19:08:47.218 29882 29882 E C00f00/AppSpawnXInit: Caused by: java.lang.NullPointerException: Attempt to invoke virtual method 'java.lang.Class java.lang.Object.getClass()' on a null object reference,unknown,[],[],"[""coroutine-class-warning"",""connectivity-interface-warning""]",[],outside original 32 APK scan,False,not-proven-network-only,r15c observed requirements plus outcome-informed static latent candidates; latent order is not execution order,not-tested,,[],[],outside-32-APK-scan,[],[]
fd-stk,4a01fa9b566a694f0576d86ef84cc867c7dc37ef446e7cbbbb2449e7bbb9d3c6,org.supertuxkart.stk,v3a+r15c be7731a4 on 5cd before network rollout,"r16 plus dual-layer networking, pending verification",exact,own-ui,/Users/zhaoyue/orca/workspaces/westlake-harness/.octos/boards/app-lighting.md:1591,2,2,True,True,null,"[{""line"":350,""pid"":31137,""ppid"":5168,""uid"":20010219,""name"":""appspawn-x""}]",evidence/records/fd-stk/record.json,unclassified,09-29 19:09:29.607 31137 31184 W C03f07/MUSL-LDSO: dlopen_impl load library header failed for /system/lib64/libGLESv3.so,none-observed-blocking,[],[],"[""coroutine-class-warning"",""connectivity-interface-warning""]","[""sharedpreferences-null"",""native-bionic-header"",""window-type-flags""]",retained as latent r13 risk; not confirmed unresolved on r15c,False,not-proven-network-only,r15c observed requirements plus outcome-informed static latent candidates; latent order is not execution order,not-tested,,"[""app-native-loader"",""common-event-jni""]",[],exact-APK,"[""app-native-loader"",""common-event-jni"",""sharedpreferences-null"",""native-bionic-header"",""window-type-flags""]",[]
fd-mobile,f9f4b3ab46cc9434df811194c2d4351417f4db83a4c1a0facd0a662d69533f7f,org.jellyfin.mobile,v3a+r15c be7731a4 on 5cd before network rollout,"r16 plus dual-layer networking, pending verification",exact,not-adjudicated,unknown,2,2,False,False,null,[],evidence/records/fd-mobile/record.json,appclass-missing,09-29 19:10:12.368 32425 32425 E C00f00/AppSpawnXInit: Caused by: java.lang.IllegalStateException: KoinApplication has not been started,unknown,[],[],"[""connectivity-interface-warning"",""application-init""]","[""in-app-bindservice"",""sharedpreferences-null"",""window-type-flags"",""native-bionic-header"",""velocitytracker-jni""]",retained as latent r13 risk; not confirmed unresolved on r15c,False,not-proven-network-only,r15c observed requirements plus outcome-informed static latent candidates; latent order is not execution order,not-tested,,"[""jobscheduler-startup"",""common-event-jni"",""app-native-loader""]","[""jobscheduler-startup"",""common-event-jni""]",exact-APK,"[""jobscheduler-startup"",""common-event-jni"",""app-native-loader"",""in-app-bindservice"",""sharedpreferences-null"",""window-type-flags"",""native-bionic-header"",""velocitytracker-jni""]",[]
fd-client,2d08059c9a0a94ef4316e5c8491e3c6aee99a87b58bb796163c44e08deb1615c,com.nextcloud.client,v3a+r15c be7731a4 on 5cd before network rollout,"r16 plus dual-layer networking, pending verification",not-scanned,not-adjudicated,unknown,2,2,False,False,null,[],evidence/records/fd-client/record.json,jobscheduler,09-29 19:10:52.568  1999  1999 E C00f00/AppSpawnXInit: Caused by: java.lang.NullPointerException: null cannot be cast to non-null type android.app.job.JobScheduler,jobscheduler-startup,"[""jobscheduler-startup""]",[],"[""connectivity-interface-warning""]",[],outside original 32 APK scan,False,not-proven-network-only,r15c observed requirements plus outcome-informed static latent candidates; latent order is not execution order,not-tested,,[],[],outside-32-APK-scan,"[""jobscheduler-startup""]","[""jobscheduler-startup""]"
fd-binaryeye,428c26249c706bd79610d03a1a985dcc0efd9dd5469fc9be92c703459a4d5f93,de.markusfisch.android.binaryeye,v3a+r15c be7731a4 on 5cd before network rollout,"r16 plus dual-layer networking, pending verification",exact,blank,/Users/zhaoyue/orca/workspaces/westlake-harness/.octos/boards/app-lighting.md:1591,2,2,True,True,null,"[{""line"":325,""pid"":3496,""ppid"":5168,""uid"":20010222,""name"":""appspawn-x""}]",evidence/records/fd-binaryeye/record.json,unclassified,09-29 19:11:34.888  3496  3496 I C00f00/AppSpawnXJava: [stderr] Caused by: java.lang.ClassNotFoundException: kotlinx.coroutines.CoroutineStart,unknown,[],[],"[""coroutine-class-warning"",""connectivity-interface-warning""]","[""sharedpreferences-null"",""window-type-flags"",""native-bionic-header"",""velocitytracker-jni""]",retained as latent r13 risk; not confirmed unresolved on r15c,False,not-proven-network-only,r15c observed requirements plus outcome-informed static latent candidates; latent order is not execution order,not-tested,blank/black cause unresolved,"[""app-native-loader"",""common-event-jni""]",[],exact-APK,"[""app-native-loader"",""common-event-jni"",""sharedpreferences-null"",""window-type-flags"",""native-bionic-header"",""velocitytracker-jni""]",[]
toutiao,a1112a0c941f865847c2fab9138cf815735268fbfcd41d697412fb80992c7395,com.ss.android.article.news,v3a+r15c be7731a4 on 5cd before network rollout,"r16 plus dual-layer networking, pending verification",not-scanned,not-adjudicated,unknown,0,0,null,null,null,null,evidence/records/toutiao/record.json,no-fatal-found,null,unknown,[],[],[],[],outside original 32 APK scan,False,not-proven-network-only,r15c observed requirements plus outcome-informed static latent candidates; latent order is not execution order,not-tested,install-or-launch failed before screenshot,[],[],outside-32-APK-scan,[],[]
mcdonalds,2fdb9b0be1d4f7cd61854c18d6a180e915e68d521d87d17ff193f969b1e89f72,com.mcdonalds.app,v3a+r15c be7731a4 on 5cd before network rollout,"r16 plus dual-layer networking, pending verification",not-scanned,not-adjudicated,unknown,2,2,False,False,null,[],evidence/records/mcdonalds/record.json,unclassified,09-29 19:12:20.456  4744  4744 E C00f00/AppSpawnXInit: Caused by: java.lang.NullPointerException: Attempt to invoke interface method 'com.mcdonalds.mcdcoreapp.helper.interfaces.OrderingManagerInteractor com.mcdonalds.mcdcoreapp.common.di.Da,app-native-loader,[],"[""app-native-loader""]","[""connectivity-interface-warning""]",[],outside original 32 APK scan,False,not-proven-network-only,r15c observed requirements plus outcome-informed static latent candidates; latent order is not execution order,not-tested,,[],[],outside-32-APK-scan,"[""app-native-loader""]","[""app-native-loader""]"
burgerking,635fe97c7cb00bbcd5ee0d1e00815addef23a930ef2225c6d7e3dd5c376c4502,com.emn8.mobilem8.nativeapp.bk,v3a+r15c be7731a4 on 5cd before network rollout,"r16 plus dual-layer networking, pending verification",exact,not-adjudicated,unknown,2,2,False,False,null,[],evidence/records/burgerking/record.json,dlopen-ns,09-29 19:12:56.944  5968  5968 I C00f00/AppSpawnXJava: [stderr] java.lang.UnsatisfiedLinkError: F02-A12-MISSING-DEPENDENCY: dlopen_ns failed for libNitroMmkv.so: Error loading shared library libNitroMmkv.so: No such file or directory,jobscheduler-startup,"[""jobscheduler-startup""]","[""common-event-jni"",""app-native-loader""]","[""connectivity-interface-warning""]","[""window-type-flags"",""in-app-bindservice"",""velocitytracker-jni"",""sharedpreferences-null""]",retained as latent r13 risk; not confirmed unresolved on r15c,False,not-proven-network-only,r15c observed requirements plus outcome-informed static latent candidates; latent order is not execution order,not-tested,,"[""jobscheduler-startup"",""common-event-jni"",""shortcutmanager"",""egl-camera-jni""]","[""jobscheduler-startup"",""common-event-jni""]",exact-APK,"[""jobscheduler-startup"",""common-event-jni"",""app-native-loader"",""shortcutmanager"",""egl-camera-jni"",""window-type-flags"",""in-app-bindservice"",""velocitytracker-jni"",""sharedpreferences-null""]","[""jobscheduler-startup"",""common-event-jni"",""app-native-loader""]"
subwaysurfers,5904cda2c0f2a8898f49c06eef80df13f864be9d874370ac6430c427d34a2a4b,com.kiloo.subwaysurf,v3a+r15c be7731a4 on 5cd before network rollout,"r16 plus dual-layer networking, pending verification",not-scanned,not-adjudicated,unknown,0,0,null,null,null,null,evidence/records/subwaysurfers/record.json,no-fatal-found,null,unknown,[],[],[],[],outside original 32 APK scan,False,not-proven-network-only,r15c observed requirements plus outcome-informed static latent candidates; latent order is not execution order,not-tested,install-or-launch failed before screenshot,[],[],outside-32-APK-scan,[],[]
firefox,eba96cc660d0a49116db37c97535d01d809b21e217d4f24909eb33bf912882fc,org.mozilla.firefox,v3a+r15c be7731a4 on 5cd before network rollout,"r16 plus dual-layer networking, pending verification",not-scanned,not-adjudicated,unknown,2,2,False,False,null,[],evidence/records/firefox/record.json,unclassified,09-29 19:13:36.245  7158  7158 E C00f00/AppSpawnXInit: Caused by: java.lang.UnsatisfiedLinkError: Native library (com/sun/jna/android-aarch64/libjnidispatch.so) not found in resource path (.),common-event-jni,[],"[""common-event-jni"",""jna-native-resource""]","[""connectivity-interface-warning""]",[],outside original 32 APK scan,False,not-proven-network-only,r15c observed requirements plus outcome-informed static latent candidates; latent order is not execution order,not-tested,,[],[],outside-32-APK-scan,"[""common-event-jni"",""jna-native-resource""]","[""common-event-jni"",""jna-native-resource""]"
vlc,c493c167de52724dbdd727fd6e20ec43d89200a847fb7b7d88da850faf336bcd,org.videolan.vlc,v3a+r15c be7731a4 on 5cd before network rollout,"r16 plus dual-layer networking, pending verification",not-scanned,black,/Users/zhaoyue/orca/workspaces/westlake-harness/.octos/boards/app-lighting.md:1591,2,2,True,True,null,"[{""line"":331,""pid"":8561,""ppid"":5168,""uid"":20010226,""name"":""appspawn-x""}]",evidence/records/vlc/record.json,unclassified,"09-29 19:14:22.874  8561  8631 I C00f00/AppSpawnXJava: [stderr] Caused by: java.lang.UnsatisfiedLinkError: No implementation found for int adapter.activity.ActivityManagerAdapter.nativePublishCommonEvent(java.lang.String, java.lang.String, ",common-event-jni,[],"[""common-event-jni""]","[""connectivity-interface-warning""]",[],outside original 32 APK scan,False,not-proven-network-only,r15c observed requirements plus outcome-informed static latent candidates; latent order is not execution order,not-tested,blank/black cause unresolved,[],[],outside-32-APK-scan,"[""common-event-jni""]","[""common-event-jni""]"
localsend,82ec3568fba2aa5295b9aae8b76f701d7a4703d86b9f8bad749472038fbaeab3,org.localsend.localsend_app,v3a+r15c be7731a4 on 5cd before network rollout,"r16 plus dual-layer networking, pending verification",exact,not-adjudicated,unknown,2,2,False,False,null,[],evidence/records/localsend/record.json,unclassified,09-29 19:15:09.317  9951  9951 E C00f00/AppSpawnXInit: Caused by: java.lang.UnsatisfiedLinkError: current thread is not READY for guest dlopen,guest-thread-ready,[],"[""guest-thread-ready""]","[""coroutine-class-warning"",""connectivity-interface-warning""]","[""window-type-flags"",""native-bionic-header"",""velocitytracker-jni"",""sharedpreferences-null""]",retained as latent r13 risk; not confirmed unresolved on r15c,False,not-proven-network-only,r15c observed requirements plus outcome-informed static latent candidates; latent order is not execution order,not-tested,,"[""guest-thread-ready"",""shortcutmanager"",""app-native-loader"",""common-event-jni""]","[""guest-thread-ready""]",exact-APK,"[""guest-thread-ready"",""shortcutmanager"",""app-native-loader"",""common-event-jni"",""window-type-flags"",""native-bionic-header"",""velocitytracker-jni"",""sharedpreferences-null""]","[""guest-thread-ready""]"
ppsspp,44e1ecb9268702fb65adcee14cffb6cdc3607e87abcf409004c9bdb6b2543f6c,org.ppsspp.ppsspp,v3a+r15c be7731a4 on 5cd before network rollout,"r16 plus dual-layer networking, pending verification",not-scanned,not-adjudicated,unknown,2,2,False,False,null,[],evidence/records/ppsspp/record.json,unclassified,09-29 19:15:48.098 11107 11158 W C03f07/MUSL-LDSO: dlopen_impl load library header failed for /system/lib64/libGLESv3.so,app-native-loader,[],"[""app-native-loader""]","[""coroutine-class-warning"",""connectivity-interface-warning""]",[],outside original 32 APK scan,False,not-proven-network-only,r15c observed requirements plus outcome-informed static latent candidates; latent order is not execution order,not-tested,,[],[],outside-32-APK-scan,"[""app-native-loader""]","[""app-native-loader""]"
mindustry,96f8dacbd2de964a26079dcd1928b3e5ca7d9b99207571acc802f7c7cff34508,io.anuke.mindustry,v3a+r15c be7731a4 on 5cd before network rollout,"r16 plus dual-layer networking, pending verification",exact,not-adjudicated,unknown,2,2,False,False,null,[],evidence/records/mindustry/record.json,dlopen-ns,09-29 19:16:33.758 12471 12471 E C00f00/AppSpawnXInit: Caused by: java.lang.UnsatisfiedLinkError: F02-A12-UNCLASSIFIED: dlopen_ns failed for /data/app/el1/bundle/public/io.anuke.mindustry/android/lib/arm64-v8a/libarc.so: Error loading share,app-native-loader,[],"[""app-native-loader""]","[""coroutine-class-warning"",""connectivity-interface-warning""]","[""native-bionic-header""]",retained as latent r13 risk; not confirmed unresolved on r15c,False,not-proven-network-only,r15c observed requirements plus outcome-informed static latent candidates; latent order is not execution order,not-tested,,"[""egl-camera-jni"",""app-native-loader""]","[""egl-camera-jni""]",exact-APK,"[""app-native-loader"",""egl-camera-jni"",""native-bionic-header""]","[""app-native-loader""]"
x,5e9c8e4bbb525a2140292f8f96ab6cc0af403dfcd07667b8678aebb44fb52354,com.twitter.android,v3a+r15c be7731a4 on 5cd before network rollout,"r16 plus dual-layer networking, pending verification",not-scanned,not-adjudicated,unknown,0,0,null,null,null,null,evidence/records/x/record.json,no-fatal-found,null,unknown,[],[],[],[],outside original 32 APK scan,False,not-proven-network-only,r15c observed requirements plus outcome-informed static latent candidates; latent order is not execution order,not-tested,install-or-launch failed before screenshot,[],[],outside-32-APK-scan,[],[]
noice,bbb21d7321668031774b5fc2e44ce632d7b2538853e09083a258f127631e845d,com.github.ashutoshgngwr.noice,v3a+r15c be7731a4 on 5cd before network rollout,"r16 plus dual-layer networking, pending verification",exact,own-ui,/Users/zhaoyue/orca/workspaces/westlake-harness/.octos/boards/app-lighting.md:1591,2,2,True,True,null,"[{""line"":335,""pid"":13689,""ppid"":5168,""uid"":20010230,""name"":""appspawn-x""}]",evidence/records/noice/record.json,unclassified,09-29 19:17:13.954 13689 13740 W C03f07/MUSL-LDSO: dlopen_impl load library header failed for /system/lib64/libGLESv3.so,network-permission,[],"[""network-permission""]","[""connectivity-interface-warning""]","[""in-app-bindservice"",""sharedpreferences-null"",""window-type-flags"",""velocitytracker-jni""]",retained as latent r13 risk; not confirmed unresolved on r15c,True,may-load-online-content; own UI already accepted,r15c observed requirements plus outcome-informed static latent candidates; latent order is not execution order,not-tested,,"[""jobscheduler-startup"",""common-event-jni"",""shortcutmanager""]","[""jobscheduler-startup"",""common-event-jni""]",exact-APK,"[""network-permission"",""jobscheduler-startup"",""common-event-jni"",""shortcutmanager"",""in-app-bindservice"",""sharedpreferences-null"",""window-type-flags"",""velocitytracker-jni""]","[""network-permission""]"
