key,new_record_status,new_lit,old_lit,old_observed,old_wall,old_launcher,new_launcher,launcher_changed,apk_same,new_captured,new_t5_alive,new_t20_alive,old_t5_alive,old_t20_alive,new_startability_codes,old_startability_codes,installer_effect_causal,new_record,old_record,old_source_run,new_screenshots,old_screenshot,same_profile_score_eligible,new_background,old_background,new_internet,old_internet,new_apk_sha256,old_apk_sha256,new_clicked,new_clicked_at,new_record_errors,new_captures_verified,new_record_error,new_target_pids,new_log_sha256,new_clue_count,new_first_observed_clue,first_clue_policy,installer_mechanism
wikipedia,foreground_unconfirmed,pending_outer_review,no,不变,EGL_NO_SURFACE / hwui abort,org.wikipedia.DefaultIcon,org.wikipedia.DefaultIcon,False,True,2,True,False,False,False,[0],[0],unknown; board/JAR/installer/protocol/app state change together,/Users/zhaoyue/orca/workspaces/westlake-harness/benchmark/2026-09-30-r17p-61b-sweep/runs/r17p-all-61b/61b0657200000000000000000324012c/wikipedia/record.json,/Users/zhaoyue/orca/workspaces/westlake-harness-bms/benchmark/2026-09-30-v3c-r17j-prospective/backtests/v2-5ea/source-records/wikipedia/record.json,/Users/zhaoyue/orca/workspaces/westlake-harness/benchmark/2026-09-30-v3c-5ea-sweep/runs/v3c-all-5ea/5ea34a4500000000000000001123012c,"[{""path"": ""/Users/zhaoyue/orca/workspaces/westlake-harness/benchmark/2026-09-30-r17p-61b-sweep/runs/r17p-all-61b/61b0657200000000000000000324012c/wikipedia/t5.jpeg"", ""sha256"": ""68e302abbbf0530283f8650295ca22367d2c3578d0ebce03d439b1e68b7367ec"", ""valid"": true, ""scheduled_seconds"": 5.0}, {""path"": ""/Users/zhaoyue/orca/workspaces/westlake-harness/benchmark/2026-09-30-r17p-61b-sweep/runs/r17p-all-61b/61b0657200000000000000000324012c/wikipedia/t20.jpeg"", ""sha256"": ""9b1d5042f926a88d01294470b8d5182100f73b7caccc3b565b8599b96481d06e"", ""valid"": true, ""scheduled_seconds"": 20.0}]",/Users/zhaoyue/orca/workspaces/westlake-harness/benchmark/2026-09-30-v3c-5ea-sweep/runs/v3c-all-5ea/5ea34a4500000000000000001123012c/wikipedia/t20.jpeg,False,absent,granted,granted,granted,eba82a0f77940d8a6be5bd2e53723675a59859a6c8a51be5e50bd034fc77101f,eba82a0f77940d8a6be5bd2e53723675a59859a6c8a51be5e50bd034fc77101f,True,1790717485.783084,[],2,unknown,[5923],9733ec975b88ea9d54c674355b5838a5f031078e3645cbf7de898e234cd1b075,7,"{""line"": 16687, ""pid"": 5923, ""text"": ""09-30 05:31:25.822  5923  5923 E C05a05/SecCompEnhanceAdapter: [InitEnhanceHandler]init enhance lib libsecurity_component_client_enhance.z.so failed, error Error loading shared library libsecurity_component_client_enhance.z.so: No such file or directory""}","chronological observed diagnostic, may be tolerated; not adjudicated first blocking wall",background_grant_lost; impact_unproven
termux,foreground_unconfirmed,pending_outer_review,no,不变,StartAbility returned 2097205,com.termux.app.TermuxActivity,com.termux.app.TermuxActivity,False,True,2,True,True,True,True,[2097205],[2097205],unknown; board/JAR/installer/protocol/app state change together,/Users/zhaoyue/orca/workspaces/westlake-harness/benchmark/2026-09-30-r17p-61b-sweep/runs/r17p-all-61b/61b0657200000000000000000324012c/termux/record.json,/Users/zhaoyue/orca/workspaces/westlake-harness-bms/benchmark/2026-09-30-v3c-r17j-prospective/backtests/v2-5ea/source-records/termux/record.json,/Users/zhaoyue/orca/workspaces/westlake-harness/benchmark/2026-09-30-v3c-5ea-sweep/runs/v3c-all-5ea/5ea34a4500000000000000001123012c,"[{""path"": ""/Users/zhaoyue/orca/workspaces/westlake-harness/benchmark/2026-09-30-r17p-61b-sweep/runs/r17p-all-61b/61b0657200000000000000000324012c/termux/t5.jpeg"", ""sha256"": ""cef842f894bdd5d8a186e1a9b42ed8c1b0e88fba34ed4b0a246e43beaf884e48"", ""valid"": true, ""scheduled_seconds"": 5.0}, {""path"": ""/Users/zhaoyue/orca/workspaces/westlake-harness/benchmark/2026-09-30-r17p-61b-sweep/runs/r17p-all-61b/61b0657200000000000000000324012c/termux/t20.jpeg"", ""sha256"": ""cef842f894bdd5d8a186e1a9b42ed8c1b0e88fba34ed4b0a246e43beaf884e48"", ""valid"": true, ""scheduled_seconds"": 20.0}]",/Users/zhaoyue/orca/workspaces/westlake-harness/benchmark/2026-09-30-v3c-5ea-sweep/runs/v3c-all-5ea/5ea34a4500000000000000001123012c/termux/t20.jpeg,False,absent,granted,granted,granted,e6265a57eb5ca363808488e3b01955958bed93bc0c8a0d281849b363b11027ec,e6265a57eb5ca363808488e3b01955958bed93bc0c8a0d281849b363b11027ec,True,1790717532.722039,[],2,unknown,[7455],4105a864c6a487fbf2aee9654e7ab2c66c84a90dd9525d0d3aff9c5051f59369,6,"{""line"": 10097, ""pid"": 7455, ""text"": ""09-30 05:32:12.767  7455  7455 E C05a05/SecCompEnhanceAdapter: [InitEnhanceHandler]init enhance lib libsecurity_component_client_enhance.z.so failed, error Error loading shared library libsecurity_component_client_enhance.z.so: No such file or directory""}","chronological observed diagnostic, may be tolerated; not adjudicated first blocking wall",background_grant_lost_and_nonzero_dispatch; causal_link_unproven
ooniprobe,foreground_unconfirmed,pending_outer_review,yes,亮,JNA background error tolerated on introduction page,org.ooni.probe.MainActivity,org.ooni.probe.MainActivity,False,True,2,True,True,True,True,[],[],unknown; board/JAR/installer/protocol/app state change together,/Users/zhaoyue/orca/workspaces/westlake-harness/benchmark/2026-09-30-r17p-61b-sweep/runs/r17p-all-61b/61b0657200000000000000000324012c/ooniprobe/record.json,/Users/zhaoyue/orca/workspaces/westlake-harness-bms/benchmark/2026-09-30-v3c-r17j-prospective/backtests/v2-5ea/source-records/ooniprobe/record.json,/Users/zhaoyue/orca/workspaces/westlake-harness/benchmark/2026-09-30-v3c-5ea-sweep/runs/v3c-all-5ea/5ea34a4500000000000000001123012c,"[{""path"": ""/Users/zhaoyue/orca/workspaces/westlake-harness/benchmark/2026-09-30-r17p-61b-sweep/runs/r17p-all-61b/61b0657200000000000000000324012c/ooniprobe/t5.jpeg"", ""sha256"": ""e8809ffa0c2048254c7035909a0df53f2f7fd954c0ef152df4cbcb8bc856d68b"", ""valid"": true, ""scheduled_seconds"": 5.0}, {""path"": ""/Users/zhaoyue/orca/workspaces/westlake-harness/benchmark/2026-09-30-r17p-61b-sweep/runs/r17p-all-61b/61b0657200000000000000000324012c/ooniprobe/t20.jpeg"", ""sha256"": ""e8809ffa0c2048254c7035909a0df53f2f7fd954c0ef152df4cbcb8bc856d68b"", ""valid"": true, ""scheduled_seconds"": 20.0}]",/Users/zhaoyue/orca/workspaces/westlake-harness/benchmark/2026-09-30-v3c-5ea-sweep/runs/v3c-all-5ea/5ea34a4500000000000000001123012c/ooniprobe/t20.jpeg,False,absent,granted,granted,granted,7a5bc50be59ad5ed7526dd510a2128a6dc92ba08bd272e3645622783ba91a319,7a5bc50be59ad5ed7526dd510a2128a6dc92ba08bd272e3645622783ba91a319,True,1790717585.220639,[],2,unknown,[9213],e50c8ff021c14d319e83260125f92b645f43cf3f3b50010ce6a7f69c954d9b22,8,"{""line"": 16608, ""pid"": 9213, ""text"": ""09-30 05:33:05.236  9213  9213 E C05a05/SecCompEnhanceAdapter: [InitEnhanceHandler]init enhance lib libsecurity_component_client_enhance.z.so failed, error Error loading shared library libsecurity_component_client_enhance.z.so: No such file or directory""}","chronological observed diagnostic, may be tolerated; not adjudicated first blocking wall",background_grant_lost; impact_unproven
antennapod,foreground_unconfirmed,pending_outer_review,no,unknown,OpenSSLProvider missing; FeedUpdateManager null,de.danoeh.antennapod.activity.SplashActivity,de.danoeh.antennapod.activity.SplashActivity,False,True,2,False,False,False,False,[0],[0],unknown; board/JAR/installer/protocol/app state change together,/Users/zhaoyue/orca/workspaces/westlake-harness/benchmark/2026-09-30-r17p-61b-sweep/runs/r17p-all-61b/61b0657200000000000000000324012c/antennapod/record.json,/Users/zhaoyue/orca/workspaces/westlake-harness-bms/benchmark/2026-09-30-v3c-r17j-prospective/backtests/v2-5ea/source-records/antennapod/record.json,/Users/zhaoyue/orca/workspaces/westlake-harness/benchmark/2026-09-30-v3c-5ea-sweep/runs/v3c-all-5ea/5ea34a4500000000000000001123012c,"[{""path"": ""/Users/zhaoyue/orca/workspaces/westlake-harness/benchmark/2026-09-30-r17p-61b-sweep/runs/r17p-all-61b/61b0657200000000000000000324012c/antennapod/t5.jpeg"", ""sha256"": ""2ae5db87e0ea7f50ca717d198d371f52c10302a72107ec3a9ddeb78274118abf"", ""valid"": true, ""scheduled_seconds"": 5.0}, {""path"": ""/Users/zhaoyue/orca/workspaces/westlake-harness/benchmark/2026-09-30-r17p-61b-sweep/runs/r17p-all-61b/61b0657200000000000000000324012c/antennapod/t20.jpeg"", ""sha256"": ""be6218ac1cbf95e8c06d9de87dff45b107792cd6bacc8813281e6c4dc2d2c808"", ""valid"": true, ""scheduled_seconds"": 20.0}]",/Users/zhaoyue/orca/workspaces/westlake-harness/benchmark/2026-09-30-v3c-5ea-sweep/runs/v3c-all-5ea/5ea34a4500000000000000001123012c/antennapod/t20.jpeg,False,absent,granted,granted,granted,3f43a4337a693cdb49141afe06cb596e88c796009ed77bff51e9444ce2d1ebfc,3f43a4337a693cdb49141afe06cb596e88c796009ed77bff51e9444ce2d1ebfc,True,1790717631.610549,[],2,unknown,[10763],87c86614e1e167deffe00b29c9d84d192f532aed4fcbb3576d8985b082c2bc7b,5,"{""line"": 16502, ""pid"": 10763, ""text"": ""09-30 05:33:51.628 10763 10763 E C05a05/SecCompEnhanceAdapter: [InitEnhanceHandler]init enhance lib libsecurity_component_client_enhance.z.so failed, error Error loading shared library libsecurity_component_client_enhance.z.so: No such file or directory""}","chronological observed diagnostic, may be tolerated; not adjudicated first blocking wall",background_grant_lost; impact_unproven
aegis,foreground_unconfirmed,pending_outer_review,yes,亮,,com.beemdevelopment.aegis.ui.MainActivity,com.beemdevelopment.aegis.ui.MainActivity,False,True,2,True,True,True,True,[0],[0],unknown; board/JAR/installer/protocol/app state change together,/Users/zhaoyue/orca/workspaces/westlake-harness/benchmark/2026-09-30-r17p-61b-sweep/runs/r17p-all-61b/61b0657200000000000000000324012c/aegis/record.json,/Users/zhaoyue/orca/workspaces/westlake-harness-bms/benchmark/2026-09-30-v3c-r17j-prospective/backtests/v2-5ea/source-records/aegis/record.json,/Users/zhaoyue/orca/workspaces/westlake-harness/benchmark/2026-09-30-v3c-5ea-sweep/runs/v3c-all-5ea/5ea34a4500000000000000001123012c,"[{""path"": ""/Users/zhaoyue/orca/workspaces/westlake-harness/benchmark/2026-09-30-r17p-61b-sweep/runs/r17p-all-61b/61b0657200000000000000000324012c/aegis/t5.jpeg"", ""sha256"": ""6e19b9a28eb002e2165cc0a2e0a48de2514c17c025eddfe9c44946a901dc52a7"", ""valid"": true, ""scheduled_seconds"": 5.0}, {""path"": ""/Users/zhaoyue/orca/workspaces/westlake-harness/benchmark/2026-09-30-r17p-61b-sweep/runs/r17p-all-61b/61b0657200000000000000000324012c/aegis/t20.jpeg"", ""sha256"": ""6e19b9a28eb002e2165cc0a2e0a48de2514c17c025eddfe9c44946a901dc52a7"", ""valid"": true, ""scheduled_seconds"": 20.0}]",/Users/zhaoyue/orca/workspaces/westlake-harness/benchmark/2026-09-30-v3c-5ea-sweep/runs/v3c-all-5ea/5ea34a4500000000000000001123012c/aegis/t20.jpeg,False,absent,granted,absent,absent,0eecec45de0da3ff1358004b51e2960d9178551643a6ed44f6496ea9ec999c19,0eecec45de0da3ff1358004b51e2960d9178551643a6ed44f6496ea9ec999c19,True,1790717678.266975,[],2,unknown,[12399],82cc46c85c73eec3a30095263032b3dac7e66bb425736d5fea57b242e3fce7bd,5,"{""line"": 16543, ""pid"": 12399, ""text"": ""09-30 05:34:38.269 12399 12399 E C05a05/SecCompEnhanceAdapter: [InitEnhanceHandler]init enhance lib libsecurity_component_client_enhance.z.so failed, error Error loading shared library libsecurity_component_client_enhance.z.so: No such file or directory""}","chronological observed diagnostic, may be tolerated; not adjudicated first blocking wall",background_grant_lost; impact_unproven
fd-AppManager,foreground_unconfirmed,pending_outer_review,no,unknown,Blank KeyStoreActivity after successful background dispatch,io.github.muntashirakon.AppManager.main.SplashActivity,io.github.muntashirakon.AppManager.main.SplashActivity,False,True,2,True,True,True,True,[0],[0],unknown; board/JAR/installer/protocol/app state change together,/Users/zhaoyue/orca/workspaces/westlake-harness/benchmark/2026-09-30-r17p-61b-sweep/runs/r17p-all-61b/61b0657200000000000000000324012c/fd-AppManager/record.json,/Users/zhaoyue/orca/workspaces/westlake-harness-bms/benchmark/2026-09-30-v3c-r17j-prospective/backtests/v2-5ea/source-records/fd-AppManager/record.json,/Users/zhaoyue/orca/workspaces/westlake-harness/benchmark/2026-09-30-v3c-5ea-sweep/runs/v3c-all-5ea/5ea34a4500000000000000001123012c,"[{""path"": ""/Users/zhaoyue/orca/workspaces/westlake-harness/benchmark/2026-09-30-r17p-61b-sweep/runs/r17p-all-61b/61b0657200000000000000000324012c/fd-AppManager/t5.jpeg"", ""sha256"": ""fba4049f2708bfe5f693872e6eab08185c5900f68e3af63ba2a9f47d0c3ec948"", ""valid"": true, ""scheduled_seconds"": 5.0}, {""path"": ""/Users/zhaoyue/orca/workspaces/westlake-harness/benchmark/2026-09-30-r17p-61b-sweep/runs/r17p-all-61b/61b0657200000000000000000324012c/fd-AppManager/t20.jpeg"", ""sha256"": ""fba4049f2708bfe5f693872e6eab08185c5900f68e3af63ba2a9f47d0c3ec948"", ""valid"": true, ""scheduled_seconds"": 20.0}]",/Users/zhaoyue/orca/workspaces/westlake-harness/benchmark/2026-09-30-v3c-5ea-sweep/runs/v3c-all-5ea/5ea34a4500000000000000001123012c/fd-AppManager/t20.jpeg,False,absent,granted,granted,granted,e1f6ba10812c74016ad626e11e27a1ae450aec2c0964a11466abb9e7a9c8ef84,e1f6ba10812c74016ad626e11e27a1ae450aec2c0964a11466abb9e7a9c8ef84,True,1790717729.0213702,[],2,unknown,[14103],03c07ee80dcd98c4c9e3b3726d2308bc5026dee68ce3456f439eb9c112bd586f,5,"{""line"": 16660, ""pid"": 14103, ""text"": ""09-30 05:35:29.059 14103 14103 E C05a05/SecCompEnhanceAdapter: [InitEnhanceHandler]init enhance lib libsecurity_component_client_enhance.z.so failed, error Error loading shared library libsecurity_component_client_enhance.z.so: No such file or directory""}","chronological observed diagnostic, may be tolerated; not adjudicated first blocking wall",background_grant_lost; impact_unproven
fd-auxio,foreground_unconfirmed,pending_outer_review,yes,亮,,org.oxycblt.auxio.MainActivity,org.oxycblt.auxio.MainActivity,False,True,2,True,True,True,True,[2097205],[2097205],unknown; board/JAR/installer/protocol/app state change together,/Users/zhaoyue/orca/workspaces/westlake-harness/benchmark/2026-09-30-r17p-61b-sweep/runs/r17p-all-61b/61b0657200000000000000000324012c/fd-auxio/record.json,/Users/zhaoyue/orca/workspaces/westlake-harness-bms/benchmark/2026-09-30-v3c-r17j-prospective/backtests/v2-5ea/source-records/fd-auxio/record.json,/Users/zhaoyue/orca/workspaces/westlake-harness/benchmark/2026-09-30-v3c-5ea-sweep/runs/v3c-all-5ea/5ea34a4500000000000000001123012c,"[{""path"": ""/Users/zhaoyue/orca/workspaces/westlake-harness/benchmark/2026-09-30-r17p-61b-sweep/runs/r17p-all-61b/61b0657200000000000000000324012c/fd-auxio/t5.jpeg"", ""sha256"": ""611cf64bf0f2e82f3273b6b0baed8af41519e9983a2176bc4b1d50fd6a21c93d"", ""valid"": true, ""scheduled_seconds"": 5.0}, {""path"": ""/Users/zhaoyue/orca/workspaces/westlake-harness/benchmark/2026-09-30-r17p-61b-sweep/runs/r17p-all-61b/61b0657200000000000000000324012c/fd-auxio/t20.jpeg"", ""sha256"": ""611cf64bf0f2e82f3273b6b0baed8af41519e9983a2176bc4b1d50fd6a21c93d"", ""valid"": true, ""scheduled_seconds"": 20.0}]",/Users/zhaoyue/orca/workspaces/westlake-harness/benchmark/2026-09-30-v3c-5ea-sweep/runs/v3c-all-5ea/5ea34a4500000000000000001123012c/fd-auxio/t20.jpeg,False,absent,granted,absent,absent,c2053d36c28dbe74de40eadcd8978ec874c465ed3352bba655d4b2b364780b45,c2053d36c28dbe74de40eadcd8978ec874c465ed3352bba655d4b2b364780b45,True,1790717774.488193,[],2,unknown,[15656],5d12803dbb5fc2268922c8b8418a0fd02223911c83fe31023cf3bd8df39c3418,5,"{""line"": 16264, ""pid"": 15656, ""text"": ""09-30 05:36:14.479 15656 15656 E C05a05/SecCompEnhanceAdapter: [InitEnhanceHandler]init enhance lib libsecurity_component_client_enhance.z.so failed, error Error loading shared library libsecurity_component_client_enhance.z.so: No such file or directory""}","chronological observed diagnostic, may be tolerated; not adjudicated first blocking wall",background_grant_lost_and_nonzero_dispatch; causal_link_unproven
fd-com-amaze-filemanager,foreground_unconfirmed,pending_outer_review,no,unknown,AppConfig / OpenSSLProvider class initialization,com.amaze.filemanager.ui.activities.MainActivity,com.amaze.filemanager.ui.activities.MainActivity,False,True,2,True,True,False,False,[],[],unknown; board/JAR/installer/protocol/app state change together,/Users/zhaoyue/orca/workspaces/westlake-harness/benchmark/2026-09-30-r17p-61b-sweep/runs/r17p-all-61b/61b0657200000000000000000324012c/fd-com-amaze-filemanager/record.json,/Users/zhaoyue/orca/workspaces/westlake-harness-bms/benchmark/2026-09-30-v3c-r17j-prospective/backtests/v2-5ea/source-records/fd-com-amaze-filemanager/record.json,/Users/zhaoyue/orca/workspaces/westlake-harness/benchmark/2026-09-30-v3c-5ea-sweep/runs/v3c-all-5ea/5ea34a4500000000000000001123012c,"[{""path"": ""/Users/zhaoyue/orca/workspaces/westlake-harness/benchmark/2026-09-30-r17p-61b-sweep/runs/r17p-all-61b/61b0657200000000000000000324012c/fd-com-amaze-filemanager/t5.jpeg"", ""sha256"": ""ac83072a7e83becd4d8d6254781ec57d03f8d47a87a380399e40aaa8444ecd10"", ""valid"": true, ""scheduled_seconds"": 5.0}, {""path"": ""/Users/zhaoyue/orca/workspaces/westlake-harness/benchmark/2026-09-30-r17p-61b-sweep/runs/r17p-all-61b/61b0657200000000000000000324012c/fd-com-amaze-filemanager/t20.jpeg"", ""sha256"": ""ac83072a7e83becd4d8d6254781ec57d03f8d47a87a380399e40aaa8444ecd10"", ""valid"": true, ""scheduled_seconds"": 20.0}]",/Users/zhaoyue/orca/workspaces/westlake-harness/benchmark/2026-09-30-v3c-5ea-sweep/runs/v3c-all-5ea/5ea34a4500000000000000001123012c/fd-com-amaze-filemanager/t20.jpeg,False,absent,granted,granted,granted,35e0338dac1bf026f22d91e1b096c1c6eff1424ad7d6be52a7f8d3fe50987530,35e0338dac1bf026f22d91e1b096c1c6eff1424ad7d6be52a7f8d3fe50987530,True,1790717823.046154,[],2,unknown,[17192],6a1770f5353fc5236adc3b3171effd733976cfbbe37047304eb5b7bb14212291,16,"{""line"": 16467, ""pid"": 17192, ""text"": ""09-30 05:37:03.048 17192 17192 E C05a05/SecCompEnhanceAdapter: [InitEnhanceHandler]init enhance lib libsecurity_component_client_enhance.z.so failed, error Error loading shared library libsecurity_component_client_enhance.z.so: No such file or directory""}","chronological observed diagnostic, may be tolerated; not adjudicated first blocking wall",background_grant_lost; impact_unproven
fd-com-kunzisoft-keepass-libre,foreground_unconfirmed,pending_outer_review,yes,亮,,com.kunzisoft.keepass.activities.FileDatabaseSelectActivity,com.kunzisoft.keepass.activities.FileDatabaseSelectActivity,False,True,2,True,True,True,True,[],[],unknown; board/JAR/installer/protocol/app state change together,/Users/zhaoyue/orca/workspaces/westlake-harness/benchmark/2026-09-30-r17p-61b-sweep/runs/r17p-all-61b/61b0657200000000000000000324012c/fd-com-kunzisoft-keepass-libre/record.json,/Users/zhaoyue/orca/workspaces/westlake-harness-bms/benchmark/2026-09-30-v3c-r17j-prospective/backtests/v2-5ea/source-records/fd-com-kunzisoft-keepass-libre/record.json,/Users/zhaoyue/orca/workspaces/westlake-harness/benchmark/2026-09-30-v3c-5ea-sweep/runs/v3c-all-5ea/5ea34a4500000000000000001123012c,"[{""path"": ""/Users/zhaoyue/orca/workspaces/westlake-harness/benchmark/2026-09-30-r17p-61b-sweep/runs/r17p-all-61b/61b0657200000000000000000324012c/fd-com-kunzisoft-keepass-libre/t5.jpeg"", ""sha256"": ""d81f32f5f0151f35327c64fe2813651852d3e372980adba5f493ac00d0da2591"", ""valid"": true, ""scheduled_seconds"": 5.0}, {""path"": ""/Users/zhaoyue/orca/workspaces/westlake-harness/benchmark/2026-09-30-r17p-61b-sweep/runs/r17p-all-61b/61b0657200000000000000000324012c/fd-com-kunzisoft-keepass-libre/t20.jpeg"", ""sha256"": ""c241cf0797e3fcf4603d4f82c929364636408f86a61fa846b2b7266bae773ec4"", ""valid"": true, ""scheduled_seconds"": 20.0}]",/Users/zhaoyue/orca/workspaces/westlake-harness/benchmark/2026-09-30-v3c-5ea-sweep/runs/v3c-all-5ea/5ea34a4500000000000000001123012c/fd-com-kunzisoft-keepass-libre/t20.jpeg,False,absent,granted,absent,absent,862f87a30baef06181f049adf7c460611605b25a807eaf3c25841a9dd84bed9e,862f87a30baef06181f049adf7c460611605b25a807eaf3c25841a9dd84bed9e,True,1790717870.268831,[],2,unknown,[18809],0c20430426fac331555b125310e22af9a245b0d8f931babd3e5a1b8672991b13,4,"{""line"": 16436, ""pid"": 18809, ""text"": ""09-30 05:37:50.265 18809 18809 E C05a05/SecCompEnhanceAdapter: [InitEnhanceHandler]init enhance lib libsecurity_component_client_enhance.z.so failed, error Error loading shared library libsecurity_component_client_enhance.z.so: No such file or directory""}","chronological observed diagnostic, may be tolerated; not adjudicated first blocking wall",background_grant_lost; impact_unproven
fd-droidify,foreground_unconfirmed,pending_outer_review,no,unknown,OpenSSLProvider class initialization,com.looker.droidify.MainActivity,com.looker.droidify.MainActivity,False,True,2,True,True,False,False,"[2097205, 2097205, 2097205, 2097205]",[],unknown; board/JAR/installer/protocol/app state change together,/Users/zhaoyue/orca/workspaces/westlake-harness/benchmark/2026-09-30-r17p-61b-sweep/runs/r17p-all-61b/61b0657200000000000000000324012c/fd-droidify/record.json,/Users/zhaoyue/orca/workspaces/westlake-harness-bms/benchmark/2026-09-30-v3c-r17j-prospective/backtests/v2-5ea/source-records/fd-droidify/record.json,/Users/zhaoyue/orca/workspaces/westlake-harness/benchmark/2026-09-30-v3c-5ea-sweep/runs/v3c-all-5ea/5ea34a4500000000000000001123012c,"[{""path"": ""/Users/zhaoyue/orca/workspaces/westlake-harness/benchmark/2026-09-30-r17p-61b-sweep/runs/r17p-all-61b/61b0657200000000000000000324012c/fd-droidify/t5.jpeg"", ""sha256"": ""fce38c74b58b274be11953ef622495c553f941afdc92a8d486535a40d31ab012"", ""valid"": true, ""scheduled_seconds"": 5.0}, {""path"": ""/Users/zhaoyue/orca/workspaces/westlake-harness/benchmark/2026-09-30-r17p-61b-sweep/runs/r17p-all-61b/61b0657200000000000000000324012c/fd-droidify/t20.jpeg"", ""sha256"": ""17aa6fa3540f39fc013c2a46b093b6e606e6f8adf302f1ae29ffaf8045320582"", ""valid"": true, ""scheduled_seconds"": 20.0}]",/Users/zhaoyue/orca/workspaces/westlake-harness/benchmark/2026-09-30-v3c-5ea-sweep/runs/v3c-all-5ea/5ea34a4500000000000000001123012c/fd-droidify/t20.jpeg,False,absent,granted,granted,granted,da3070f3f18bdbed1eab666677afd39e4b19a60c70f0bfca68a5730147f81f10,da3070f3f18bdbed1eab666677afd39e4b19a60c70f0bfca68a5730147f81f10,True,1790717923.470952,[],2,unknown,[20598],2082f3fefb60969921f2d660fac789ec71db97ab1f2b4cec7dcf7e365655e407,10,"{""line"": 24553, ""pid"": 20598, ""text"": ""09-30 05:38:43.465 20598 20598 E C05a05/SecCompEnhanceAdapter: [InitEnhanceHandler]init enhance lib libsecurity_component_client_enhance.z.so failed, error Error loading shared library libsecurity_component_client_enhance.z.so: No such file or directory""}","chronological observed diagnostic, may be tolerated; not adjudicated first blocking wall",background_grant_lost_and_nonzero_dispatch; causal_link_unproven
fd-fitness,foreground_unconfirmed,pending_outer_review,yes,亮,,de.tadris.fitness.ui.MainActivity,de.tadris.fitness.ui.MainActivity,False,True,2,True,True,True,True,[],[],unknown; board/JAR/installer/protocol/app state change together,/Users/zhaoyue/orca/workspaces/westlake-harness/benchmark/2026-09-30-r17p-61b-sweep/runs/r17p-all-61b/61b0657200000000000000000324012c/fd-fitness/record.json,/Users/zhaoyue/orca/workspaces/westlake-harness-bms/benchmark/2026-09-30-v3c-r17j-prospective/backtests/v2-5ea/source-records/fd-fitness/record.json,/Users/zhaoyue/orca/workspaces/westlake-harness/benchmark/2026-09-30-v3c-5ea-sweep/runs/v3c-all-5ea/5ea34a4500000000000000001123012c,"[{""path"": ""/Users/zhaoyue/orca/workspaces/westlake-harness/benchmark/2026-09-30-r17p-61b-sweep/runs/r17p-all-61b/61b0657200000000000000000324012c/fd-fitness/t5.jpeg"", ""sha256"": ""7aba1960e071cc7bb9f1943e62d89890b533d8239fd7277cb11a1fdbdf7d5aac"", ""valid"": true, ""scheduled_seconds"": 5.0}, {""path"": ""/Users/zhaoyue/orca/workspaces/westlake-harness/benchmark/2026-09-30-r17p-61b-sweep/runs/r17p-all-61b/61b0657200000000000000000324012c/fd-fitness/t20.jpeg"", ""sha256"": ""d6156eed4e26a517f3a8301a704e46003817ffc760720cac581df3e3eb076f63"", ""valid"": true, ""scheduled_seconds"": 20.0}]",/Users/zhaoyue/orca/workspaces/westlake-harness/benchmark/2026-09-30-v3c-5ea-sweep/runs/v3c-all-5ea/5ea34a4500000000000000001123012c/fd-fitness/t20.jpeg,False,absent,granted,granted,granted,e1708c7c4256748a5825e3f898a6898dac8a0988f6499c78d63ea48bbf8f352b,e1708c7c4256748a5825e3f898a6898dac8a0988f6499c78d63ea48bbf8f352b,True,1790717970.1334982,[],2,unknown,[22220],00d77b2464a09141d3b381cd086f4bee6adf12cf2c13ec501e49985ccb308408,4,"{""line"": 20750, ""pid"": 22220, ""text"": ""09-30 05:39:30.179 22220 22220 E C05a05/SecCompEnhanceAdapter: [InitEnhanceHandler]init enhance lib libsecurity_component_client_enhance.z.so failed, error Error loading shared library libsecurity_component_client_enhance.z.so: No such file or directory""}","chronological observed diagnostic, may be tolerated; not adjudicated first blocking wall",background_grant_lost; impact_unproven
fd-netguard,started,pending_outer_review,yes,亮,,eu.faircode.netguard.ActivityMain,eu.faircode.netguard.ActivityMain,False,True,1,True,unknown,True,True,[],[2097205],unknown; board/JAR/installer/protocol/app state change together,/Users/zhaoyue/orca/workspaces/westlake-harness/benchmark/2026-09-30-r17p-61b-sweep/runs/r17p-all-61b/61b0657200000000000000000324012c/fd-netguard/record.json,/Users/zhaoyue/orca/workspaces/westlake-harness-bms/benchmark/2026-09-30-v3c-r17j-prospective/backtests/v2-5ea/source-records/fd-netguard/record.json,/Users/zhaoyue/orca/workspaces/westlake-harness/benchmark/2026-09-30-v3c-5ea-sweep/runs/v3c-all-5ea/5ea34a4500000000000000001123012c,"[{""path"": ""/Users/zhaoyue/orca/workspaces/westlake-harness/benchmark/2026-09-30-r17p-61b-sweep/runs/r17p-all-61b/61b0657200000000000000000324012c/fd-netguard/t5.jpeg"", ""sha256"": ""6f9d05cb8b829fd50040b0e93c4393d2a4e73c40327f9d2e53fe16dc288f4b54"", ""valid"": true, ""scheduled_seconds"": 5.0}]",/Users/zhaoyue/orca/workspaces/westlake-harness/benchmark/2026-09-30-v3c-5ea-sweep/runs/v3c-all-5ea/5ea34a4500000000000000001123012c/fd-netguard/t20.jpeg,False,absent,granted,granted,granted,158b4308da0006298d22ed557adbff24b282fddeb1bc0b3468829a60f405a8c4,158b4308da0006298d22ed557adbff24b282fddeb1bc0b3468829a60f405a8c4,True,1790718018.7571359,[],1,unknown,[],unknown,0,unknown,"chronological observed diagnostic, may be tolerated; not adjudicated first blocking wall",background_grant_lost; impact_unproven
fd-noice,pending,pending_outer_review,no,unknown,Construct-only TLS socket then EGL_NO_SURFACE,com.github.ashutoshgngwr.noice.activity.MainActivity,unknown,unknown,unknown,unknown,unknown,unknown,False,False,[],[0],unknown; board/JAR/installer/protocol/app state change together,/Users/zhaoyue/orca/workspaces/westlake-harness/benchmark/2026-09-30-r17p-61b-sweep/runs/r17p-all-61b/61b0657200000000000000000324012c/fd-noice/record.json,/Users/zhaoyue/orca/workspaces/westlake-harness-bms/benchmark/2026-09-30-v3c-r17j-prospective/backtests/v2-5ea/source-records/fd-noice/record.json,/Users/zhaoyue/orca/workspaces/westlake-harness/benchmark/2026-09-30-v3c-5ea-sweep/runs/v3c-all-5ea/5ea34a4500000000000000001123012c,[],/Users/zhaoyue/orca/workspaces/westlake-harness/benchmark/2026-09-30-v3c-5ea-sweep/runs/v3c-all-5ea/5ea34a4500000000000000001123012c/fd-noice/t20.jpeg,False,unknown,granted,unknown,granted,,,,,,,,,,,,,identity_unknown_or_changed
anki,pending,pending_outer_review,no,不变,librsdroid cannot resolve liblog; DeckPicker lateinit,com.ichi2.anki.IntentHandler,unknown,unknown,unknown,unknown,unknown,unknown,True,True,[],[0],unknown; board/JAR/installer/protocol/app state change together,/Users/zhaoyue/orca/workspaces/westlake-harness/benchmark/2026-09-30-r17p-61b-sweep/runs/r17p-all-61b/61b0657200000000000000000324012c/anki/record.json,/Users/zhaoyue/orca/workspaces/westlake-harness-bms/benchmark/2026-09-30-v3c-r17j-prospective/backtests/v2-5ea/source-records/anki/record.json,/Users/zhaoyue/orca/workspaces/westlake-harness/benchmark/2026-09-30-v3c-5ea-sweep/runs/v3c-all-5ea/5ea34a4500000000000000001123012c,[],/Users/zhaoyue/orca/workspaces/westlake-harness/benchmark/2026-09-30-v3c-5ea-sweep/runs/v3c-all-5ea/5ea34a4500000000000000001123012c/anki/t20.jpeg,False,unknown,granted,unknown,granted,,,,,,,,,,,,,identity_unknown_or_changed
newpipe,pending,pending_outer_review,no,unknown,OpenSSLProvider class initialization,org.schabi.newpipe.MainActivity,unknown,unknown,unknown,unknown,unknown,unknown,False,False,[],[],unknown; board/JAR/installer/protocol/app state change together,/Users/zhaoyue/orca/workspaces/westlake-harness/benchmark/2026-09-30-r17p-61b-sweep/runs/r17p-all-61b/61b0657200000000000000000324012c/newpipe/record.json,/Users/zhaoyue/orca/workspaces/westlake-harness-bms/benchmark/2026-09-30-v3c-r17j-prospective/backtests/v2-5ea/source-records/newpipe/record.json,/Users/zhaoyue/orca/workspaces/westlake-harness/benchmark/2026-09-30-v3c-5ea-sweep/runs/v3c-all-5ea/5ea34a4500000000000000001123012c,[],/Users/zhaoyue/orca/workspaces/westlake-harness/benchmark/2026-09-30-v3c-5ea-sweep/runs/v3c-all-5ea/5ea34a4500000000000000001123012c/newpipe/t20.jpeg,False,unknown,granted,unknown,granted,,,,,,,,,,,,,identity_unknown_or_changed
markor,pending,pending_outer_review,no,不变,Window type 1 rejected,net.gsantner.markor.activity.MainActivity,unknown,unknown,unknown,unknown,unknown,unknown,False,False,[],[0],unknown; board/JAR/installer/protocol/app state change together,/Users/zhaoyue/orca/workspaces/westlake-harness/benchmark/2026-09-30-r17p-61b-sweep/runs/r17p-all-61b/61b0657200000000000000000324012c/markor/record.json,/Users/zhaoyue/orca/workspaces/westlake-harness-bms/benchmark/2026-09-30-v3c-r17j-prospective/backtests/v2-5ea/source-records/markor/record.json,/Users/zhaoyue/orca/workspaces/westlake-harness/benchmark/2026-09-30-v3c-5ea-sweep/runs/v3c-all-5ea/5ea34a4500000000000000001123012c,[],/Users/zhaoyue/orca/workspaces/westlake-harness/benchmark/2026-09-30-v3c-5ea-sweep/runs/v3c-all-5ea/5ea34a4500000000000000001123012c/markor/t20.jpeg,False,unknown,granted,unknown,granted,,,,,,,,,,,,,identity_unknown_or_changed
opencamera,pending,pending_outer_review,no,unknown,AudioProductStrategy JNI missing onResume,net.sourceforge.opencamera.MainActivity,unknown,unknown,unknown,unknown,unknown,unknown,False,False,[],[],unknown; board/JAR/installer/protocol/app state change together,/Users/zhaoyue/orca/workspaces/westlake-harness/benchmark/2026-09-30-r17p-61b-sweep/runs/r17p-all-61b/61b0657200000000000000000324012c/opencamera/record.json,/Users/zhaoyue/orca/workspaces/westlake-harness-bms/benchmark/2026-09-30-v3c-r17j-prospective/backtests/v2-5ea/source-records/opencamera/record.json,/Users/zhaoyue/orca/workspaces/westlake-harness/benchmark/2026-09-30-v3c-5ea-sweep/runs/v3c-all-5ea/5ea34a4500000000000000001123012c,[],/Users/zhaoyue/orca/workspaces/westlake-harness/benchmark/2026-09-30-v3c-5ea-sweep/runs/v3c-all-5ea/5ea34a4500000000000000001123012c/opencamera/t20.jpeg,False,unknown,granted,unknown,absent,,,,,,,,,,,,,identity_unknown_or_changed
fd-android,pending,pending_outer_review,yes,亮,,net.thunderbird.app.common.MainActivity,unknown,unknown,unknown,unknown,unknown,unknown,True,True,[],[2097205],unknown; board/JAR/installer/protocol/app state change together,/Users/zhaoyue/orca/workspaces/westlake-harness/benchmark/2026-09-30-r17p-61b-sweep/runs/r17p-all-61b/61b0657200000000000000000324012c/fd-android/record.json,/Users/zhaoyue/orca/workspaces/westlake-harness-bms/benchmark/2026-09-30-v3c-r17j-prospective/backtests/v2-5ea/source-records/fd-android/record.json,/Users/zhaoyue/orca/workspaces/westlake-harness/benchmark/2026-09-30-v3c-5ea-sweep/runs/v3c-all-5ea/5ea34a4500000000000000001123012c,[],/Users/zhaoyue/orca/workspaces/westlake-harness/benchmark/2026-09-30-v3c-5ea-sweep/runs/v3c-all-5ea/5ea34a4500000000000000001123012c/fd-android/t20.jpeg,False,unknown,granted,unknown,granted,,,,,,,,,,,,,identity_unknown_or_changed
fd-api,pending,pending_outer_review,no,不变,Theme.AppCompat required,com.termux.api.activities.TermuxAPILauncherActivity,unknown,unknown,unknown,unknown,unknown,unknown,False,False,[],[],unknown; board/JAR/installer/protocol/app state change together,/Users/zhaoyue/orca/workspaces/westlake-harness/benchmark/2026-09-30-r17p-61b-sweep/runs/r17p-all-61b/61b0657200000000000000000324012c/fd-api/record.json,/Users/zhaoyue/orca/workspaces/westlake-harness-bms/benchmark/2026-09-30-v3c-r17j-prospective/backtests/v2-5ea/source-records/fd-api/record.json,/Users/zhaoyue/orca/workspaces/westlake-harness/benchmark/2026-09-30-v3c-5ea-sweep/runs/v3c-all-5ea/5ea34a4500000000000000001123012c,[],/Users/zhaoyue/orca/workspaces/westlake-harness/benchmark/2026-09-30-v3c-5ea-sweep/runs/v3c-all-5ea/5ea34a4500000000000000001123012c/fd-api/t20.jpeg,False,unknown,granted,unknown,granted,,,,,,,,,,,,,identity_unknown_or_changed
fd-app,pending,pending_outer_review,no,不变,libgdx cannot resolve libstdc++,com.unciv.app.AndroidLauncher,unknown,unknown,unknown,unknown,unknown,unknown,False,False,[],[],unknown; board/JAR/installer/protocol/app state change together,/Users/zhaoyue/orca/workspaces/westlake-harness/benchmark/2026-09-30-r17p-61b-sweep/runs/r17p-all-61b/61b0657200000000000000000324012c/fd-app/record.json,/Users/zhaoyue/orca/workspaces/westlake-harness-bms/benchmark/2026-09-30-v3c-r17j-prospective/backtests/v2-5ea/source-records/fd-app/record.json,/Users/zhaoyue/orca/workspaces/westlake-harness/benchmark/2026-09-30-v3c-5ea-sweep/runs/v3c-all-5ea/5ea34a4500000000000000001123012c,[],/Users/zhaoyue/orca/workspaces/westlake-harness/benchmark/2026-09-30-v3c-5ea-sweep/runs/v3c-all-5ea/5ea34a4500000000000000001123012c/fd-app/t20.jpeg,False,unknown,granted,unknown,granted,,,,,,,,,,,,,identity_unknown_or_changed
fd-breezyweather,pending,pending_outer_review,no,unknown,MainActivity service getClass NPE,org.breezyweather.ui.main.MainActivity,unknown,unknown,unknown,unknown,unknown,unknown,False,False,[],[],unknown; board/JAR/installer/protocol/app state change together,/Users/zhaoyue/orca/workspaces/westlake-harness/benchmark/2026-09-30-r17p-61b-sweep/runs/r17p-all-61b/61b0657200000000000000000324012c/fd-breezyweather/record.json,/Users/zhaoyue/orca/workspaces/westlake-harness-bms/benchmark/2026-09-30-v3c-r17j-prospective/backtests/v2-5ea/source-records/fd-breezyweather/record.json,/Users/zhaoyue/orca/workspaces/westlake-harness/benchmark/2026-09-30-v3c-5ea-sweep/runs/v3c-all-5ea/5ea34a4500000000000000001123012c,[],/Users/zhaoyue/orca/workspaces/westlake-harness/benchmark/2026-09-30-v3c-5ea-sweep/runs/v3c-all-5ea/5ea34a4500000000000000001123012c/fd-breezyweather/t20.jpeg,False,unknown,granted,unknown,granted,,,,,,,,,,,,,identity_unknown_or_changed
fd-calendar,pending,pending_outer_review,no,不变,JobScheduler.cancel on null,org.fossify.calendar.activities.SplashActivity.Green,unknown,unknown,unknown,unknown,unknown,unknown,False,False,[],[0],unknown; board/JAR/installer/protocol/app state change together,/Users/zhaoyue/orca/workspaces/westlake-harness/benchmark/2026-09-30-r17p-61b-sweep/runs/r17p-all-61b/61b0657200000000000000000324012c/fd-calendar/record.json,/Users/zhaoyue/orca/workspaces/westlake-harness-bms/benchmark/2026-09-30-v3c-r17j-prospective/backtests/v2-5ea/source-records/fd-calendar/record.json,/Users/zhaoyue/orca/workspaces/westlake-harness/benchmark/2026-09-30-v3c-5ea-sweep/runs/v3c-all-5ea/5ea34a4500000000000000001123012c,[],/Users/zhaoyue/orca/workspaces/westlake-harness/benchmark/2026-09-30-v3c-5ea-sweep/runs/v3c-all-5ea/5ea34a4500000000000000001123012c/fd-calendar/t20.jpeg,False,unknown,granted,unknown,absent,,,,,,,,,,,,,identity_unknown_or_changed
fd-catima,pending,pending_outer_review,no,不变,MainActivity resume getClass NPE,protect.card_locker.MainActivity,unknown,unknown,unknown,unknown,unknown,unknown,False,False,[],[],unknown; board/JAR/installer/protocol/app state change together,/Users/zhaoyue/orca/workspaces/westlake-harness/benchmark/2026-09-30-r17p-61b-sweep/runs/r17p-all-61b/61b0657200000000000000000324012c/fd-catima/record.json,/Users/zhaoyue/orca/workspaces/westlake-harness-bms/benchmark/2026-09-30-v3c-r17j-prospective/backtests/v2-5ea/source-records/fd-catima/record.json,/Users/zhaoyue/orca/workspaces/westlake-harness/benchmark/2026-09-30-v3c-5ea-sweep/runs/v3c-all-5ea/5ea34a4500000000000000001123012c,[],/Users/zhaoyue/orca/workspaces/westlake-harness/benchmark/2026-09-30-v3c-5ea-sweep/runs/v3c-all-5ea/5ea34a4500000000000000001123012c/fd-catima/t20.jpeg,False,unknown,granted,unknown,absent,,,,,,,,,,,,,identity_unknown_or_changed
fd-etar,pending,pending_outer_review,no,不变,PowerExemptionManager.isAllowListed null,com.android.calendar.AllInOneActivity,unknown,unknown,unknown,unknown,unknown,unknown,False,False,[],[2097199],unknown; board/JAR/installer/protocol/app state change together,/Users/zhaoyue/orca/workspaces/westlake-harness/benchmark/2026-09-30-r17p-61b-sweep/runs/r17p-all-61b/61b0657200000000000000000324012c/fd-etar/record.json,/Users/zhaoyue/orca/workspaces/westlake-harness-bms/benchmark/2026-09-30-v3c-r17j-prospective/backtests/v2-5ea/source-records/fd-etar/record.json,/Users/zhaoyue/orca/workspaces/westlake-harness/benchmark/2026-09-30-v3c-5ea-sweep/runs/v3c-all-5ea/5ea34a4500000000000000001123012c,[],/Users/zhaoyue/orca/workspaces/westlake-harness/benchmark/2026-09-30-v3c-5ea-sweep/runs/v3c-all-5ea/5ea34a4500000000000000001123012c/fd-etar/t20.jpeg,False,unknown,granted,unknown,absent,,,,,,,,,,,,,identity_unknown_or_changed
fd-feeder,pending,pending_outer_review,no,unknown,Unresolved current fatal,com.nononsenseapps.feeder.ui.MainActivity,unknown,unknown,unknown,unknown,unknown,unknown,False,False,[],[],unknown; board/JAR/installer/protocol/app state change together,/Users/zhaoyue/orca/workspaces/westlake-harness/benchmark/2026-09-30-r17p-61b-sweep/runs/r17p-all-61b/61b0657200000000000000000324012c/fd-feeder/record.json,/Users/zhaoyue/orca/workspaces/westlake-harness-bms/benchmark/2026-09-30-v3c-r17j-prospective/backtests/v2-5ea/source-records/fd-feeder/record.json,/Users/zhaoyue/orca/workspaces/westlake-harness/benchmark/2026-09-30-v3c-5ea-sweep/runs/v3c-all-5ea/5ea34a4500000000000000001123012c,[],/Users/zhaoyue/orca/workspaces/westlake-harness/benchmark/2026-09-30-v3c-5ea-sweep/runs/v3c-all-5ea/5ea34a4500000000000000001123012c/fd-feeder/t20.jpeg,False,unknown,granted,unknown,granted,,,,,,,,,,,,,identity_unknown_or_changed
fd-fennec_fdroid,pending,pending_outer_review,no,不变,JNA libjnidispatch resource absent,org.mozilla.fennec_fdroid.App,unknown,unknown,unknown,unknown,unknown,unknown,False,False,[],[],unknown; board/JAR/installer/protocol/app state change together,/Users/zhaoyue/orca/workspaces/westlake-harness/benchmark/2026-09-30-r17p-61b-sweep/runs/r17p-all-61b/61b0657200000000000000000324012c/fd-fennec_fdroid/record.json,/Users/zhaoyue/orca/workspaces/westlake-harness-bms/benchmark/2026-09-30-v3c-r17j-prospective/backtests/v2-5ea/source-records/fd-fennec_fdroid/record.json,/Users/zhaoyue/orca/workspaces/westlake-harness/benchmark/2026-09-30-v3c-5ea-sweep/runs/v3c-all-5ea/5ea34a4500000000000000001123012c,[],/Users/zhaoyue/orca/workspaces/westlake-harness/benchmark/2026-09-30-v3c-5ea-sweep/runs/v3c-all-5ea/5ea34a4500000000000000001123012c/fd-fennec_fdroid/t20.jpeg,False,unknown,granted,unknown,granted,,,,,,,,,,,,,identity_unknown_or_changed
fd-filemanager,pending,pending_outer_review,yes,亮,,org.fossify.filemanager.activities.SplashActivity.Green,unknown,unknown,unknown,unknown,unknown,unknown,True,True,[],[0],unknown; board/JAR/installer/protocol/app state change together,/Users/zhaoyue/orca/workspaces/westlake-harness/benchmark/2026-09-30-r17p-61b-sweep/runs/r17p-all-61b/61b0657200000000000000000324012c/fd-filemanager/record.json,/Users/zhaoyue/orca/workspaces/westlake-harness-bms/benchmark/2026-09-30-v3c-r17j-prospective/backtests/v2-5ea/source-records/fd-filemanager/record.json,/Users/zhaoyue/orca/workspaces/westlake-harness/benchmark/2026-09-30-v3c-5ea-sweep/runs/v3c-all-5ea/5ea34a4500000000000000001123012c,[],/Users/zhaoyue/orca/workspaces/westlake-harness/benchmark/2026-09-30-v3c-5ea-sweep/runs/v3c-all-5ea/5ea34a4500000000000000001123012c/fd-filemanager/t20.jpeg,False,unknown,granted,unknown,absent,,,,,,,,,,,,,identity_unknown_or_changed
fd-fluffychat,pending,pending_outer_review,no,unknown,libflutter cannot resolve libandroid,chat.fluffy.fluffychat.MainActivity,unknown,unknown,unknown,unknown,unknown,unknown,False,False,[],[],unknown; board/JAR/installer/protocol/app state change together,/Users/zhaoyue/orca/workspaces/westlake-harness/benchmark/2026-09-30-r17p-61b-sweep/runs/r17p-all-61b/61b0657200000000000000000324012c/fd-fluffychat/record.json,/Users/zhaoyue/orca/workspaces/westlake-harness-bms/benchmark/2026-09-30-v3c-r17j-prospective/backtests/v2-5ea/source-records/fd-fluffychat/record.json,/Users/zhaoyue/orca/workspaces/westlake-harness/benchmark/2026-09-30-v3c-5ea-sweep/runs/v3c-all-5ea-c/5ea34a4500000000000000001123012c,[],/Users/zhaoyue/orca/workspaces/westlake-harness/benchmark/2026-09-30-v3c-5ea-sweep/runs/v3c-all-5ea-c/5ea34a4500000000000000001123012c/fd-fluffychat/t20.jpeg,False,unknown,granted,unknown,granted,,,,,,,,,,,,,identity_unknown_or_changed
fd-gallery,pending,pending_outer_review,no,不变,MediaStore.Images.Media.EXTERNAL_CONTENT_URI missing,org.fossify.gallery.activities.SplashActivity.Green,unknown,unknown,unknown,unknown,unknown,unknown,True,True,[],[0],unknown; board/JAR/installer/protocol/app state change together,/Users/zhaoyue/orca/workspaces/westlake-harness/benchmark/2026-09-30-r17p-61b-sweep/runs/r17p-all-61b/61b0657200000000000000000324012c/fd-gallery/record.json,/Users/zhaoyue/orca/workspaces/westlake-harness-bms/benchmark/2026-09-30-v3c-r17j-prospective/backtests/v2-5ea/source-records/fd-gallery/record.json,/Users/zhaoyue/orca/workspaces/westlake-harness/benchmark/2026-09-30-v3c-5ea-sweep/runs/v3c-all-5ea-c/5ea34a4500000000000000001123012c,[],/Users/zhaoyue/orca/workspaces/westlake-harness/benchmark/2026-09-30-v3c-5ea-sweep/runs/v3c-all-5ea-c/5ea34a4500000000000000001123012c/fd-gallery/t20.jpeg,False,unknown,granted,unknown,absent,,,,,,,,,,,,,identity_unknown_or_changed
fd-im-vector-app,pending,pending_outer_review,no,unknown,OpenSSLProvider class initialization,im.vector.application.features.Alias,unknown,unknown,unknown,unknown,unknown,unknown,False,False,[],[],unknown; board/JAR/installer/protocol/app state change together,/Users/zhaoyue/orca/workspaces/westlake-harness/benchmark/2026-09-30-r17p-61b-sweep/runs/r17p-all-61b/61b0657200000000000000000324012c/fd-im-vector-app/record.json,/Users/zhaoyue/orca/workspaces/westlake-harness-bms/benchmark/2026-09-30-v3c-r17j-prospective/backtests/v2-5ea/source-records/fd-im-vector-app/record.json,/Users/zhaoyue/orca/workspaces/westlake-harness/benchmark/2026-09-30-v3c-5ea-sweep/runs/v3c-all-5ea-c/5ea34a4500000000000000001123012c,[],/Users/zhaoyue/orca/workspaces/westlake-harness/benchmark/2026-09-30-v3c-5ea-sweep/runs/v3c-all-5ea-c/5ea34a4500000000000000001123012c/fd-im-vector-app/t20.jpeg,False,unknown,granted,unknown,granted,,,,,,,,,,,,,identity_unknown_or_changed
fd-immich,pending,pending_outer_review,no,不变,libflutter cannot resolve libGLESv2,app.alextran.immich.MainActivity,unknown,unknown,unknown,unknown,unknown,unknown,False,False,[],[],unknown; board/JAR/installer/protocol/app state change together,/Users/zhaoyue/orca/workspaces/westlake-harness/benchmark/2026-09-30-r17p-61b-sweep/runs/r17p-all-61b/61b0657200000000000000000324012c/fd-immich/record.json,/Users/zhaoyue/orca/workspaces/westlake-harness-bms/benchmark/2026-09-30-v3c-r17j-prospective/backtests/v2-5ea/source-records/fd-immich/record.json,/Users/zhaoyue/orca/workspaces/westlake-harness/benchmark/2026-09-30-v3c-5ea-sweep/runs/v3c-all-5ea-c/5ea34a4500000000000000001123012c,[],/Users/zhaoyue/orca/workspaces/westlake-harness/benchmark/2026-09-30-v3c-5ea-sweep/runs/v3c-all-5ea-c/5ea34a4500000000000000001123012c/fd-immich/t20.jpeg,False,unknown,granted,unknown,granted,,,,,,,,,,,,,identity_unknown_or_changed
fd-k9,pending,pending_outer_review,yes,亮,,net.thunderbird.app.common.MainActivity,unknown,unknown,unknown,unknown,unknown,unknown,True,True,[],[2097205],unknown; board/JAR/installer/protocol/app state change together,/Users/zhaoyue/orca/workspaces/westlake-harness/benchmark/2026-09-30-r17p-61b-sweep/runs/r17p-all-61b/61b0657200000000000000000324012c/fd-k9/record.json,/Users/zhaoyue/orca/workspaces/westlake-harness-bms/benchmark/2026-09-30-v3c-r17j-prospective/backtests/v2-5ea/source-records/fd-k9/record.json,/Users/zhaoyue/orca/workspaces/westlake-harness/benchmark/2026-09-30-v3c-5ea-sweep/runs/v3c-all-5ea-c/5ea34a4500000000000000001123012c,[],/Users/zhaoyue/orca/workspaces/westlake-harness/benchmark/2026-09-30-v3c-5ea-sweep/runs/v3c-all-5ea-c/5ea34a4500000000000000001123012c/fd-k9/t20.jpeg,False,unknown,granted,unknown,granted,,,,,,,,,,,,,identity_unknown_or_changed
fd-kitchenowl,pending,pending_outer_review,no,不变,libflutter cannot resolve libandroid,com.tombursch.kitchenowl.MainActivity,unknown,unknown,unknown,unknown,unknown,unknown,False,False,[],[],unknown; board/JAR/installer/protocol/app state change together,/Users/zhaoyue/orca/workspaces/westlake-harness/benchmark/2026-09-30-r17p-61b-sweep/runs/r17p-all-61b/61b0657200000000000000000324012c/fd-kitchenowl/record.json,/Users/zhaoyue/orca/workspaces/westlake-harness-bms/benchmark/2026-09-30-v3c-r17j-prospective/backtests/v2-5ea/source-records/fd-kitchenowl/record.json,/Users/zhaoyue/orca/workspaces/westlake-harness/benchmark/2026-09-30-v3c-5ea-sweep/runs/v3c-all-5ea-c/5ea34a4500000000000000001123012c,[],/Users/zhaoyue/orca/workspaces/westlake-harness/benchmark/2026-09-30-v3c-5ea-sweep/runs/v3c-all-5ea-c/5ea34a4500000000000000001123012c/fd-kitchenowl/t20.jpeg,False,unknown,granted,unknown,granted,,,,,,,,,,,,,identity_unknown_or_changed
fd-libre,pending,pending_outer_review,no,unknown,libflutter cannot resolve libGLESv2,deckers.thibault.aves.MainActivity,unknown,unknown,unknown,unknown,unknown,unknown,False,False,[],[],unknown; board/JAR/installer/protocol/app state change together,/Users/zhaoyue/orca/workspaces/westlake-harness/benchmark/2026-09-30-r17p-61b-sweep/runs/r17p-all-61b/61b0657200000000000000000324012c/fd-libre/record.json,/Users/zhaoyue/orca/workspaces/westlake-harness-bms/benchmark/2026-09-30-v3c-r17j-prospective/backtests/v2-5ea/source-records/fd-libre/record.json,/Users/zhaoyue/orca/workspaces/westlake-harness/benchmark/2026-09-30-v3c-5ea-sweep/runs/v3c-all-5ea-c/5ea34a4500000000000000001123012c,[],/Users/zhaoyue/orca/workspaces/westlake-harness/benchmark/2026-09-30-v3c-5ea-sweep/runs/v3c-all-5ea-c/5ea34a4500000000000000001123012c/fd-libre/t20.jpeg,False,unknown,granted,unknown,granted,,,,,,,,,,,,,identity_unknown_or_changed
fd-libretube,pending,pending_outer_review,no,不变,tagsoup Parser.setProperty missing,com.github.libretube.Default,unknown,unknown,unknown,unknown,unknown,unknown,False,False,[],[],unknown; board/JAR/installer/protocol/app state change together,/Users/zhaoyue/orca/workspaces/westlake-harness/benchmark/2026-09-30-r17p-61b-sweep/runs/r17p-all-61b/61b0657200000000000000000324012c/fd-libretube/record.json,/Users/zhaoyue/orca/workspaces/westlake-harness-bms/benchmark/2026-09-30-v3c-r17j-prospective/backtests/v2-5ea/source-records/fd-libretube/record.json,/Users/zhaoyue/orca/workspaces/westlake-harness/benchmark/2026-09-30-v3c-5ea-sweep/runs/v3c-all-5ea-c/5ea34a4500000000000000001123012c,[],/Users/zhaoyue/orca/workspaces/westlake-harness/benchmark/2026-09-30-v3c-5ea-sweep/runs/v3c-all-5ea-c/5ea34a4500000000000000001123012c/fd-libretube/t20.jpeg,False,unknown,granted,unknown,granted,,,,,,,,,,,,,identity_unknown_or_changed
fd-meet,pending,pending_outer_review,no,不变,RestrictionsManager.getApplicationRestrictions null,org.jitsi.meet.MainActivity,unknown,unknown,unknown,unknown,unknown,unknown,False,False,[],[],unknown; board/JAR/installer/protocol/app state change together,/Users/zhaoyue/orca/workspaces/westlake-harness/benchmark/2026-09-30-r17p-61b-sweep/runs/r17p-all-61b/61b0657200000000000000000324012c/fd-meet/record.json,/Users/zhaoyue/orca/workspaces/westlake-harness-bms/benchmark/2026-09-30-v3c-r17j-prospective/backtests/v2-5ea/source-records/fd-meet/record.json,/Users/zhaoyue/orca/workspaces/westlake-harness/benchmark/2026-09-30-v3c-5ea-sweep/runs/v3c-all-5ea-c/5ea34a4500000000000000001123012c,[],/Users/zhaoyue/orca/workspaces/westlake-harness/benchmark/2026-09-30-v3c-5ea-sweep/runs/v3c-all-5ea-c/5ea34a4500000000000000001123012c/fd-meet/t20.jpeg,False,unknown,granted,unknown,granted,,,,,,,,,,,,,identity_unknown_or_changed
fd-minetest,pending,pending_outer_review,yes,亮,,net.minetest.minetest.MainActivity,unknown,unknown,unknown,unknown,unknown,unknown,True,True,[],[2097205],unknown; board/JAR/installer/protocol/app state change together,/Users/zhaoyue/orca/workspaces/westlake-harness/benchmark/2026-09-30-r17p-61b-sweep/runs/r17p-all-61b/61b0657200000000000000000324012c/fd-minetest/record.json,/Users/zhaoyue/orca/workspaces/westlake-harness-bms/benchmark/2026-09-30-v3c-r17j-prospective/backtests/v2-5ea/source-records/fd-minetest/record.json,/Users/zhaoyue/orca/workspaces/westlake-harness/benchmark/2026-09-30-v3c-5ea-sweep/runs/v3c-all-5ea-c/5ea34a4500000000000000001123012c,[],/Users/zhaoyue/orca/workspaces/westlake-harness/benchmark/2026-09-30-v3c-5ea-sweep/runs/v3c-all-5ea-c/5ea34a4500000000000000001123012c/fd-minetest/t20.jpeg,False,unknown,granted,unknown,granted,,,,,,,,,,,,,identity_unknown_or_changed
fd-mpv,pending,pending_outer_review,yes,亮,,is.xyz.mpv.MainActivity,unknown,unknown,unknown,unknown,unknown,unknown,True,True,[],[],unknown; board/JAR/installer/protocol/app state change together,/Users/zhaoyue/orca/workspaces/westlake-harness/benchmark/2026-09-30-r17p-61b-sweep/runs/r17p-all-61b/61b0657200000000000000000324012c/fd-mpv/record.json,/Users/zhaoyue/orca/workspaces/westlake-harness-bms/benchmark/2026-09-30-v3c-r17j-prospective/backtests/v2-5ea/source-records/fd-mpv/record.json,/Users/zhaoyue/orca/workspaces/westlake-harness/benchmark/2026-09-30-v3c-5ea-sweep/runs/v3c-all-5ea-c/5ea34a4500000000000000001123012c,[],/Users/zhaoyue/orca/workspaces/westlake-harness/benchmark/2026-09-30-v3c-5ea-sweep/runs/v3c-all-5ea-c/5ea34a4500000000000000001123012c/fd-mpv/t20.jpeg,False,unknown,granted,unknown,granted,,,,,,,,,,,,,identity_unknown_or_changed
fd-musicplayer,pending,pending_outer_review,no,不变,Bitmap color space missing,org.fossify.musicplayer.activities.SplashActivity.Green,unknown,unknown,unknown,unknown,unknown,unknown,False,False,[],[0],unknown; board/JAR/installer/protocol/app state change together,/Users/zhaoyue/orca/workspaces/westlake-harness/benchmark/2026-09-30-r17p-61b-sweep/runs/r17p-all-61b/61b0657200000000000000000324012c/fd-musicplayer/record.json,/Users/zhaoyue/orca/workspaces/westlake-harness-bms/benchmark/2026-09-30-v3c-r17j-prospective/backtests/v2-5ea/source-records/fd-musicplayer/record.json,/Users/zhaoyue/orca/workspaces/westlake-harness/benchmark/2026-09-30-v3c-5ea-sweep/runs/v3c-all-5ea-c/5ea34a4500000000000000001123012c,[],/Users/zhaoyue/orca/workspaces/westlake-harness/benchmark/2026-09-30-v3c-5ea-sweep/runs/v3c-all-5ea-c/5ea34a4500000000000000001123012c/fd-musicplayer/t20.jpeg,False,unknown,granted,unknown,absent,,,,,,,,,,,,,identity_unknown_or_changed
fd-notes,pending,pending_outer_review,yes,亮,,org.fossify.notes.activities.SplashActivity.Green,unknown,unknown,unknown,unknown,unknown,unknown,True,True,[],[0],unknown; board/JAR/installer/protocol/app state change together,/Users/zhaoyue/orca/workspaces/westlake-harness/benchmark/2026-09-30-r17p-61b-sweep/runs/r17p-all-61b/61b0657200000000000000000324012c/fd-notes/record.json,/Users/zhaoyue/orca/workspaces/westlake-harness-bms/benchmark/2026-09-30-v3c-r17j-prospective/backtests/v2-5ea/source-records/fd-notes/record.json,/Users/zhaoyue/orca/workspaces/westlake-harness/benchmark/2026-09-30-v3c-5ea-sweep/runs/v3c-all-5ea-c/5ea34a4500000000000000001123012c,[],/Users/zhaoyue/orca/workspaces/westlake-harness/benchmark/2026-09-30-v3c-5ea-sweep/runs/v3c-all-5ea-c/5ea34a4500000000000000001123012c/fd-notes/t20.jpeg,False,unknown,granted,unknown,absent,,,,,,,,,,,,,identity_unknown_or_changed
fd-organicmaps,pending,pending_outer_review,no,不变,liborganicmaps cannot resolve libGLESv2; DisplayManager null,app.organicmaps.DownloadResourcesActivity,unknown,unknown,unknown,unknown,unknown,unknown,False,False,[],[],unknown; board/JAR/installer/protocol/app state change together,/Users/zhaoyue/orca/workspaces/westlake-harness/benchmark/2026-09-30-r17p-61b-sweep/runs/r17p-all-61b/61b0657200000000000000000324012c/fd-organicmaps/record.json,/Users/zhaoyue/orca/workspaces/westlake-harness-bms/benchmark/2026-09-30-v3c-r17j-prospective/backtests/v2-5ea/source-records/fd-organicmaps/record.json,/Users/zhaoyue/orca/workspaces/westlake-harness/benchmark/2026-09-30-v3c-5ea-sweep/runs/v3c-all-5ea-c/5ea34a4500000000000000001123012c,[],/Users/zhaoyue/orca/workspaces/westlake-harness/benchmark/2026-09-30-v3c-5ea-sweep/runs/v3c-all-5ea-c/5ea34a4500000000000000001123012c/fd-organicmaps/t20.jpeg,False,unknown,granted,unknown,granted,,,,,,,,,,,,,identity_unknown_or_changed
fd-plus,pending,pending_outer_review,no,不变,DayNightHelper null,net.osmand.plus.activities.MapActivity,unknown,unknown,unknown,unknown,unknown,unknown,False,False,[],[],unknown; board/JAR/installer/protocol/app state change together,/Users/zhaoyue/orca/workspaces/westlake-harness/benchmark/2026-09-30-r17p-61b-sweep/runs/r17p-all-61b/61b0657200000000000000000324012c/fd-plus/record.json,/Users/zhaoyue/orca/workspaces/westlake-harness-bms/benchmark/2026-09-30-v3c-r17j-prospective/backtests/v2-5ea/source-records/fd-plus/record.json,/Users/zhaoyue/orca/workspaces/westlake-harness/benchmark/2026-09-30-v3c-5ea-sweep/runs/v3c-all-5ea-c/5ea34a4500000000000000001123012c,[],/Users/zhaoyue/orca/workspaces/westlake-harness/benchmark/2026-09-30-v3c-5ea-sweep/runs/v3c-all-5ea-c/5ea34a4500000000000000001123012c/fd-plus/t20.jpeg,False,unknown,granted,unknown,granted,,,,,,,,,,,,,identity_unknown_or_changed
fd-reader,pending,pending_outer_review,no,unknown,OpenSSLProvider / MainDispatcherLoader initialization,me.ash.reader.infrastructure.android.MainActivity,unknown,unknown,unknown,unknown,unknown,unknown,False,False,[],[],unknown; board/JAR/installer/protocol/app state change together,/Users/zhaoyue/orca/workspaces/westlake-harness/benchmark/2026-09-30-r17p-61b-sweep/runs/r17p-all-61b/61b0657200000000000000000324012c/fd-reader/record.json,/Users/zhaoyue/orca/workspaces/westlake-harness-bms/benchmark/2026-09-30-v3c-r17j-prospective/backtests/v2-5ea/source-records/fd-reader/record.json,/Users/zhaoyue/orca/workspaces/westlake-harness/benchmark/2026-09-30-v3c-5ea-sweep/runs/v3c-all-5ea-c/5ea34a4500000000000000001123012c,[],/Users/zhaoyue/orca/workspaces/westlake-harness/benchmark/2026-09-30-v3c-5ea-sweep/runs/v3c-all-5ea-c/5ea34a4500000000000000001123012c/fd-reader/t20.jpeg,False,unknown,granted,unknown,granted,,,,,,,,,,,,,identity_unknown_or_changed
fd-saber,pending,pending_outer_review,no,不变,libflutter cannot resolve libGLESv2,com.adilhanney.saber.MainActivity,unknown,unknown,unknown,unknown,unknown,unknown,False,False,[],[2097205],unknown; board/JAR/installer/protocol/app state change together,/Users/zhaoyue/orca/workspaces/westlake-harness/benchmark/2026-09-30-r17p-61b-sweep/runs/r17p-all-61b/61b0657200000000000000000324012c/fd-saber/record.json,/Users/zhaoyue/orca/workspaces/westlake-harness-bms/benchmark/2026-09-30-v3c-r17j-prospective/backtests/v2-5ea/source-records/fd-saber/record.json,/Users/zhaoyue/orca/workspaces/westlake-harness/benchmark/2026-09-30-v3c-5ea-sweep/runs/v3c-all-5ea-c/5ea34a4500000000000000001123012c,[],/Users/zhaoyue/orca/workspaces/westlake-harness/benchmark/2026-09-30-v3c-5ea-sweep/runs/v3c-all-5ea-c/5ea34a4500000000000000001123012c/fd-saber/t20.jpeg,False,unknown,granted,unknown,granted,,,,,,,,,,,,,identity_unknown_or_changed
fd-seal,pending,pending_outer_review,unknown,unknown,Host rejects libaria2c.zip.so,unknown,unknown,unknown,unknown,unknown,unknown,unknown,unknown,unknown,[],[],unknown; board/JAR/installer/protocol/app state change together,/Users/zhaoyue/orca/workspaces/westlake-harness/benchmark/2026-09-30-r17p-61b-sweep/runs/r17p-all-61b/61b0657200000000000000000324012c/fd-seal/record.json,/Users/zhaoyue/orca/workspaces/westlake-harness-bms/benchmark/2026-09-30-v3c-r17j-prospective/backtests/v2-5ea/source-records/fd-seal/record.json,/Users/zhaoyue/orca/workspaces/westlake-harness/benchmark/2026-09-30-v3c-5ea-sweep/runs/v3c-all-5ea-c/5ea34a4500000000000000001123012c,[],unknown,False,unknown,unknown,unknown,unknown,,,,,,,,,,,,,identity_unknown_or_changed
fd-shatteredpixeldungeon,pending,pending_outer_review,no,推进,GLImpl._nativeClassInit JNI missing,com.shatteredpixel.shatteredpixeldungeon.android.AndroidLauncher,unknown,unknown,unknown,unknown,unknown,unknown,False,False,[],[0],unknown; board/JAR/installer/protocol/app state change together,/Users/zhaoyue/orca/workspaces/westlake-harness/benchmark/2026-09-30-r17p-61b-sweep/runs/r17p-all-61b/61b0657200000000000000000324012c/fd-shatteredpixeldungeon/record.json,/Users/zhaoyue/orca/workspaces/westlake-harness-bms/benchmark/2026-09-30-v3c-r17j-prospective/backtests/v2-5ea/source-records/fd-shatteredpixeldungeon/record.json,/Users/zhaoyue/orca/workspaces/westlake-harness/benchmark/2026-09-30-v3c-5ea-sweep/runs/v3c-all-5ea-c/5ea34a4500000000000000001123012c,[],/Users/zhaoyue/orca/workspaces/westlake-harness/benchmark/2026-09-30-v3c-5ea-sweep/runs/v3c-all-5ea-c/5ea34a4500000000000000001123012c/fd-shatteredpixeldungeon/t20.jpeg,False,unknown,granted,unknown,granted,,,,,,,,,,,,,identity_unknown_or_changed
fd-tasks,pending,pending_outer_review,no,不变,AndroidKeyStore not found,com.todoroo.astrid.activity.TaskListActivity,unknown,unknown,unknown,unknown,unknown,unknown,False,False,[],[],unknown; board/JAR/installer/protocol/app state change together,/Users/zhaoyue/orca/workspaces/westlake-harness/benchmark/2026-09-30-r17p-61b-sweep/runs/r17p-all-61b/61b0657200000000000000000324012c/fd-tasks/record.json,/Users/zhaoyue/orca/workspaces/westlake-harness-bms/benchmark/2026-09-30-v3c-r17j-prospective/backtests/v2-5ea/source-records/fd-tasks/record.json,/Users/zhaoyue/orca/workspaces/westlake-harness/benchmark/2026-09-30-v3c-5ea-sweep/runs/v3c-all-5ea-c/5ea34a4500000000000000001123012c,[],/Users/zhaoyue/orca/workspaces/westlake-harness/benchmark/2026-09-30-v3c-5ea-sweep/runs/v3c-all-5ea-c/5ea34a4500000000000000001123012c/fd-tasks/t20.jpeg,False,unknown,granted,unknown,granted,,,,,,,,,,,,,identity_unknown_or_changed
fd-tusky,pending,pending_outer_review,no,不变,OpenSSLProvider class initialization,com.keylesspalace.tusky.MainActivity,unknown,unknown,unknown,unknown,unknown,unknown,False,False,[],[],unknown; board/JAR/installer/protocol/app state change together,/Users/zhaoyue/orca/workspaces/westlake-harness/benchmark/2026-09-30-r17p-61b-sweep/runs/r17p-all-61b/61b0657200000000000000000324012c/fd-tusky/record.json,/Users/zhaoyue/orca/workspaces/westlake-harness-bms/benchmark/2026-09-30-v3c-r17j-prospective/backtests/v2-5ea/source-records/fd-tusky/record.json,/Users/zhaoyue/orca/workspaces/westlake-harness/benchmark/2026-09-30-v3c-5ea-sweep/runs/v3c-all-5ea-c/5ea34a4500000000000000001123012c,[],/Users/zhaoyue/orca/workspaces/westlake-harness/benchmark/2026-09-30-v3c-5ea-sweep/runs/v3c-all-5ea-c/5ea34a4500000000000000001123012c/fd-tusky/t20.jpeg,False,unknown,granted,unknown,granted,,,,,,,,,,,,,identity_unknown_or_changed
fd-tutanota,pending,pending_outer_review,no,不变,WebViewFactory.getProvider unsupported,de.tutao.tutanota.MainActivity,unknown,unknown,unknown,unknown,unknown,unknown,False,False,[],[],unknown; board/JAR/installer/protocol/app state change together,/Users/zhaoyue/orca/workspaces/westlake-harness/benchmark/2026-09-30-r17p-61b-sweep/runs/r17p-all-61b/61b0657200000000000000000324012c/fd-tutanota/record.json,/Users/zhaoyue/orca/workspaces/westlake-harness-bms/benchmark/2026-09-30-v3c-r17j-prospective/backtests/v2-5ea/source-records/fd-tutanota/record.json,/Users/zhaoyue/orca/workspaces/westlake-harness/benchmark/2026-09-30-v3c-5ea-sweep/runs/v3c-all-5ea-c/5ea34a4500000000000000001123012c,[],/Users/zhaoyue/orca/workspaces/westlake-harness/benchmark/2026-09-30-v3c-5ea-sweep/runs/v3c-all-5ea-c/5ea34a4500000000000000001123012c/fd-tutanota/t20.jpeg,False,unknown,granted,unknown,granted,,,,,,,,,,,,,identity_unknown_or_changed
fd-uhabits,pending,pending_outer_review,no,unknown,OpenSSLProvider class initialization,org.isoron.uhabits.MainActivity,unknown,unknown,unknown,unknown,unknown,unknown,False,False,[],[],unknown; board/JAR/installer/protocol/app state change together,/Users/zhaoyue/orca/workspaces/westlake-harness/benchmark/2026-09-30-r17p-61b-sweep/runs/r17p-all-61b/61b0657200000000000000000324012c/fd-uhabits/record.json,/Users/zhaoyue/orca/workspaces/westlake-harness-bms/benchmark/2026-09-30-v3c-r17j-prospective/backtests/v2-5ea/source-records/fd-uhabits/record.json,/Users/zhaoyue/orca/workspaces/westlake-harness/benchmark/2026-09-30-v3c-5ea-sweep/runs/v3c-all-5ea-c/5ea34a4500000000000000001123012c,[],/Users/zhaoyue/orca/workspaces/westlake-harness/benchmark/2026-09-30-v3c-5ea-sweep/runs/v3c-all-5ea-c/5ea34a4500000000000000001123012c/fd-uhabits/t20.jpeg,False,unknown,granted,unknown,absent,,,,,,,,,,,,,identity_unknown_or_changed
fd-wifianalyzer,pending,pending_outer_review,no,不变,MainActivity service getClass NPE,com.vrem.wifianalyzer.MainActivity,unknown,unknown,unknown,unknown,unknown,unknown,False,False,[],[],unknown; board/JAR/installer/protocol/app state change together,/Users/zhaoyue/orca/workspaces/westlake-harness/benchmark/2026-09-30-r17p-61b-sweep/runs/r17p-all-61b/61b0657200000000000000000324012c/fd-wifianalyzer/record.json,/Users/zhaoyue/orca/workspaces/westlake-harness-bms/benchmark/2026-09-30-v3c-r17j-prospective/backtests/v2-5ea/source-records/fd-wifianalyzer/record.json,/Users/zhaoyue/orca/workspaces/westlake-harness/benchmark/2026-09-30-v3c-5ea-sweep/runs/v3c-all-5ea-c/5ea34a4500000000000000001123012c,[],/Users/zhaoyue/orca/workspaces/westlake-harness/benchmark/2026-09-30-v3c-5ea-sweep/runs/v3c-all-5ea-c/5ea34a4500000000000000001123012c/fd-wifianalyzer/t20.jpeg,False,unknown,granted,unknown,absent,,,,,,,,,,,,,identity_unknown_or_changed
fd-stk,pending,pending_outer_review,yes,亮,,org.supertuxkart.stk.SuperTuxKartActivity,unknown,unknown,unknown,unknown,unknown,unknown,True,True,[],[],unknown; board/JAR/installer/protocol/app state change together,/Users/zhaoyue/orca/workspaces/westlake-harness/benchmark/2026-09-30-r17p-61b-sweep/runs/r17p-all-61b/61b0657200000000000000000324012c/fd-stk/record.json,/Users/zhaoyue/orca/workspaces/westlake-harness-bms/benchmark/2026-09-30-v3c-r17j-prospective/backtests/v2-5ea/source-records/fd-stk/record.json,/Users/zhaoyue/orca/workspaces/westlake-harness/benchmark/2026-09-30-v3c-5ea-sweep/runs/v3c-all-5ea-c/5ea34a4500000000000000001123012c,[],/Users/zhaoyue/orca/workspaces/westlake-harness/benchmark/2026-09-30-v3c-5ea-sweep/runs/v3c-all-5ea-c/5ea34a4500000000000000001123012c/fd-stk/t20.jpeg,False,unknown,granted,unknown,granted,,,,,,,,,,,,,identity_unknown_or_changed
fd-mobile,pending,pending_outer_review,no,推进,Black page despite nonzero ViewRoot frame,org.jellyfin.mobile.MainActivity,unknown,unknown,unknown,unknown,unknown,unknown,True,True,[],[],unknown; board/JAR/installer/protocol/app state change together,/Users/zhaoyue/orca/workspaces/westlake-harness/benchmark/2026-09-30-r17p-61b-sweep/runs/r17p-all-61b/61b0657200000000000000000324012c/fd-mobile/record.json,/Users/zhaoyue/orca/workspaces/westlake-harness-bms/benchmark/2026-09-30-v3c-r17j-prospective/backtests/v2-5ea/source-records/fd-mobile/record.json,/Users/zhaoyue/orca/workspaces/westlake-harness/benchmark/2026-09-30-v3c-5ea-sweep/runs/v3c-all-5ea-c/5ea34a4500000000000000001123012c,[],/Users/zhaoyue/orca/workspaces/westlake-harness/benchmark/2026-09-30-v3c-5ea-sweep/runs/v3c-all-5ea-c/5ea34a4500000000000000001123012c/fd-mobile/t20.jpeg,False,unknown,granted,unknown,granted,,,,,,,,,,,,,identity_unknown_or_changed
fd-client,pending,pending_outer_review,no,不变,SessionMixin accountManager null,com.nmc.android.ui.LauncherActivity,unknown,unknown,unknown,unknown,unknown,unknown,False,False,[],[],unknown; board/JAR/installer/protocol/app state change together,/Users/zhaoyue/orca/workspaces/westlake-harness/benchmark/2026-09-30-r17p-61b-sweep/runs/r17p-all-61b/61b0657200000000000000000324012c/fd-client/record.json,/Users/zhaoyue/orca/workspaces/westlake-harness-bms/benchmark/2026-09-30-v3c-r17j-prospective/backtests/v2-5ea/source-records/fd-client/record.json,/Users/zhaoyue/orca/workspaces/westlake-harness/benchmark/2026-09-30-v3c-5ea-sweep/runs/v3c-all-5ea-c/5ea34a4500000000000000001123012c,[],/Users/zhaoyue/orca/workspaces/westlake-harness/benchmark/2026-09-30-v3c-5ea-sweep/runs/v3c-all-5ea-c/5ea34a4500000000000000001123012c/fd-client/t20.jpeg,False,unknown,granted,unknown,granted,,,,,,,,,,,,,identity_unknown_or_changed
fd-binaryeye,pending,pending_outer_review,no,不变,CameraX is not configured properly,de.markusfisch.android.binaryeye.activity.SplashActivity,unknown,unknown,unknown,unknown,unknown,unknown,True,True,[],[0],unknown; board/JAR/installer/protocol/app state change together,/Users/zhaoyue/orca/workspaces/westlake-harness/benchmark/2026-09-30-r17p-61b-sweep/runs/r17p-all-61b/61b0657200000000000000000324012c/fd-binaryeye/record.json,/Users/zhaoyue/orca/workspaces/westlake-harness-bms/benchmark/2026-09-30-v3c-r17j-prospective/backtests/v2-5ea/source-records/fd-binaryeye/record.json,/Users/zhaoyue/orca/workspaces/westlake-harness/benchmark/2026-09-30-v3c-5ea-sweep/runs/v3c-all-5ea-c/5ea34a4500000000000000001123012c,[],/Users/zhaoyue/orca/workspaces/westlake-harness/benchmark/2026-09-30-v3c-5ea-sweep/runs/v3c-all-5ea-c/5ea34a4500000000000000001123012c/fd-binaryeye/t20.jpeg,False,unknown,granted,unknown,granted,,,,,,,,,,,,,identity_unknown_or_changed
toutiao,pending,pending_outer_review,unknown,unknown,Host rejects libcvt.so,unknown,unknown,unknown,unknown,unknown,unknown,unknown,unknown,unknown,[],[],unknown; board/JAR/installer/protocol/app state change together,/Users/zhaoyue/orca/workspaces/westlake-harness/benchmark/2026-09-30-r17p-61b-sweep/runs/r17p-all-61b/61b0657200000000000000000324012c/toutiao/record.json,/Users/zhaoyue/orca/workspaces/westlake-harness-bms/benchmark/2026-09-30-v3c-r17j-prospective/backtests/v2-5ea/source-records/toutiao/record.json,/Users/zhaoyue/orca/workspaces/westlake-harness/benchmark/2026-09-30-v3c-5ea-sweep/runs/v3c-all-5ea-c/5ea34a4500000000000000001123012c,[],unknown,False,unknown,unknown,unknown,unknown,,,,,,,,,,,,,identity_unknown_or_changed
mcdonalds,pending,pending_outer_review,no,不变,librealmc cannot resolve liblog; Splash DI null,com.mcdonalds.mcdcoreapp.common.activity.SplashActivity,unknown,unknown,unknown,unknown,unknown,unknown,False,False,[],[],unknown; board/JAR/installer/protocol/app state change together,/Users/zhaoyue/orca/workspaces/westlake-harness/benchmark/2026-09-30-r17p-61b-sweep/runs/r17p-all-61b/61b0657200000000000000000324012c/mcdonalds/record.json,/Users/zhaoyue/orca/workspaces/westlake-harness-bms/benchmark/2026-09-30-v3c-r17j-prospective/backtests/v2-5ea/source-records/mcdonalds/record.json,/Users/zhaoyue/orca/workspaces/westlake-harness/benchmark/2026-09-30-v3c-5ea-sweep/runs/v3c-all-5ea-c/5ea34a4500000000000000001123012c,[],/Users/zhaoyue/orca/workspaces/westlake-harness/benchmark/2026-09-30-v3c-5ea-sweep/runs/v3c-all-5ea-c/5ea34a4500000000000000001123012c/mcdonalds/t20.jpeg,False,unknown,granted,unknown,granted,,,,,,,,,,,,,identity_unknown_or_changed
burgerking,pending,pending_outer_review,no,不变,__register_atfork unresolved,com.emn8.mobilem8.nativeapp.bk.MainActivity,unknown,unknown,unknown,unknown,unknown,unknown,False,False,[],[],unknown; board/JAR/installer/protocol/app state change together,/Users/zhaoyue/orca/workspaces/westlake-harness/benchmark/2026-09-30-r17p-61b-sweep/runs/r17p-all-61b/61b0657200000000000000000324012c/burgerking/record.json,/Users/zhaoyue/orca/workspaces/westlake-harness-bms/benchmark/2026-09-30-v3c-r17j-prospective/backtests/v2-5ea/source-records/burgerking/record.json,/Users/zhaoyue/orca/workspaces/westlake-harness/benchmark/2026-09-30-v3c-5ea-sweep/runs/v3c-all-5ea-c/5ea34a4500000000000000001123012c,[],/Users/zhaoyue/orca/workspaces/westlake-harness/benchmark/2026-09-30-v3c-5ea-sweep/runs/v3c-all-5ea-c/5ea34a4500000000000000001123012c/burgerking/t20.jpeg,False,unknown,granted,unknown,granted,,,,,,,,,,,,,identity_unknown_or_changed
subwaysurfers,pending,pending_outer_review,unknown,unknown,Pinned APK identity changed,unknown,unknown,unknown,unknown,unknown,unknown,unknown,unknown,unknown,[],[],unknown; board/JAR/installer/protocol/app state change together,/Users/zhaoyue/orca/workspaces/westlake-harness/benchmark/2026-09-30-r17p-61b-sweep/runs/r17p-all-61b/61b0657200000000000000000324012c/subwaysurfers/record.json,/Users/zhaoyue/orca/workspaces/westlake-harness-bms/benchmark/2026-09-30-v3c-r17j-prospective/backtests/v2-5ea/source-records/subwaysurfers/record.json,/Users/zhaoyue/orca/workspaces/westlake-harness/benchmark/2026-09-30-v3c-5ea-sweep/runs/v3c-all-5ea-c/5ea34a4500000000000000001123012c,[],unknown,False,unknown,unknown,unknown,unknown,,,,,,,,,,,,,identity_unknown_or_changed
firefox,pending,pending_outer_review,no,不变,JNA libjnidispatch resource absent,org.mozilla.firefox.App,unknown,unknown,unknown,unknown,unknown,unknown,False,False,[],[],unknown; board/JAR/installer/protocol/app state change together,/Users/zhaoyue/orca/workspaces/westlake-harness/benchmark/2026-09-30-r17p-61b-sweep/runs/r17p-all-61b/61b0657200000000000000000324012c/firefox/record.json,/Users/zhaoyue/orca/workspaces/westlake-harness-bms/benchmark/2026-09-30-v3c-r17j-prospective/backtests/v2-5ea/source-records/firefox/record.json,/Users/zhaoyue/orca/workspaces/westlake-harness/benchmark/2026-09-30-v3c-5ea-sweep/runs/v3c-all-5ea-c/5ea34a4500000000000000001123012c,[],/Users/zhaoyue/orca/workspaces/westlake-harness/benchmark/2026-09-30-v3c-5ea-sweep/runs/v3c-all-5ea-c/5ea34a4500000000000000001123012c/firefox/t20.jpeg,False,unknown,granted,unknown,granted,,,,,,,,,,,,,identity_unknown_or_changed
vlc,pending,pending_outer_review,no,unknown,OpenSSLProvider failure then Onboarding theme inflation,org.videolan.vlc.StartActivity,unknown,unknown,unknown,unknown,unknown,unknown,False,False,[],[0],unknown; board/JAR/installer/protocol/app state change together,/Users/zhaoyue/orca/workspaces/westlake-harness/benchmark/2026-09-30-r17p-61b-sweep/runs/r17p-all-61b/61b0657200000000000000000324012c/vlc/record.json,/Users/zhaoyue/orca/workspaces/westlake-harness-bms/benchmark/2026-09-30-v3c-r17j-prospective/backtests/v2-5ea/source-records/vlc/record.json,/Users/zhaoyue/orca/workspaces/westlake-harness/benchmark/2026-09-30-v3c-5ea-sweep/runs/v3c-all-5ea-c/5ea34a4500000000000000001123012c,[],/Users/zhaoyue/orca/workspaces/westlake-harness/benchmark/2026-09-30-v3c-5ea-sweep/runs/v3c-all-5ea-c/5ea34a4500000000000000001123012c/vlc/t20.jpeg,False,unknown,granted,unknown,granted,,,,,,,,,,,,,identity_unknown_or_changed
localsend,pending,pending_outer_review,no,不变,libflutter cannot resolve libandroid,org.localsend.localsend_app.MainActivity,unknown,unknown,unknown,unknown,unknown,unknown,False,False,[],[],unknown; board/JAR/installer/protocol/app state change together,/Users/zhaoyue/orca/workspaces/westlake-harness/benchmark/2026-09-30-r17p-61b-sweep/runs/r17p-all-61b/61b0657200000000000000000324012c/localsend/record.json,/Users/zhaoyue/orca/workspaces/westlake-harness-bms/benchmark/2026-09-30-v3c-r17j-prospective/backtests/v2-5ea/source-records/localsend/record.json,/Users/zhaoyue/orca/workspaces/westlake-harness/benchmark/2026-09-30-v3c-5ea-sweep/runs/v3c-all-5ea-c/5ea34a4500000000000000001123012c,[],/Users/zhaoyue/orca/workspaces/westlake-harness/benchmark/2026-09-30-v3c-5ea-sweep/runs/v3c-all-5ea-c/5ea34a4500000000000000001123012c/localsend/t20.jpeg,False,unknown,granted,unknown,granted,,,,,,,,,,,,,identity_unknown_or_changed
ppsspp,pending,pending_outer_review,no,不变,libppsspp_jni cannot resolve libGLESv2,org.ppsspp.ppsspp.PpssppActivity,unknown,unknown,unknown,unknown,unknown,unknown,False,False,[],[],unknown; board/JAR/installer/protocol/app state change together,/Users/zhaoyue/orca/workspaces/westlake-harness/benchmark/2026-09-30-r17p-61b-sweep/runs/r17p-all-61b/61b0657200000000000000000324012c/ppsspp/record.json,/Users/zhaoyue/orca/workspaces/westlake-harness-bms/benchmark/2026-09-30-v3c-r17j-prospective/backtests/v2-5ea/source-records/ppsspp/record.json,/Users/zhaoyue/orca/workspaces/westlake-harness/benchmark/2026-09-30-v3c-5ea-sweep/runs/v3c-all-5ea-c/5ea34a4500000000000000001123012c,[],/Users/zhaoyue/orca/workspaces/westlake-harness/benchmark/2026-09-30-v3c-5ea-sweep/runs/v3c-all-5ea-c/5ea34a4500000000000000001123012c/ppsspp/t20.jpeg,False,unknown,granted,unknown,granted,,,,,,,,,,,,,identity_unknown_or_changed
mindustry,pending,pending_outer_review,no,不变,libarc cannot resolve libOpenSLES,mindustry.android.AndroidLauncher,unknown,unknown,unknown,unknown,unknown,unknown,False,False,[],[],unknown; board/JAR/installer/protocol/app state change together,/Users/zhaoyue/orca/workspaces/westlake-harness/benchmark/2026-09-30-r17p-61b-sweep/runs/r17p-all-61b/61b0657200000000000000000324012c/mindustry/record.json,/Users/zhaoyue/orca/workspaces/westlake-harness-bms/benchmark/2026-09-30-v3c-r17j-prospective/backtests/v2-5ea/source-records/mindustry/record.json,/Users/zhaoyue/orca/workspaces/westlake-harness/benchmark/2026-09-30-v3c-5ea-sweep/runs/v3c-all-5ea-c/5ea34a4500000000000000001123012c,[],/Users/zhaoyue/orca/workspaces/westlake-harness/benchmark/2026-09-30-v3c-5ea-sweep/runs/v3c-all-5ea-c/5ea34a4500000000000000001123012c/mindustry/t20.jpeg,False,unknown,granted,unknown,granted,,,,,,,,,,,,,identity_unknown_or_changed
x,pending,pending_outer_review,no,不变,NetworkCapabilities.getLinkUpstreamBandwidthKbps missing; object graph unset,com.twitter.android.StartActivity,unknown,unknown,unknown,unknown,unknown,unknown,False,False,[],[],unknown; board/JAR/installer/protocol/app state change together,/Users/zhaoyue/orca/workspaces/westlake-harness/benchmark/2026-09-30-r17p-61b-sweep/runs/r17p-all-61b/61b0657200000000000000000324012c/x/record.json,/Users/zhaoyue/orca/workspaces/westlake-harness-bms/benchmark/2026-09-30-v3c-r17j-prospective/backtests/v2-5ea/source-records/x/record.json,/Users/zhaoyue/orca/workspaces/westlake-harness/benchmark/2026-09-30-v3c-5ea-sweep/runs/v3c-all-5ea-c/5ea34a4500000000000000001123012c,[],/Users/zhaoyue/orca/workspaces/westlake-harness/benchmark/2026-09-30-v3c-5ea-sweep/runs/v3c-all-5ea-c/5ea34a4500000000000000001123012c/x/t20.jpeg,False,unknown,granted,unknown,granted,,,,,,,,,,,,,identity_unknown_or_changed
noice,pending,pending_outer_review,no,unknown,EGL_NO_SURFACE / hwui abort,com.github.ashutoshgngwr.noice.activity.MainActivity,unknown,unknown,unknown,unknown,unknown,unknown,False,False,[],[0],unknown; board/JAR/installer/protocol/app state change together,/Users/zhaoyue/orca/workspaces/westlake-harness/benchmark/2026-09-30-r17p-61b-sweep/runs/r17p-all-61b/61b0657200000000000000000324012c/noice/record.json,/Users/zhaoyue/orca/workspaces/westlake-harness-bms/benchmark/2026-09-30-v3c-r17j-prospective/backtests/v2-5ea/source-records/noice/record.json,/Users/zhaoyue/orca/workspaces/westlake-harness/benchmark/2026-09-30-v3c-5ea-sweep/runs/v3c-all-5ea-c/5ea34a4500000000000000001123012c,[],/Users/zhaoyue/orca/workspaces/westlake-harness/benchmark/2026-09-30-v3c-5ea-sweep/runs/v3c-all-5ea-c/5ea34a4500000000000000001123012c/noice/t20.jpeg,False,unknown,granted,unknown,granted,,,,,,,,,,,,,identity_unknown_or_changed
