flag,reference_value,status,evidence,t3b_setting,caveat
effective_read_barrier,False,verified,"boot.oat kv concurrent-copying=false; libart ValidateOatFile VA 0x461bb4 calls IsConcurrentCopying, 0x461bb8 tbnz rejects true",ART_USE_READ_BARRIER=false,"The KV alone measures compiler runtime state, not the original environment spelling; native evidence corroborates false."
read_barrier_type,none in active compiled paths,verified,"artReadBarrierSlow VA 0x810f60 is ldr w0,[x1,w2,uxtw];ret; root slow is ldr;ret; inline cache has no Baker marking guard. read_barrier-inl.h:35-103",ART_READ_BARRIER_TYPE not needed when ART_USE_READ_BARRIER=false,Original ignored environment value cannot be recovered; do not claim BAKER or TABLELOOKUP.
default_collector,CMS (enum 2),verified,"XGcOption default allocator VA 0x76e5a4 mov w8,#2;0x76e5b8 str w8,[x0]; empty parse VA 0x770e50 matches; collector_type.h:26-40,67-78",ART_DEFAULT_GC_TYPE=CMS,Default is proven; live per-process -Xgc override was not inspected.
generational_cc_default,False,verified,XGcOption default VA 0x76e5ac/0x76e5b4 zero bytes +4..15 including generational_cc at +6; cmdline_types.h:540-544; runtime_globals.h:43-60,ART_USE_GENERATIONAL_CC=false,A runtime option can override the default; collector implementations existing as symbols prove no selection.
heap_poisoning,False,verified,"MarkCompact::IsNullOrMarkedHeapReference VA 0x68e368 directly loads w1 then passes to IsMarked at 0x68e374 without negation; artReadBarrierSlow also loads directly; object_reference.h:100-106,170-179",ART_HEAP_POISONING=false,
native_debug_build,False,verified,VMRuntime_vmLibrary VA 0x3db6bc uses string at VA/file offset 0x21be56 = libart.so; dalvik_system_VMRuntime.cc:221-223 selects it by kIsDebugBuild; default GC verification bytes also zero,Select release dex2oat64/libart.so (not dex2oatd64/libartd.so); NDEBUG supplied by build target,OAT debuggable=false by itself would not prove a release libart.
test_debug_gc_override,False,derived,CMS default verified; build/art.go:44-47 ART_TEST_DEBUG_GC=true forces SS and TLAB,ART_TEST_DEBUG_GC=false,
tlab_build_default,unknown (r1 flags imply false for rb-off/CMS),unknown,"build/art.go:41,48,78-84 derives TLAB; actual R155 caller value not recovered",No direct ART_USE_TLAB env knob in r1 globalFlags; inspect compiler flags,Do not equate available TLAB code with enabled TLAB.
cxx_interpreter,unknown,unknown,build/art.go:55-57; no definitive native predicate extracted,Record effective ART_USE_CXX_INTERPRETER; do not guess,
sanitizers_and_stack_overflow_gap,unknown,unknown,build/art.go:94-116 ties gaps to sanitizer config; no original compile receipt,Archive sanitizer/ART_STACK_OVERFLOW_GAP flags; do not infer from missing symbols,
optimization_level,unknown,unknown,build/art.go:38-39 defaults ART_NDEBUG_OPT_FLAG to -O3; original receipt absent,Record actual ART_NDEBUG_OPT_FLAG; upstream default is not R155 evidence,
aot_java_debuggable,False,verified,reference boot.oat KV debuggable=false,Do not add --debuggable,
aot_native_debuggable,False,verified,reference boot.oat KV native-debuggable=false,Do not add --generate-debug-info solely to match metadata,
aot_compiler_filter,speed,verified,reference boot.oat KV compiler-filter=speed,--compiler-filter=speed,
isa_features_bitmap,0x3,verified,reference and T5 OAT230 header +16 both 3; ISA at +12 both 2=arm64,Keep instruction-set arm64 and verify generated bitmap 0x3,
main_image_metadata,8 keys; no bootclasspath-checksums or compilation-reason,verified,reference OAT@0x1000 KV@0x1044 size2259; T5 actual also 8 keys,Do not add these keys; omit --compilation-reason for reference reproduction,
