segment,reference_checksum,candidate_checksum,reference_kv_size,candidate_kv_size,text_size_delta,text_differing_positions,rodata_after_kv_differing_positions,dex_records_equal
boot-adapter-mainline-stubs.oat,af70cb96,db1867e3,0,0,288,15712,5044,True
boot-apache-xml.oat,a27224ae,67e96e13,0,0,120,1266582,237220,True
boot-bouncycastle.oat,0238750e,9336a310,0,0,-29048,2009282,399656,True
boot-core-icu4j.oat,5bc94e7f,e8690a51,0,0,35584,3598416,698014,True
boot-core-libart.oat,57e1e296,85b3a04d,0,0,-7472,595309,106769,True
boot-framework.oat,0ee867b5,01321d34,0,0,146912,45205195,9756513,True
boot-oh-adapter-framework.oat,1d8f1eb1,31ea3d27,0,0,-9752,457106,69262,True
boot-okhttp.oat,7e2a19c3,1154cfac,0,0,9188,548900,134375,True
boot.oat,d369f830,0424c4ee,2259,1960,63648,7936644,1917465,False
