key,board,eligible,reasons,predicted,observed,exact_correct,minimum_correct,prior_exposure,lit,advance,same_wall,observed_wall,note,screenshot_evidence,progress_evidence,captured,t5_alive,t20_alive
wikipedia,5ea34a4500000000000000001123012c,True,[],不变,不变,True,True,prior-r17j-targeted,no,no,yes,EGL_NO_SURFACE / hwui abort,Desktop at t5/t20; exact frozen EGL wall recurs.,/Users/zhaoyue/orca/workspaces/westlake-harness/benchmark/2026-09-30-v3c-5ea-sweep/runs/v3c-all-5ea/5ea34a4500000000000000001123012c/wikipedia/t20.jpeg,/Users/zhaoyue/orca/workspaces/westlake-harness/benchmark/2026-09-30-v3c-5ea-sweep/runs/v3c-all-5ea/5ea34a4500000000000000001123012c/wikipedia/hilog.txt:67461;/Users/zhaoyue/orca/workspaces/westlake-harness/benchmark/2026-09-30-v3c-5ea-sweep/runs/v3c-all-5ea/5ea34a4500000000000000001123012c/wikipedia/hilog.txt:67462,2,False,False
termux,5ea34a4500000000000000001123012c,True,[],推进,不变,False,False,prior-sweep-only,no,no,yes,StartAbility returned 2097205,"Blank t5/t20; second-Activity dispatch still fails, so its nonzero frame is not reached.",/Users/zhaoyue/orca/workspaces/westlake-harness/benchmark/2026-09-30-v3c-5ea-sweep/runs/v3c-all-5ea/5ea34a4500000000000000001123012c/termux/t20.jpeg,/Users/zhaoyue/orca/workspaces/westlake-harness/benchmark/2026-09-30-v3c-5ea-sweep/runs/v3c-all-5ea/5ea34a4500000000000000001123012c/termux/hilog.txt:25442,2,True,True
ooniprobe,5ea34a4500000000000000001123012c,True,[],不变,亮,False,False,prior-v3c-targeted,yes,unknown,no,JNA background error tolerated on introduction page,Own OONI introduction visible at both captures; old native error is not a first-page blocker.,/Users/zhaoyue/orca/workspaces/westlake-harness/benchmark/2026-09-30-v3c-5ea-sweep/runs/v3c-all-5ea/5ea34a4500000000000000001123012c/ooniprobe/t20.jpeg,/Users/zhaoyue/orca/workspaces/westlake-harness/benchmark/2026-09-30-v3c-5ea-sweep/runs/v3c-all-5ea/5ea34a4500000000000000001123012c/ooniprobe/hilog.txt:61681,2,True,True
antennapod,5ea34a4500000000000000001123012c,True,[],推进,unknown,,,prior-sweep-only,no,unknown,unknown,OpenSSLProvider missing; FeedUpdateManager null,Current provider failure and final MainActivity NPE do not establish libconscrypt relocation success.,/Users/zhaoyue/orca/workspaces/westlake-harness/benchmark/2026-09-30-v3c-5ea-sweep/runs/v3c-all-5ea/5ea34a4500000000000000001123012c/antennapod/t20.jpeg,/Users/zhaoyue/orca/workspaces/westlake-harness/benchmark/2026-09-30-v3c-5ea-sweep/runs/v3c-all-5ea/5ea34a4500000000000000001123012c/antennapod/hilog.txt:22039;/Users/zhaoyue/orca/workspaces/westlake-harness/benchmark/2026-09-30-v3c-5ea-sweep/runs/v3c-all-5ea/5ea34a4500000000000000001123012c/antennapod/hilog.txt:22050;/Users/zhaoyue/orca/workspaces/westlake-harness/benchmark/2026-09-30-v3c-5ea-sweep/runs/v3c-all-5ea/5ea34a4500000000000000001123012c/antennapod/hilog.txt:29468,2,False,False
aegis,5ea34a4500000000000000001123012c,True,[],亮,亮,True,True,prior-sweep-only,yes,unknown,no,,Own Aegis welcome page at t5/t20.,/Users/zhaoyue/orca/workspaces/westlake-harness/benchmark/2026-09-30-v3c-5ea-sweep/runs/v3c-all-5ea/5ea34a4500000000000000001123012c/aegis/t20.jpeg,,2,True,True
fd-AppManager,5ea34a4500000000000000001123012c,True,[],亮,unknown,,False,prior-sweep-only,no,unknown,unknown,Blank KeyStoreActivity after successful background dispatch,Nonzero window dimensions and StartAbility=0 do not prove own UI.,/Users/zhaoyue/orca/workspaces/westlake-harness/benchmark/2026-09-30-v3c-5ea-sweep/runs/v3c-all-5ea/5ea34a4500000000000000001123012c/fd-AppManager/t20.jpeg,/Users/zhaoyue/orca/workspaces/westlake-harness/benchmark/2026-09-30-v3c-5ea-sweep/runs/v3c-all-5ea/5ea34a4500000000000000001123012c/fd-AppManager/hilog.txt:41566;/Users/zhaoyue/orca/workspaces/westlake-harness/benchmark/2026-09-30-v3c-5ea-sweep/runs/v3c-all-5ea/5ea34a4500000000000000001123012c/fd-AppManager/hilog.txt:45607,2,True,True
fd-auxio,5ea34a4500000000000000001123012c,True,[],亮,亮,True,True,prior-v3c-targeted,yes,unknown,no,,Own Auxio music library page at both captures.,/Users/zhaoyue/orca/workspaces/westlake-harness/benchmark/2026-09-30-v3c-5ea-sweep/runs/v3c-all-5ea/5ea34a4500000000000000001123012c/fd-auxio/t20.jpeg,,2,True,True
fd-com-amaze-filemanager,5ea34a4500000000000000001123012c,True,[],推进,unknown,,,prior-sweep-only,no,unknown,unknown,AppConfig / OpenSSLProvider class initialization,Earlier/different fatal does not establish FileObserver checkpoint.,/Users/zhaoyue/orca/workspaces/westlake-harness/benchmark/2026-09-30-v3c-5ea-sweep/runs/v3c-all-5ea/5ea34a4500000000000000001123012c/fd-com-amaze-filemanager/t20.jpeg,/Users/zhaoyue/orca/workspaces/westlake-harness/benchmark/2026-09-30-v3c-5ea-sweep/runs/v3c-all-5ea/5ea34a4500000000000000001123012c/fd-com-amaze-filemanager/hilog.txt:25944;/Users/zhaoyue/orca/workspaces/westlake-harness/benchmark/2026-09-30-v3c-5ea-sweep/runs/v3c-all-5ea/5ea34a4500000000000000001123012c/fd-com-amaze-filemanager/hilog.txt:26068,2,False,False
fd-com-kunzisoft-keepass-libre,5ea34a4500000000000000001123012c,True,[],亮,亮,True,True,prior-sweep-only,yes,unknown,no,,Own KeePassDX onboarding page at both captures.,/Users/zhaoyue/orca/workspaces/westlake-harness/benchmark/2026-09-30-v3c-5ea-sweep/runs/v3c-all-5ea/5ea34a4500000000000000001123012c/fd-com-kunzisoft-keepass-libre/t20.jpeg,,2,True,True
fd-droidify,5ea34a4500000000000000001123012c,True,[],亮,unknown,,False,prior-sweep-only,no,unknown,unknown,OpenSSLProvider class initialization,Previously lit prediction regressed to desktop.,/Users/zhaoyue/orca/workspaces/westlake-harness/benchmark/2026-09-30-v3c-5ea-sweep/runs/v3c-all-5ea/5ea34a4500000000000000001123012c/fd-droidify/t20.jpeg,/Users/zhaoyue/orca/workspaces/westlake-harness/benchmark/2026-09-30-v3c-5ea-sweep/runs/v3c-all-5ea/5ea34a4500000000000000001123012c/fd-droidify/hilog.txt:38980;/Users/zhaoyue/orca/workspaces/westlake-harness/benchmark/2026-09-30-v3c-5ea-sweep/runs/v3c-all-5ea/5ea34a4500000000000000001123012c/fd-droidify/hilog.txt:39079,2,False,False
fd-fitness,5ea34a4500000000000000001123012c,True,[],亮,亮,True,True,prior-sweep-only,yes,unknown,no,,Own workout setup page at both captures.,/Users/zhaoyue/orca/workspaces/westlake-harness/benchmark/2026-09-30-v3c-5ea-sweep/runs/v3c-all-5ea/5ea34a4500000000000000001123012c/fd-fitness/t20.jpeg,,2,True,True
fd-netguard,5ea34a4500000000000000001123012c,True,[],亮,亮,True,True,prior-v3c-targeted,yes,unknown,no,,Own firewall UI; this is not a VPN function verdict.,/Users/zhaoyue/orca/workspaces/westlake-harness/benchmark/2026-09-30-v3c-5ea-sweep/runs/v3c-all-5ea/5ea34a4500000000000000001123012c/fd-netguard/t20.jpeg,,2,True,True
fd-noice,5ea34a4500000000000000001123012c,True,[],推进,unknown,,,prior-v3c-targeted,no,unknown,unknown,Construct-only TLS socket then EGL_NO_SURFACE,"Factory self-test and actual OkHttp socket attempt show later work, but do not directly prove the named app TrustManagerFactory initialization; retain unknown.",/Users/zhaoyue/orca/workspaces/westlake-harness/benchmark/2026-09-30-v3c-5ea-sweep/runs/v3c-all-5ea/5ea34a4500000000000000001123012c/fd-noice/t20.jpeg,/Users/zhaoyue/orca/workspaces/westlake-harness/benchmark/2026-09-30-v3c-5ea-sweep/runs/v3c-all-5ea/5ea34a4500000000000000001123012c/fd-noice/hilog.txt:16464;/Users/zhaoyue/orca/workspaces/westlake-harness/benchmark/2026-09-30-v3c-5ea-sweep/runs/v3c-all-5ea/5ea34a4500000000000000001123012c/fd-noice/hilog.txt:40180;/Users/zhaoyue/orca/workspaces/westlake-harness/benchmark/2026-09-30-v3c-5ea-sweep/runs/v3c-all-5ea/5ea34a4500000000000000001123012c/fd-noice/hilog.txt:40181;/Users/zhaoyue/orca/workspaces/westlake-harness/benchmark/2026-09-30-v3c-5ea-sweep/runs/v3c-all-5ea/5ea34a4500000000000000001123012c/fd-noice/hilog.txt:40242,2,False,False
anki,5ea34a4500000000000000001123012c,True,[],推进,不变,False,False,prior-grant-calibration,no,no,yes,librsdroid cannot resolve liblog; DeckPicker lateinit,Exact app-domain dependency failure persists despite system liblog file matching profile.,/Users/zhaoyue/orca/workspaces/westlake-harness/benchmark/2026-09-30-v3c-5ea-sweep/runs/v3c-all-5ea/5ea34a4500000000000000001123012c/anki/t20.jpeg,/Users/zhaoyue/orca/workspaces/westlake-harness/benchmark/2026-09-30-v3c-5ea-sweep/runs/v3c-all-5ea/5ea34a4500000000000000001123012c/anki/hilog.txt:39521;/Users/zhaoyue/orca/workspaces/westlake-harness/benchmark/2026-09-30-v3c-5ea-sweep/runs/v3c-all-5ea/5ea34a4500000000000000001123012c/anki/hilog.txt:51660,2,True,True
newpipe,5ea34a4500000000000000001123012c,True,[],推进,unknown,,,prior-sweep-only,no,unknown,unknown,OpenSSLProvider class initialization,New earlier/different fatal; no direct VelocityTracker success evidence.,/Users/zhaoyue/orca/workspaces/westlake-harness/benchmark/2026-09-30-v3c-5ea-sweep/runs/v3c-all-5ea/5ea34a4500000000000000001123012c/newpipe/t20.jpeg,/Users/zhaoyue/orca/workspaces/westlake-harness/benchmark/2026-09-30-v3c-5ea-sweep/runs/v3c-all-5ea/5ea34a4500000000000000001123012c/newpipe/hilog.txt:30914;/Users/zhaoyue/orca/workspaces/westlake-harness/benchmark/2026-09-30-v3c-5ea-sweep/runs/v3c-all-5ea/5ea34a4500000000000000001123012c/newpipe/hilog.txt:31056,2,False,False
markor,5ea34a4500000000000000001123012c,True,[],推进,不变,False,False,prior-sweep-only,no,no,yes,Window type 1 rejected,Exact frozen window-add wall remains.,/Users/zhaoyue/orca/workspaces/westlake-harness/benchmark/2026-09-30-v3c-5ea-sweep/runs/v3c-all-5ea/5ea34a4500000000000000001123012c/markor/t20.jpeg,/Users/zhaoyue/orca/workspaces/westlake-harness/benchmark/2026-09-30-v3c-5ea-sweep/runs/v3c-all-5ea/5ea34a4500000000000000001123012c/markor/hilog.txt:25945,2,False,False
opencamera,5ea34a4500000000000000001123012c,True,[],推进,unknown,,,prior-sweep-only,no,unknown,unknown,AudioProductStrategy JNI missing onResume,Later lifecycle stage alone does not prove the exact camera-count call returned.,/Users/zhaoyue/orca/workspaces/westlake-harness/benchmark/2026-09-30-v3c-5ea-sweep/runs/v3c-all-5ea/5ea34a4500000000000000001123012c/opencamera/t20.jpeg,/Users/zhaoyue/orca/workspaces/westlake-harness/benchmark/2026-09-30-v3c-5ea-sweep/runs/v3c-all-5ea/5ea34a4500000000000000001123012c/opencamera/hilog.txt:37627;/Users/zhaoyue/orca/workspaces/westlake-harness/benchmark/2026-09-30-v3c-5ea-sweep/runs/v3c-all-5ea/5ea34a4500000000000000001123012c/opencamera/hilog.txt:37634,2,False,False
fd-android,5ea34a4500000000000000001123012c,True,[],unknown,亮,,,prior-sweep-only,yes,unknown,no,,Own database-update page at t20; not proof mailbox initialization finishes. Forecast abstained.,/Users/zhaoyue/orca/workspaces/westlake-harness/benchmark/2026-09-30-v3c-5ea-sweep/runs/v3c-all-5ea/5ea34a4500000000000000001123012c/fd-android/t20.jpeg,,2,True,True
fd-api,5ea34a4500000000000000001123012c,True,[],不变,不变,True,True,prior-sweep-only,no,no,yes,Theme.AppCompat required,Exact frozen theme wall; desktop both captures.,/Users/zhaoyue/orca/workspaces/westlake-harness/benchmark/2026-09-30-v3c-5ea-sweep/runs/v3c-all-5ea/5ea34a4500000000000000001123012c/fd-api/t20.jpeg,/Users/zhaoyue/orca/workspaces/westlake-harness/benchmark/2026-09-30-v3c-5ea-sweep/runs/v3c-all-5ea/5ea34a4500000000000000001123012c/fd-api/hilog.txt:19553;/Users/zhaoyue/orca/workspaces/westlake-harness/benchmark/2026-09-30-v3c-5ea-sweep/runs/v3c-all-5ea/5ea34a4500000000000000001123012c/fd-api/hilog.txt:19596,2,False,False
fd-app,5ea34a4500000000000000001123012c,True,[],推进,不变,False,False,prior-sweep-only,no,no,yes,libgdx cannot resolve libstdc++,Dependency remains invisible in the app domain despite packaged libstdc++.,/Users/zhaoyue/orca/workspaces/westlake-harness/benchmark/2026-09-30-v3c-5ea-sweep/runs/v3c-all-5ea/5ea34a4500000000000000001123012c/fd-app/t20.jpeg,/Users/zhaoyue/orca/workspaces/westlake-harness/benchmark/2026-09-30-v3c-5ea-sweep/runs/v3c-all-5ea/5ea34a4500000000000000001123012c/fd-app/hilog.txt:40124;/Users/zhaoyue/orca/workspaces/westlake-harness/benchmark/2026-09-30-v3c-5ea-sweep/runs/v3c-all-5ea/5ea34a4500000000000000001123012c/fd-app/hilog.txt:40186,2,False,False
fd-breezyweather,5ea34a4500000000000000001123012c,True,[],推进,unknown,,,prior-sweep-only,no,unknown,unknown,MainActivity service getClass NPE,No positive libnrb relocation evidence; different fatal cannot prove that native checkpoint.,/Users/zhaoyue/orca/workspaces/westlake-harness/benchmark/2026-09-30-v3c-5ea-sweep/runs/v3c-all-5ea/5ea34a4500000000000000001123012c/fd-breezyweather/t20.jpeg,/Users/zhaoyue/orca/workspaces/westlake-harness/benchmark/2026-09-30-v3c-5ea-sweep/runs/v3c-all-5ea/5ea34a4500000000000000001123012c/fd-breezyweather/hilog.txt:58065;/Users/zhaoyue/orca/workspaces/westlake-harness/benchmark/2026-09-30-v3c-5ea-sweep/runs/v3c-all-5ea/5ea34a4500000000000000001123012c/fd-breezyweather/hilog.txt:58112,2,False,False
fd-calendar,5ea34a4500000000000000001123012c,True,[],不变,不变,True,True,prior-sweep-only,no,no,yes,JobScheduler.cancel on null,Exact frozen scheduler wall.,/Users/zhaoyue/orca/workspaces/westlake-harness/benchmark/2026-09-30-v3c-5ea-sweep/runs/v3c-all-5ea/5ea34a4500000000000000001123012c/fd-calendar/t20.jpeg,/Users/zhaoyue/orca/workspaces/westlake-harness/benchmark/2026-09-30-v3c-5ea-sweep/runs/v3c-all-5ea/5ea34a4500000000000000001123012c/fd-calendar/hilog.txt:36191;/Users/zhaoyue/orca/workspaces/westlake-harness/benchmark/2026-09-30-v3c-5ea-sweep/runs/v3c-all-5ea/5ea34a4500000000000000001123012c/fd-calendar/hilog.txt:36239,2,False,False
fd-catima,5ea34a4500000000000000001123012c,True,[],不变,不变,True,True,prior-sweep-only,no,no,yes,MainActivity resume getClass NPE,Same method and resume-stage failure as frozen evidence.,/Users/zhaoyue/orca/workspaces/westlake-harness/benchmark/2026-09-30-v3c-5ea-sweep/runs/v3c-all-5ea/5ea34a4500000000000000001123012c/fd-catima/t20.jpeg,/Users/zhaoyue/orca/workspaces/westlake-harness/benchmark/2026-09-30-v3c-5ea-sweep/runs/v3c-all-5ea/5ea34a4500000000000000001123012c/fd-catima/hilog.txt:41575;/Users/zhaoyue/orca/workspaces/westlake-harness/benchmark/2026-09-30-v3c-5ea-sweep/runs/v3c-all-5ea/5ea34a4500000000000000001123012c/fd-catima/hilog.txt:41617,2,False,False
fd-etar,5ea34a4500000000000000001123012c,True,[],不变,不变,True,True,prior-sweep-only,no,no,yes,PowerExemptionManager.isAllowListed null,Exact frozen PowerExemptionManager wall.,/Users/zhaoyue/orca/workspaces/westlake-harness/benchmark/2026-09-30-v3c-5ea-sweep/runs/v3c-all-5ea/5ea34a4500000000000000001123012c/fd-etar/t20.jpeg,/Users/zhaoyue/orca/workspaces/westlake-harness/benchmark/2026-09-30-v3c-5ea-sweep/runs/v3c-all-5ea/5ea34a4500000000000000001123012c/fd-etar/hilog.txt:49676;/Users/zhaoyue/orca/workspaces/westlake-harness/benchmark/2026-09-30-v3c-5ea-sweep/runs/v3c-all-5ea/5ea34a4500000000000000001123012c/fd-etar/hilog.txt:49727,2,False,False
fd-feeder,5ea34a4500000000000000001123012c,True,[],unknown,unknown,,,prior-sweep-only,no,unknown,unknown,Unresolved current fatal,Desktop both captures; forecast abstained; no main-thread fatal in target PID extract.,/Users/zhaoyue/orca/workspaces/westlake-harness/benchmark/2026-09-30-v3c-5ea-sweep/runs/v3c-all-5ea/5ea34a4500000000000000001123012c/fd-feeder/t20.jpeg,,2,False,False
fd-fennec_fdroid,5ea34a4500000000000000001123012c,True,[],不变,不变,True,True,prior-sweep-only,no,no,yes,JNA libjnidispatch resource absent,Main-thread failure retains the frozen JNA wall.,/Users/zhaoyue/orca/workspaces/westlake-harness/benchmark/2026-09-30-v3c-5ea-sweep/runs/v3c-all-5ea/5ea34a4500000000000000001123012c/fd-fennec_fdroid/t20.jpeg,/Users/zhaoyue/orca/workspaces/westlake-harness/benchmark/2026-09-30-v3c-5ea-sweep/runs/v3c-all-5ea/5ea34a4500000000000000001123012c/fd-fennec_fdroid/hilog.txt:39352;/Users/zhaoyue/orca/workspaces/westlake-harness/benchmark/2026-09-30-v3c-5ea-sweep/runs/v3c-all-5ea/5ea34a4500000000000000001123012c/fd-fennec_fdroid/hilog.txt:42908;/Users/zhaoyue/orca/workspaces/westlake-harness/benchmark/2026-09-30-v3c-5ea-sweep/runs/v3c-all-5ea/5ea34a4500000000000000001123012c/fd-fennec_fdroid/hilog.txt:43002,2,False,False
fd-filemanager,5ea34a4500000000000000001123012c,True,[],亮,亮,True,True,prior-grant-calibration,yes,unknown,no,,Own search/navigation/file-manager shell visible at both captures; no file-operation claim.,/Users/zhaoyue/orca/workspaces/westlake-harness/benchmark/2026-09-30-v3c-5ea-sweep/runs/v3c-all-5ea/5ea34a4500000000000000001123012c/fd-filemanager/t20.jpeg,,2,True,True
fd-fluffychat,5ea34a4500000000000000001123012c,True,[],推进,unknown,,False,prior-sweep-only,no,no,no,libflutter cannot resolve libandroid,Library still fails to load; changed dependency name is not positive proof the frozen libGLES checkpoint passed.,/Users/zhaoyue/orca/workspaces/westlake-harness/benchmark/2026-09-30-v3c-5ea-sweep/runs/v3c-all-5ea-c/5ea34a4500000000000000001123012c/fd-fluffychat/t20.jpeg,/Users/zhaoyue/orca/workspaces/westlake-harness/benchmark/2026-09-30-v3c-5ea-sweep/runs/v3c-all-5ea-c/5ea34a4500000000000000001123012c/fd-fluffychat/hilog.txt:21296;/Users/zhaoyue/orca/workspaces/westlake-harness/benchmark/2026-09-30-v3c-5ea-sweep/runs/v3c-all-5ea-c/5ea34a4500000000000000001123012c/fd-fluffychat/hilog.txt:21378,2,False,False
fd-gallery,5ea34a4500000000000000001123012c,True,[],不变,不变,True,True,prior-grant-calibration,no,no,yes,MediaStore.Images.Media.EXTERNAL_CONTENT_URI missing,Same frozen field error after the newly authorized dispatch.,/Users/zhaoyue/orca/workspaces/westlake-harness/benchmark/2026-09-30-v3c-5ea-sweep/runs/v3c-all-5ea-c/5ea34a4500000000000000001123012c/fd-gallery/t20.jpeg,/Users/zhaoyue/orca/workspaces/westlake-harness/benchmark/2026-09-30-v3c-5ea-sweep/runs/v3c-all-5ea-c/5ea34a4500000000000000001123012c/fd-gallery/hilog.txt:57159;/Users/zhaoyue/orca/workspaces/westlake-harness/benchmark/2026-09-30-v3c-5ea-sweep/runs/v3c-all-5ea-c/5ea34a4500000000000000001123012c/fd-gallery/hilog.txt:57185,2,True,True
fd-im-vector-app,5ea34a4500000000000000001123012c,True,[],推进,unknown,,,prior-sweep-only,no,unknown,unknown,OpenSSLProvider class initialization,Different fatal; librealm relocation checkpoint unproven.,/Users/zhaoyue/orca/workspaces/westlake-harness/benchmark/2026-09-30-v3c-5ea-sweep/runs/v3c-all-5ea-c/5ea34a4500000000000000001123012c/fd-im-vector-app/t20.jpeg,/Users/zhaoyue/orca/workspaces/westlake-harness/benchmark/2026-09-30-v3c-5ea-sweep/runs/v3c-all-5ea-c/5ea34a4500000000000000001123012c/fd-im-vector-app/hilog.txt:54128;/Users/zhaoyue/orca/workspaces/westlake-harness/benchmark/2026-09-30-v3c-5ea-sweep/runs/v3c-all-5ea-c/5ea34a4500000000000000001123012c/fd-im-vector-app/hilog.txt:54252,2,False,False
fd-immich,5ea34a4500000000000000001123012c,True,[],推进,不变,False,False,prior-sweep-only,no,no,yes,libflutter cannot resolve libGLESv2,Exact app-domain dependency wall remains.,/Users/zhaoyue/orca/workspaces/westlake-harness/benchmark/2026-09-30-v3c-5ea-sweep/runs/v3c-all-5ea-c/5ea34a4500000000000000001123012c/fd-immich/t20.jpeg,/Users/zhaoyue/orca/workspaces/westlake-harness/benchmark/2026-09-30-v3c-5ea-sweep/runs/v3c-all-5ea-c/5ea34a4500000000000000001123012c/fd-immich/hilog.txt:32934;/Users/zhaoyue/orca/workspaces/westlake-harness/benchmark/2026-09-30-v3c-5ea-sweep/runs/v3c-all-5ea-c/5ea34a4500000000000000001123012c/fd-immich/hilog.txt:32993,2,False,False
fd-k9,5ea34a4500000000000000001123012c,True,[],unknown,亮,,,prior-sweep-only,yes,unknown,no,,Own database-update page at t20; not evidence of completed mailbox setup. Forecast abstained.,/Users/zhaoyue/orca/workspaces/westlake-harness/benchmark/2026-09-30-v3c-5ea-sweep/runs/v3c-all-5ea-c/5ea34a4500000000000000001123012c/fd-k9/t20.jpeg,,2,True,True
fd-kitchenowl,5ea34a4500000000000000001123012c,True,[],推进,不变,False,False,prior-sweep-only,no,no,yes,libflutter cannot resolve libandroid,Frozen generic Flutter dependency wall remains; no successful library load.,/Users/zhaoyue/orca/workspaces/westlake-harness/benchmark/2026-09-30-v3c-5ea-sweep/runs/v3c-all-5ea-c/5ea34a4500000000000000001123012c/fd-kitchenowl/t20.jpeg,/Users/zhaoyue/orca/workspaces/westlake-harness/benchmark/2026-09-30-v3c-5ea-sweep/runs/v3c-all-5ea-c/5ea34a4500000000000000001123012c/fd-kitchenowl/hilog.txt:31824;/Users/zhaoyue/orca/workspaces/westlake-harness/benchmark/2026-09-30-v3c-5ea-sweep/runs/v3c-all-5ea-c/5ea34a4500000000000000001123012c/fd-kitchenowl/hilog.txt:31895,2,False,False
fd-libre,5ea34a4500000000000000001123012c,True,[],推进,unknown,,False,prior-sweep-only,no,no,no,libflutter cannot resolve libGLESv2,Different named dependency still prevents the full libflutter load; not proof of progress.,/Users/zhaoyue/orca/workspaces/westlake-harness/benchmark/2026-09-30-v3c-5ea-sweep/runs/v3c-all-5ea-c/5ea34a4500000000000000001123012c/fd-libre/t20.jpeg,/Users/zhaoyue/orca/workspaces/westlake-harness/benchmark/2026-09-30-v3c-5ea-sweep/runs/v3c-all-5ea-c/5ea34a4500000000000000001123012c/fd-libre/hilog.txt:27004;/Users/zhaoyue/orca/workspaces/westlake-harness/benchmark/2026-09-30-v3c-5ea-sweep/runs/v3c-all-5ea-c/5ea34a4500000000000000001123012c/fd-libre/hilog.txt:27065,2,False,False
fd-libretube,5ea34a4500000000000000001123012c,True,[],不变,不变,True,True,prior-sweep-only,no,no,yes,tagsoup Parser.setProperty missing,Exact frozen HTML parser API wall.,/Users/zhaoyue/orca/workspaces/westlake-harness/benchmark/2026-09-30-v3c-5ea-sweep/runs/v3c-all-5ea-c/5ea34a4500000000000000001123012c/fd-libretube/t20.jpeg,/Users/zhaoyue/orca/workspaces/westlake-harness/benchmark/2026-09-30-v3c-5ea-sweep/runs/v3c-all-5ea-c/5ea34a4500000000000000001123012c/fd-libretube/hilog.txt:51223;/Users/zhaoyue/orca/workspaces/westlake-harness/benchmark/2026-09-30-v3c-5ea-sweep/runs/v3c-all-5ea-c/5ea34a4500000000000000001123012c/fd-libretube/hilog.txt:51248,2,False,False
fd-meet,5ea34a4500000000000000001123012c,True,[],不变,不变,True,True,prior-sweep-only,no,no,yes,RestrictionsManager.getApplicationRestrictions null,Exact frozen restrictions-service wall.,/Users/zhaoyue/orca/workspaces/westlake-harness/benchmark/2026-09-30-v3c-5ea-sweep/runs/v3c-all-5ea-c/5ea34a4500000000000000001123012c/fd-meet/t20.jpeg,/Users/zhaoyue/orca/workspaces/westlake-harness/benchmark/2026-09-30-v3c-5ea-sweep/runs/v3c-all-5ea-c/5ea34a4500000000000000001123012c/fd-meet/hilog.txt:37220;/Users/zhaoyue/orca/workspaces/westlake-harness/benchmark/2026-09-30-v3c-5ea-sweep/runs/v3c-all-5ea-c/5ea34a4500000000000000001123012c/fd-meet/hilog.txt:37262,2,False,False
fd-minetest,5ea34a4500000000000000001123012c,True,[],亮,亮,True,True,prior-sweep-only,yes,unknown,no,,"Own loading page at t5/t20, matching the explicitly frozen loading-or-game criterion; gameplay unverified.",/Users/zhaoyue/orca/workspaces/westlake-harness/benchmark/2026-09-30-v3c-5ea-sweep/runs/v3c-all-5ea-c/5ea34a4500000000000000001123012c/fd-minetest/t20.jpeg,,2,True,True
fd-mpv,5ea34a4500000000000000001123012c,True,[],亮,亮,True,True,prior-sweep-only,yes,unknown,no,,Own MPV main controls/menu at t5/t20; media playback unverified.,/Users/zhaoyue/orca/workspaces/westlake-harness/benchmark/2026-09-30-v3c-5ea-sweep/runs/v3c-all-5ea-c/5ea34a4500000000000000001123012c/fd-mpv/t20.jpeg,,2,True,True
fd-musicplayer,5ea34a4500000000000000001123012c,True,[],不变,不变,True,True,prior-sweep-only,no,no,yes,Bitmap color space missing,Exact frozen bitmap-construction exception.,/Users/zhaoyue/orca/workspaces/westlake-harness/benchmark/2026-09-30-v3c-5ea-sweep/runs/v3c-all-5ea-c/5ea34a4500000000000000001123012c/fd-musicplayer/t20.jpeg,/Users/zhaoyue/orca/workspaces/westlake-harness/benchmark/2026-09-30-v3c-5ea-sweep/runs/v3c-all-5ea-c/5ea34a4500000000000000001123012c/fd-musicplayer/hilog.txt:53789;/Users/zhaoyue/orca/workspaces/westlake-harness/benchmark/2026-09-30-v3c-5ea-sweep/runs/v3c-all-5ea-c/5ea34a4500000000000000001123012c/fd-musicplayer/hilog.txt:53841,2,False,False
fd-notes,5ea34a4500000000000000001123012c,True,[],亮,亮,True,True,prior-sweep-only,yes,unknown,no,,Own note editor at t5/t20.,/Users/zhaoyue/orca/workspaces/westlake-harness/benchmark/2026-09-30-v3c-5ea-sweep/runs/v3c-all-5ea-c/5ea34a4500000000000000001123012c/fd-notes/t20.jpeg,,2,True,True
fd-organicmaps,5ea34a4500000000000000001123012c,True,[],推进,不变,False,False,prior-sweep-only,no,no,yes,liborganicmaps cannot resolve libGLESv2; DisplayManager null,Original dependency failure persists before the final Splash NPE.,/Users/zhaoyue/orca/workspaces/westlake-harness/benchmark/2026-09-30-v3c-5ea-sweep/runs/v3c-all-5ea-c/5ea34a4500000000000000001123012c/fd-organicmaps/t20.jpeg,/Users/zhaoyue/orca/workspaces/westlake-harness/benchmark/2026-09-30-v3c-5ea-sweep/runs/v3c-all-5ea-c/5ea34a4500000000000000001123012c/fd-organicmaps/hilog.txt:35296;/Users/zhaoyue/orca/workspaces/westlake-harness/benchmark/2026-09-30-v3c-5ea-sweep/runs/v3c-all-5ea-c/5ea34a4500000000000000001123012c/fd-organicmaps/hilog.txt:35330;/Users/zhaoyue/orca/workspaces/westlake-harness/benchmark/2026-09-30-v3c-5ea-sweep/runs/v3c-all-5ea-c/5ea34a4500000000000000001123012c/fd-organicmaps/hilog.txt:39482,2,False,False
fd-plus,5ea34a4500000000000000001123012c,True,[],不变,不变,True,True,prior-sweep-only,no,no,yes,DayNightHelper null,Exact frozen MapActivity initialization wall.,/Users/zhaoyue/orca/workspaces/westlake-harness/benchmark/2026-09-30-v3c-5ea-sweep/runs/v3c-all-5ea-c/5ea34a4500000000000000001123012c/fd-plus/t20.jpeg,/Users/zhaoyue/orca/workspaces/westlake-harness/benchmark/2026-09-30-v3c-5ea-sweep/runs/v3c-all-5ea-c/5ea34a4500000000000000001123012c/fd-plus/hilog.txt:44649;/Users/zhaoyue/orca/workspaces/westlake-harness/benchmark/2026-09-30-v3c-5ea-sweep/runs/v3c-all-5ea-c/5ea34a4500000000000000001123012c/fd-plus/hilog.txt:44692,2,False,False
fd-reader,5ea34a4500000000000000001123012c,True,[],不变,unknown,,,prior-sweep-only,no,unknown,unknown,OpenSSLProvider / MainDispatcherLoader initialization,Current class initialization failure differs from the frozen null-array wall; no proof old checkpoint passed.,/Users/zhaoyue/orca/workspaces/westlake-harness/benchmark/2026-09-30-v3c-5ea-sweep/runs/v3c-all-5ea-c/5ea34a4500000000000000001123012c/fd-reader/t20.jpeg,/Users/zhaoyue/orca/workspaces/westlake-harness/benchmark/2026-09-30-v3c-5ea-sweep/runs/v3c-all-5ea-c/5ea34a4500000000000000001123012c/fd-reader/hilog.txt:35691;/Users/zhaoyue/orca/workspaces/westlake-harness/benchmark/2026-09-30-v3c-5ea-sweep/runs/v3c-all-5ea-c/5ea34a4500000000000000001123012c/fd-reader/hilog.txt:35837,2,False,False
fd-saber,5ea34a4500000000000000001123012c,True,[],推进,不变,False,False,prior-sweep-only,no,no,yes,libflutter cannot resolve libGLESv2,Frozen generic Flutter dependency wall remains.,/Users/zhaoyue/orca/workspaces/westlake-harness/benchmark/2026-09-30-v3c-5ea-sweep/runs/v3c-all-5ea-c/5ea34a4500000000000000001123012c/fd-saber/t20.jpeg,/Users/zhaoyue/orca/workspaces/westlake-harness/benchmark/2026-09-30-v3c-5ea-sweep/runs/v3c-all-5ea-c/5ea34a4500000000000000001123012c/fd-saber/hilog.txt:37032;/Users/zhaoyue/orca/workspaces/westlake-harness/benchmark/2026-09-30-v3c-5ea-sweep/runs/v3c-all-5ea-c/5ea34a4500000000000000001123012c/fd-saber/hilog.txt:37103,2,False,False
fd-seal,5ea34a4500000000000000001123012c,False,"['grant_verified_unknown', 'select_launcher_verified_unknown', 'batch_sidecars_enabled_unknown', 'not_post_freeze', 'runtime_audit_unverified']",不变,unknown,,,prior-sweep-only,unknown,unknown,yes,Host rejects libaria2c.zip.so,"Exact predicted preinstall rejection is retained diagnostically; no click/capture, excluded from strict post-click score.",,,0,unknown,unknown
fd-shatteredpixeldungeon,5ea34a4500000000000000001123012c,True,[],推进,推进,True,True,prior-sweep-only,no,yes,no,GLImpl._nativeClassInit JNI missing,EGLImpl static initialization has returned before its constructor reaches EGLContextImpl/GLImpl; frozen-package DEX proves the unconditional native call. Instance construction and game UI still fail.,/Users/zhaoyue/orca/workspaces/westlake-harness/benchmark/2026-09-30-v3c-5ea-sweep/runs/v3c-all-5ea-c/5ea34a4500000000000000001123012c/fd-shatteredpixeldungeon/t20.jpeg,/Users/zhaoyue/orca/workspaces/westlake-harness/benchmark/2026-09-30-v3c-5ea-sweep/runs/v3c-all-5ea-c/5ea34a4500000000000000001123012c/fd-shatteredpixeldungeon/hilog.txt:24372;/Users/zhaoyue/orca/workspaces/westlake-harness/benchmark/2026-09-30-v3c-5ea-sweep/runs/v3c-all-5ea-c/5ea34a4500000000000000001123012c/fd-shatteredpixeldungeon/hilog.txt:24375;/Users/zhaoyue/orca/workspaces/westlake-harness/benchmark/2026-09-30-v3c-5ea-sweep/runs/v3c-all-5ea-c/5ea34a4500000000000000001123012c/fd-shatteredpixeldungeon/hilog.txt:24376;/Users/zhaoyue/orca/workspaces/westlake-harness/benchmark/2026-09-30-v3c-5ea-sweep/runs/v3c-all-5ea-c/5ea34a4500000000000000001123012c/fd-shatteredpixeldungeon/hilog.txt:24377,2,False,False
fd-tasks,5ea34a4500000000000000001123012c,True,[],不变,不变,True,True,prior-sweep-only,no,no,yes,AndroidKeyStore not found,Exact frozen TasksApplication keystore wall.,/Users/zhaoyue/orca/workspaces/westlake-harness/benchmark/2026-09-30-v3c-5ea-sweep/runs/v3c-all-5ea-c/5ea34a4500000000000000001123012c/fd-tasks/t20.jpeg,/Users/zhaoyue/orca/workspaces/westlake-harness/benchmark/2026-09-30-v3c-5ea-sweep/runs/v3c-all-5ea-c/5ea34a4500000000000000001123012c/fd-tasks/hilog.txt:49663;/Users/zhaoyue/orca/workspaces/westlake-harness/benchmark/2026-09-30-v3c-5ea-sweep/runs/v3c-all-5ea-c/5ea34a4500000000000000001123012c/fd-tasks/hilog.txt:49672;/Users/zhaoyue/orca/workspaces/westlake-harness/benchmark/2026-09-30-v3c-5ea-sweep/runs/v3c-all-5ea-c/5ea34a4500000000000000001123012c/fd-tasks/hilog.txt:56022,2,False,False
fd-tusky,5ea34a4500000000000000001123012c,True,[],推进,不变,False,False,prior-grant-calibration,no,no,yes,OpenSSLProvider class initialization,"Frozen provider initialization checkpoint remains blocked, matching prior permission-calibration evidence.",/Users/zhaoyue/orca/workspaces/westlake-harness/benchmark/2026-09-30-v3c-5ea-sweep/runs/v3c-all-5ea-c/5ea34a4500000000000000001123012c/fd-tusky/t20.jpeg,/Users/zhaoyue/orca/workspaces/westlake-harness/benchmark/2026-09-30-v3c-5ea-sweep/runs/v3c-all-5ea-c/5ea34a4500000000000000001123012c/fd-tusky/hilog.txt:44516;/Users/zhaoyue/orca/workspaces/westlake-harness/benchmark/2026-09-30-v3c-5ea-sweep/runs/v3c-all-5ea-c/5ea34a4500000000000000001123012c/fd-tusky/hilog.txt:44648,2,False,False
fd-tutanota,5ea34a4500000000000000001123012c,True,[],不变,不变,True,True,prior-sweep-only,no,no,yes,WebViewFactory.getProvider unsupported,Exact frozen WebView provider wall.,/Users/zhaoyue/orca/workspaces/westlake-harness/benchmark/2026-09-30-v3c-5ea-sweep/runs/v3c-all-5ea-c/5ea34a4500000000000000001123012c/fd-tutanota/t20.jpeg,/Users/zhaoyue/orca/workspaces/westlake-harness/benchmark/2026-09-30-v3c-5ea-sweep/runs/v3c-all-5ea-c/5ea34a4500000000000000001123012c/fd-tutanota/hilog.txt:27612;/Users/zhaoyue/orca/workspaces/westlake-harness/benchmark/2026-09-30-v3c-5ea-sweep/runs/v3c-all-5ea-c/5ea34a4500000000000000001123012c/fd-tutanota/hilog.txt:27665,2,False,False
fd-uhabits,5ea34a4500000000000000001123012c,True,[],不变,unknown,,,prior-sweep-only,no,unknown,unknown,OpenSSLProvider class initialization,Different earlier/different fatal; asset openFd checkpoint remains unproven.,/Users/zhaoyue/orca/workspaces/westlake-harness/benchmark/2026-09-30-v3c-5ea-sweep/runs/v3c-all-5ea-c/5ea34a4500000000000000001123012c/fd-uhabits/t20.jpeg,/Users/zhaoyue/orca/workspaces/westlake-harness/benchmark/2026-09-30-v3c-5ea-sweep/runs/v3c-all-5ea-c/5ea34a4500000000000000001123012c/fd-uhabits/hilog.txt:33080;/Users/zhaoyue/orca/workspaces/westlake-harness/benchmark/2026-09-30-v3c-5ea-sweep/runs/v3c-all-5ea-c/5ea34a4500000000000000001123012c/fd-uhabits/hilog.txt:33220,2,False,False
fd-wifianalyzer,5ea34a4500000000000000001123012c,True,[],不变,不变,True,True,prior-sweep-only,no,no,yes,MainActivity service getClass NPE,Exact frozen construction-stage null service failure.,/Users/zhaoyue/orca/workspaces/westlake-harness/benchmark/2026-09-30-v3c-5ea-sweep/runs/v3c-all-5ea-c/5ea34a4500000000000000001123012c/fd-wifianalyzer/t20.jpeg,/Users/zhaoyue/orca/workspaces/westlake-harness/benchmark/2026-09-30-v3c-5ea-sweep/runs/v3c-all-5ea-c/5ea34a4500000000000000001123012c/fd-wifianalyzer/hilog.txt:33727;/Users/zhaoyue/orca/workspaces/westlake-harness/benchmark/2026-09-30-v3c-5ea-sweep/runs/v3c-all-5ea-c/5ea34a4500000000000000001123012c/fd-wifianalyzer/hilog.txt:33766,2,False,False
fd-stk,5ea34a4500000000000000001123012c,True,[],亮,亮,True,True,prior-sweep-only,yes,unknown,no,,Own branded SuperTuxKart startup/logo page at both captures; no gameplay or post-splash claim.,/Users/zhaoyue/orca/workspaces/westlake-harness/benchmark/2026-09-30-v3c-5ea-sweep/runs/v3c-all-5ea-c/5ea34a4500000000000000001123012c/fd-stk/t20.jpeg,,2,True,True
fd-mobile,5ea34a4500000000000000001123012c,True,[],推进,推进,True,True,prior-sweep-only,no,yes,no,Black page despite nonzero ViewRoot frame,"Target PID has 1200x1920 mWinFrame and measured content; exact nonzero-frame checkpoint passed, own UI not visible.",/Users/zhaoyue/orca/workspaces/westlake-harness/benchmark/2026-09-30-v3c-5ea-sweep/runs/v3c-all-5ea-c/5ea34a4500000000000000001123012c/fd-mobile/t20.jpeg,/Users/zhaoyue/orca/workspaces/westlake-harness/benchmark/2026-09-30-v3c-5ea-sweep/runs/v3c-all-5ea-c/5ea34a4500000000000000001123012c/fd-mobile/hilog.txt:58286;/Users/zhaoyue/orca/workspaces/westlake-harness/benchmark/2026-09-30-v3c-5ea-sweep/runs/v3c-all-5ea-c/5ea34a4500000000000000001123012c/fd-mobile/hilog.txt:58287,2,True,True
fd-client,5ea34a4500000000000000001123012c,True,[],不变,不变,True,True,prior-sweep-only,no,no,yes,SessionMixin accountManager null,Exact frozen account-service wall.,/Users/zhaoyue/orca/workspaces/westlake-harness/benchmark/2026-09-30-v3c-5ea-sweep/runs/v3c-all-5ea-c/5ea34a4500000000000000001123012c/fd-client/t20.jpeg,/Users/zhaoyue/orca/workspaces/westlake-harness/benchmark/2026-09-30-v3c-5ea-sweep/runs/v3c-all-5ea-c/5ea34a4500000000000000001123012c/fd-client/hilog.txt:52605;/Users/zhaoyue/orca/workspaces/westlake-harness/benchmark/2026-09-30-v3c-5ea-sweep/runs/v3c-all-5ea-c/5ea34a4500000000000000001123012c/fd-client/hilog.txt:52647,2,False,False
fd-binaryeye,5ea34a4500000000000000001123012c,True,[],不变,不变,True,True,prior-grant-calibration,no,no,yes,CameraX is not configured properly,Same frozen CameraActivity resume wall.,/Users/zhaoyue/orca/workspaces/westlake-harness/benchmark/2026-09-30-v3c-5ea-sweep/runs/v3c-all-5ea-c/5ea34a4500000000000000001123012c/fd-binaryeye/t20.jpeg,/Users/zhaoyue/orca/workspaces/westlake-harness/benchmark/2026-09-30-v3c-5ea-sweep/runs/v3c-all-5ea-c/5ea34a4500000000000000001123012c/fd-binaryeye/hilog.txt:43842;/Users/zhaoyue/orca/workspaces/westlake-harness/benchmark/2026-09-30-v3c-5ea-sweep/runs/v3c-all-5ea-c/5ea34a4500000000000000001123012c/fd-binaryeye/hilog.txt:43885,2,True,True
toutiao,5ea34a4500000000000000001123012c,False,"['grant_verified_unknown', 'select_launcher_verified_unknown', 'batch_sidecars_enabled_unknown', 'not_post_freeze', 'runtime_audit_unverified']",不变,unknown,,,prior-sweep-only,unknown,unknown,yes,Host rejects libcvt.so,"Exact predicted non-AArch64 preinstall rejection; no click/capture, excluded from strict post-click score.",,,0,unknown,unknown
mcdonalds,5ea34a4500000000000000001123012c,True,[],推进,不变,False,False,prior-sweep-only,no,no,yes,librealmc cannot resolve liblog; Splash DI null,Original dependency failure remains; later Splash failure does not prove relocation passed.,/Users/zhaoyue/orca/workspaces/westlake-harness/benchmark/2026-09-30-v3c-5ea-sweep/runs/v3c-all-5ea-c/5ea34a4500000000000000001123012c/mcdonalds/t20.jpeg,/Users/zhaoyue/orca/workspaces/westlake-harness/benchmark/2026-09-30-v3c-5ea-sweep/runs/v3c-all-5ea-c/5ea34a4500000000000000001123012c/mcdonalds/hilog.txt:31834;/Users/zhaoyue/orca/workspaces/westlake-harness/benchmark/2026-09-30-v3c-5ea-sweep/runs/v3c-all-5ea-c/5ea34a4500000000000000001123012c/mcdonalds/hilog.txt:31879;/Users/zhaoyue/orca/workspaces/westlake-harness/benchmark/2026-09-30-v3c-5ea-sweep/runs/v3c-all-5ea-c/5ea34a4500000000000000001123012c/mcdonalds/hilog.txt:53431,2,False,False
burgerking,5ea34a4500000000000000001123012c,True,[],不变,不变,True,True,prior-sweep-only,no,no,yes,__register_atfork unresolved,Frozen bionic symbol wall repeats for libreactnative and libNitroMmkv.,/Users/zhaoyue/orca/workspaces/westlake-harness/benchmark/2026-09-30-v3c-5ea-sweep/runs/v3c-all-5ea-c/5ea34a4500000000000000001123012c/burgerking/t20.jpeg,/Users/zhaoyue/orca/workspaces/westlake-harness/benchmark/2026-09-30-v3c-5ea-sweep/runs/v3c-all-5ea-c/5ea34a4500000000000000001123012c/burgerking/hilog.txt:32258;/Users/zhaoyue/orca/workspaces/westlake-harness/benchmark/2026-09-30-v3c-5ea-sweep/runs/v3c-all-5ea-c/5ea34a4500000000000000001123012c/burgerking/hilog.txt:32319;/Users/zhaoyue/orca/workspaces/westlake-harness/benchmark/2026-09-30-v3c-5ea-sweep/runs/v3c-all-5ea-c/5ea34a4500000000000000001123012c/burgerking/hilog.txt:40215,2,False,False
subwaysurfers,5ea34a4500000000000000001123012c,False,"['grant_verified_unknown', 'select_launcher_verified_unknown', 'batch_sidecars_enabled_unknown', 'not_post_freeze', 'runtime_audit_unverified']",unknown,unknown,,,prior-sweep-only,unknown,unknown,unknown,Pinned APK identity changed,"Prelaunch identity rejection; frozen unknown abstention, not a runtime outcome.",,,0,unknown,unknown
firefox,5ea34a4500000000000000001123012c,True,[],推进,不变,False,False,prior-sweep-only,no,no,yes,JNA libjnidispatch resource absent,Sidecar assembly verification does not imply JNA loaded the library; exact startup failure persists.,/Users/zhaoyue/orca/workspaces/westlake-harness/benchmark/2026-09-30-v3c-5ea-sweep/runs/v3c-all-5ea-c/5ea34a4500000000000000001123012c/firefox/t20.jpeg,/Users/zhaoyue/orca/workspaces/westlake-harness/benchmark/2026-09-30-v3c-5ea-sweep/runs/v3c-all-5ea-c/5ea34a4500000000000000001123012c/firefox/hilog.txt:40989;/Users/zhaoyue/orca/workspaces/westlake-harness/benchmark/2026-09-30-v3c-5ea-sweep/runs/v3c-all-5ea-c/5ea34a4500000000000000001123012c/firefox/hilog.txt:44360;/Users/zhaoyue/orca/workspaces/westlake-harness/benchmark/2026-09-30-v3c-5ea-sweep/runs/v3c-all-5ea-c/5ea34a4500000000000000001123012c/firefox/hilog.txt:44454,2,False,False
vlc,5ea34a4500000000000000001123012c,True,[],推进,unknown,,,prior-grant-calibration,no,unknown,unknown,OpenSSLProvider failure then Onboarding theme inflation,"Two target PIDs: initial provider fatal, successor reaches welcome layout but fails; this does not directly establish successful provider initialization.",/Users/zhaoyue/orca/workspaces/westlake-harness/benchmark/2026-09-30-v3c-5ea-sweep/runs/v3c-all-5ea-c/5ea34a4500000000000000001123012c/vlc/t20.jpeg,/Users/zhaoyue/orca/workspaces/westlake-harness/benchmark/2026-09-30-v3c-5ea-sweep/runs/v3c-all-5ea-c/5ea34a4500000000000000001123012c/vlc/hilog.txt:32905;/Users/zhaoyue/orca/workspaces/westlake-harness/benchmark/2026-09-30-v3c-5ea-sweep/runs/v3c-all-5ea-c/5ea34a4500000000000000001123012c/vlc/hilog.txt:33020;/Users/zhaoyue/orca/workspaces/westlake-harness/benchmark/2026-09-30-v3c-5ea-sweep/runs/v3c-all-5ea-c/5ea34a4500000000000000001123012c/vlc/hilog.txt:49260,2,False,False
localsend,5ea34a4500000000000000001123012c,True,[],推进,不变,False,False,prior-sweep-only,no,no,yes,libflutter cannot resolve libandroid,Frozen generic Flutter dependency wall remains.,/Users/zhaoyue/orca/workspaces/westlake-harness/benchmark/2026-09-30-v3c-5ea-sweep/runs/v3c-all-5ea-c/5ea34a4500000000000000001123012c/localsend/t20.jpeg,/Users/zhaoyue/orca/workspaces/westlake-harness/benchmark/2026-09-30-v3c-5ea-sweep/runs/v3c-all-5ea-c/5ea34a4500000000000000001123012c/localsend/hilog.txt:34093;/Users/zhaoyue/orca/workspaces/westlake-harness/benchmark/2026-09-30-v3c-5ea-sweep/runs/v3c-all-5ea-c/5ea34a4500000000000000001123012c/localsend/hilog.txt:34162,2,False,False
ppsspp,5ea34a4500000000000000001123012c,True,[],推进,不变,False,False,prior-sweep-only,no,no,yes,libppsspp_jni cannot resolve libGLESv2,Exact frozen app-domain dependency wall remains.,/Users/zhaoyue/orca/workspaces/westlake-harness/benchmark/2026-09-30-v3c-5ea-sweep/runs/v3c-all-5ea-c/5ea34a4500000000000000001123012c/ppsspp/t20.jpeg,/Users/zhaoyue/orca/workspaces/westlake-harness/benchmark/2026-09-30-v3c-5ea-sweep/runs/v3c-all-5ea-c/5ea34a4500000000000000001123012c/ppsspp/hilog.txt:35763;/Users/zhaoyue/orca/workspaces/westlake-harness/benchmark/2026-09-30-v3c-5ea-sweep/runs/v3c-all-5ea-c/5ea34a4500000000000000001123012c/ppsspp/hilog.txt:35764,2,False,False
mindustry,5ea34a4500000000000000001123012c,True,[],推进,不变,False,False,prior-sweep-only,no,no,yes,libarc cannot resolve libOpenSLES,Exact frozen app-domain dependency wall remains.,/Users/zhaoyue/orca/workspaces/westlake-harness/benchmark/2026-09-30-v3c-5ea-sweep/runs/v3c-all-5ea-c/5ea34a4500000000000000001123012c/mindustry/t20.jpeg,/Users/zhaoyue/orca/workspaces/westlake-harness/benchmark/2026-09-30-v3c-5ea-sweep/runs/v3c-all-5ea-c/5ea34a4500000000000000001123012c/mindustry/hilog.txt:23710;/Users/zhaoyue/orca/workspaces/westlake-harness/benchmark/2026-09-30-v3c-5ea-sweep/runs/v3c-all-5ea-c/5ea34a4500000000000000001123012c/mindustry/hilog.txt:23764,2,False,False
x,5ea34a4500000000000000001123012c,True,[],不变,不变,True,True,prior-sweep-only,no,no,yes,NetworkCapabilities.getLinkUpstreamBandwidthKbps missing; object graph unset,Original framework API error precedes final application-object-graph failure.,/Users/zhaoyue/orca/workspaces/westlake-harness/benchmark/2026-09-30-v3c-5ea-sweep/runs/v3c-all-5ea-c/5ea34a4500000000000000001123012c/x/t20.jpeg,/Users/zhaoyue/orca/workspaces/westlake-harness/benchmark/2026-09-30-v3c-5ea-sweep/runs/v3c-all-5ea-c/5ea34a4500000000000000001123012c/x/hilog.txt:43237;/Users/zhaoyue/orca/workspaces/westlake-harness/benchmark/2026-09-30-v3c-5ea-sweep/runs/v3c-all-5ea-c/5ea34a4500000000000000001123012c/x/hilog.txt:47525,2,False,False
noice,5ea34a4500000000000000001123012c,True,[],推进,unknown,,,prior-v3c-targeted,no,unknown,unknown,EGL_NO_SURFACE / hwui abort,No own UI and no direct success evidence for the frozen TrustManagerFactory checkpoint; different final wall stays unknown in exact scoring.,/Users/zhaoyue/orca/workspaces/westlake-harness/benchmark/2026-09-30-v3c-5ea-sweep/runs/v3c-all-5ea-c/5ea34a4500000000000000001123012c/noice/t20.jpeg,/Users/zhaoyue/orca/workspaces/westlake-harness/benchmark/2026-09-30-v3c-5ea-sweep/runs/v3c-all-5ea-c/5ea34a4500000000000000001123012c/noice/hilog.txt:39670,2,False,False
