app,apk_sha256,identity,complete,family,raw_class,observation_role,eligible_fatal,exclusion,candidate_hit,first_hit,predicted_order,predicted_first,alive_t5,prediction_precedes_click,captured,record,fatal_text,exit_line
wikipedia,eba82a0f77940d8a6be5bd2e53723675a59859a6c8a51be5e50bd034fc77101f,exact,True,unclassified,unclassified,fatal,False,unclassified,False,False,"[""sharedpreferences-null"",""window-type-flags"",""native-bionic-header"",""in-app-bindservice"",""velocitytracker-jni""]",sharedpreferences-null,False,True,2,/Users/zhaoyue/orca/workspaces/westlake-harness-walls/benchmark/2026-09-29-westlake-port/runs/r15cfull-20260929T183604/5cd1e3dd00000000000000000923012c/wikipedia/record.json,09-29 18:36:25.789  2176  2176 E C00f00/AppSpawnXInit: Caused by: java.lang.NullPointerException: Attempt to invoke virtual method 'java.lang.Class java.lang.Object.getClass()' on a null object reference,09-29 18:36:25.890  5168  5168 W C02c11/APPSPAWN: [appspawn_service.c:118]org.wikipedia with pid 2176 exit with code:1
termux,e6265a57eb5ca363808488e3b01955958bed93bc0c8a0d281849b363b11027ec,exact,True,common-event-jni,unclassified,fatal,True,,False,False,"[""window-type-flags"",""in-app-bindservice"",""native-bionic-header"",""velocitytracker-jni"",""sharedpreferences-null""]",window-type-flags,False,True,2,/Users/zhaoyue/orca/workspaces/westlake-harness-walls/benchmark/2026-09-29-westlake-port/runs/r15cfull-20260929T183604/5cd1e3dd00000000000000000923012c/termux/record.json,"09-29 18:37:04.153  3502  3502 E C00f00/AppSpawnXInit: Caused by: java.lang.UnsatisfiedLinkError: No implementation found for int adapter.activity.ActivityManagerAdapter.nativeSubscribeCommonEvent(int, java.lang.String[], int, java.lang.Str",09-29 18:37:04.217  5168  5168 W C02c11/APPSPAWN: [appspawn_service.c:118]com.termux with pid 3502 exit with code:1
ooniprobe,7a5bc50be59ad5ed7526dd510a2128a6dc92ba08bd272e3645622783ba91a319,exact,True,jobscheduler-startup,jobscheduler,fatal,True,,False,False,"[""native-bionic-header"",""sharedpreferences-null"",""window-type-flags"",""velocitytracker-jni""]",native-bionic-header,False,True,2,/Users/zhaoyue/orca/workspaces/westlake-harness-walls/benchmark/2026-09-29-westlake-port/runs/r15cfull-20260929T183604/5cd1e3dd00000000000000000923012c/ooniprobe/record.json,"09-29 18:37:40.229  4581  4581 E C00f00/AppSpawnXInit: Caused by: java.lang.IllegalStateException: WorkManager is not initialized properly.  You have explicitly disabled WorkManagerInitializer in your manifest, have not manually called Work",09-29 18:37:40.260  5168  5168 W C02c11/APPSPAWN: [appspawn_service.c:118]org.openobservatory.ooniprobe with pid 4581 exit with code:1
antennapod,3f43a4337a693cdb49141afe06cb596e88c796009ed77bff51e9444ce2d1ebfc,exact,True,sharedpreferences-null,prefs-npe,fatal,True,,True,False,"[""in-app-bindservice"",""sharedpreferences-null"",""window-type-flags"",""native-bionic-header"",""velocitytracker-jni""]",in-app-bindservice,False,True,2,/Users/zhaoyue/orca/workspaces/westlake-harness-walls/benchmark/2026-09-29-westlake-port/runs/r15cfull-20260929T183604/5cd1e3dd00000000000000000923012c/antennapod/record.json,"09-29 18:38:22.331  5864  5864 I C00f00/AppSpawnXJava: [stderr] java.lang.NullPointerException: Attempt to invoke interface method 'java.lang.String android.content.SharedPreferences.getString(java.lang.String, java.lang.String)' on a null ",09-29 18:38:22.402  5168  5168 W C02c11/APPSPAWN: [appspawn_service.c:118]de.danoeh.antennapod with pid 5864 exit with code:1
aegis,0eecec45de0da3ff1358004b51e2960d9178551643a6ed44f6496ea9ec999c19,exact,True,system-loader-noise,unclassified,nonfatal-or-unproven,False,unclassified,False,False,"[""window-type-flags"",""velocitytracker-jni"",""sharedpreferences-null"",""native-bionic-header"",""in-app-bindservice""]",window-type-flags,True,True,2,/Users/zhaoyue/orca/workspaces/westlake-harness-walls/benchmark/2026-09-29-westlake-port/runs/r15cfull-20260929T183604/5cd1e3dd00000000000000000923012c/aegis/record.json,09-29 18:39:01.684  7060  7116 W C03f07/MUSL-LDSO: dlopen_impl load library header failed for /system/lib64/libGLESv3.so,null
fd-AppManager,e1f6ba10812c74016ad626e11e27a1ae450aec2c0964a11466abb9e7a9c8ef84,exact,True,system-loader-noise,unclassified,nonfatal-or-unproven,False,unclassified,False,False,"[""sharedpreferences-null"",""window-type-flags"",""native-bionic-header"",""in-app-bindservice"",""velocitytracker-jni""]",sharedpreferences-null,True,True,2,/Users/zhaoyue/orca/workspaces/westlake-harness-walls/benchmark/2026-09-29-westlake-port/runs/r15cfull-20260929T183604/5cd1e3dd00000000000000000923012c/fd-AppManager/record.json,09-29 18:39:38.528  8190  8264 W C03f07/MUSL-LDSO: dlopen_impl load library header failed for /system/lib64/libGLESv3.so,null
fd-auxio,c2053d36c28dbe74de40eadcd8978ec874c465ed3352bba655d4b2b364780b45,exact,True,velocitytracker-jni,velocitytracker,fatal,True,,True,False,"[""sharedpreferences-null"",""window-type-flags"",""native-bionic-header"",""velocitytracker-jni""]",sharedpreferences-null,False,True,2,/Users/zhaoyue/orca/workspaces/westlake-harness-walls/benchmark/2026-09-29-westlake-port/runs/r15cfull-20260929T183604/5cd1e3dd00000000000000000923012c/fd-auxio/record.json,09-29 18:40:20.210  9486  9486 E C00f00/AppSpawnXInit: Caused by: java.lang.UnsatisfiedLinkError: No implementation found for long android.view.VelocityTracker.nativeInitialize(int) (tried Java_android_view_VelocityTracker_nativeInitialize ,09-29 18:40:20.239  5168  5168 W C02c11/APPSPAWN: [appspawn_service.c:118]org.oxycblt.auxio with pid 9486 exit with code:1
fd-com-amaze-filemanager,35e0338dac1bf026f22d91e1b096c1c6eff1424ad7d6be52a7f8d3fe50987530,exact,True,multidex,multidex,fatal,True,,False,False,"[""window-type-flags"",""in-app-bindservice"",""velocitytracker-jni"",""sharedpreferences-null"",""native-bionic-header""]",window-type-flags,False,True,2,/Users/zhaoyue/orca/workspaces/westlake-harness-walls/benchmark/2026-09-29-westlake-port/runs/r15cfull-20260929T183604/5cd1e3dd00000000000000000923012c/fd-com-amaze-filemanager/record.json,09-29 18:41:02.181 10742 10742 E C00f00/AppSpawnXInit: Caused by: java.lang.NoClassDefFoundError: com.amaze.filemanager.application.AppConfig,09-29 18:41:02.248  5168  5168 W C02c11/APPSPAWN: [appspawn_service.c:118]com.amaze.filemanager with pid 10742 exit with code:1
fd-com-kunzisoft-keepass-libre,862f87a30baef06181f049adf7c460611605b25a807eaf3c25841a9dd84bed9e,exact,True,common-event-jni,unclassified,fatal,True,,False,False,"[""window-type-flags"",""sharedpreferences-null"",""native-bionic-header"",""in-app-bindservice"",""velocitytracker-jni""]",window-type-flags,False,True,2,/Users/zhaoyue/orca/workspaces/westlake-harness-walls/benchmark/2026-09-29-westlake-port/runs/r15cfull-20260929T183604/5cd1e3dd00000000000000000923012c/fd-com-kunzisoft-keepass-libre/record.json,"09-29 18:41:38.188 11825 11825 I C00f00/AppSpawnXJava: [stderr] java.lang.UnsatisfiedLinkError: No implementation found for int adapter.activity.ActivityManagerAdapter.nativeSubscribeCommonEvent(int, java.lang.String[], int, java.lang.Strin",09-29 18:41:38.264  5168  5168 W C02c11/APPSPAWN: [appspawn_service.c:118]com.kunzisoft.keepass.libre with pid 11825 exit with code:1
fd-droidify,da3070f3f18bdbed1eab666677afd39e4b19a60c70f0bfca68a5730147f81f10,exact,True,system-loader-noise,unclassified,nonfatal-or-unproven,False,unclassified,False,False,"[""window-type-flags"",""sharedpreferences-null"",""native-bionic-header"",""in-app-bindservice"",""velocitytracker-jni""]",window-type-flags,True,True,2,/Users/zhaoyue/orca/workspaces/westlake-harness-walls/benchmark/2026-09-29-westlake-port/runs/r15cfull-20260929T183604/5cd1e3dd00000000000000000923012c/fd-droidify/record.json,09-29 18:42:20.974 13092 13156 W C03f07/MUSL-LDSO: dlopen_impl load library header failed for /system/lib64/libGLESv3.so,null
fd-fitness,e1708c7c4256748a5825e3f898a6898dac8a0988f6499c78d63ea48bbf8f352b,exact,True,system-loader-noise,unclassified,nonfatal-or-unproven,False,unclassified,False,False,"[""sharedpreferences-null"",""window-type-flags"",""in-app-bindservice"",""native-bionic-header"",""velocitytracker-jni""]",sharedpreferences-null,True,True,2,/Users/zhaoyue/orca/workspaces/westlake-harness-walls/benchmark/2026-09-29-westlake-port/runs/r15cfull-20260929T183604/5cd1e3dd00000000000000000923012c/fd-fitness/record.json,09-29 18:43:04.788 14427 14480 W C03f07/MUSL-LDSO: dlopen_impl load library header failed for /system/lib64/libGLESv3.so,null
fd-netguard,158b4308da0006298d22ed557adbff24b282fddeb1bc0b3468829a60f405a8c4,exact,True,native-bionic-header,musl-reloc,fatal,True,,True,True,"[""native-bionic-header"",""in-app-bindservice"",""velocitytracker-jni"",""sharedpreferences-null"",""window-type-flags""]",native-bionic-header,False,True,2,/Users/zhaoyue/orca/workspaces/westlake-harness-walls/benchmark/2026-09-29-westlake-port/runs/r15cfull-20260929T183604/5cd1e3dd00000000000000000923012c/fd-netguard/record.json,09-29 18:43:39.841 15559 15559 W C03f07/MUSL-LDSO: relocating failed: symbol not found. dso=/data/app/el1/bundle/public/eu.faircode.netguard/android/lib/arm64-v8a/libnetguard.so s=__errno use_vna_hash=1 van_hash=50d63,09-29 18:43:39.917  5168  5168 W C02c11/APPSPAWN: [appspawn_service.c:118]eu.faircode.netguard with pid 15559 exit with code:1
fd-noice,8e11b3136977e9f5dc897de85c26add9a219ea61884feabcbcd4e33566d5d2ca,exact,True,system-loader-noise,unclassified,nonfatal-or-unproven,False,unclassified,False,False,"[""in-app-bindservice"",""sharedpreferences-null"",""window-type-flags"",""velocitytracker-jni""]",in-app-bindservice,True,True,2,/Users/zhaoyue/orca/workspaces/westlake-harness-walls/benchmark/2026-09-29-westlake-port/runs/r15cfull-20260929T183604/5cd1e3dd00000000000000000923012c/fd-noice/record.json,09-29 18:44:19.330 16764 16808 W C03f07/MUSL-LDSO: dlopen_impl load library header failed for /system/lib64/libGLESv3.so,null
anki,f00faccb681117acc445b22c3e4930cf3fd45e2837afa41bdc12bbf805c71ed3,outside-cohort,True,system-loader-noise,unclassified,nonfatal-or-unproven,False,APK-outside-cohort,False,False,[],unknown,True,True,2,/Users/zhaoyue/orca/workspaces/westlake-harness-walls/benchmark/2026-09-29-westlake-port/runs/r15cfull-20260929T183604/5cd1e3dd00000000000000000923012c/anki/record.json,09-29 18:45:02.797 18087 18153 W C03f07/MUSL-LDSO: dlopen_impl load library header failed for /system/lib64/libGLESv3.so,null
newpipe,1d66d19eedbab969b1be2e44e0ea35f5f8921cbe83b5c5ac810767ca1a84b7e8,outside-cohort,True,unclassified,unclassified,fatal,False,APK-outside-cohort,False,False,[],unknown,False,True,2,/Users/zhaoyue/orca/workspaces/westlake-harness-walls/benchmark/2026-09-29-westlake-port/runs/r15cfull-20260929T183604/5cd1e3dd00000000000000000923012c/newpipe/record.json,09-29 18:45:39.242 19232 19232 E C00f00/AppSpawnXInit: Caused by: java.lang.NullPointerException,09-29 18:45:39.314  5168  5168 W C02c11/APPSPAWN: [appspawn_service.c:118]org.schabi.newpipe with pid 19232 exit with code:1
markor,3f9f260dc3e32a1281cb8803eea6f926eef897579f68a5d35f922523974b84b9,outside-cohort,True,window-type-flags,window-type,fatal,False,APK-outside-cohort,False,False,[],unknown,False,True,2,/Users/zhaoyue/orca/workspaces/westlake-harness-walls/benchmark/2026-09-29-westlake-port/runs/r15cfull-20260929T183604/5cd1e3dd00000000000000000923012c/markor/record.json,09-29 18:46:17.605 20409 20409 E C00f00/AppSpawnXInit: Caused by: android.view.WindowManager$InvalidDisplayException: Unable to add window android.view.ViewRootImpl$W@6bf1a2b -- the specified window type 1 is not valid,09-29 18:46:17.679  5168  5168 W C02c11/APPSPAWN: [appspawn_service.c:118]net.gsantner.markor with pid 20409 exit with code:1
opencamera,ca5672ca8c7174554ca0b07b5b26e505817a05142f571cf2abe67e790c30249c,exact,True,egl-camera-jni,unclassified,fatal,True,,False,False,"[""window-type-flags"",""in-app-bindservice"",""sharedpreferences-null"",""velocitytracker-jni""]",window-type-flags,False,True,2,/Users/zhaoyue/orca/workspaces/westlake-harness-walls/benchmark/2026-09-29-westlake-port/runs/r15cfull-20260929T183604/5cd1e3dd00000000000000000923012c/opencamera/record.json,09-29 18:46:55.967 21583 21583 E C00f00/AppSpawnXInit: Caused by: java.lang.UnsatisfiedLinkError: No implementation found for int android.hardware.Camera.getNumberOfCameras() (tried Java_android_hardware_Camera_getNumberOfCameras and Java_a,09-29 18:46:56.035  5168  5168 W C02c11/APPSPAWN: [appspawn_service.c:118]net.sourceforge.opencamera with pid 21583 exit with code:1
fd-android,1e4a2e23a4bff8c8d96eae7ed809f1ebd05a4ab24650ab792c226749dd51d936,exact,True,unclassified,unclassified,fatal,False,unclassified,False,False,"[""window-type-flags"",""velocitytracker-jni"",""sharedpreferences-null"",""native-bionic-header"",""in-app-bindservice""]",window-type-flags,False,True,2,/Users/zhaoyue/orca/workspaces/westlake-harness-walls/benchmark/2026-09-29-westlake-port/runs/r15cfull-20260929T183604/5cd1e3dd00000000000000000923012c/fd-android/record.json,09-29 18:47:32.206 22680 22680 E C00f00/AppSpawnXInit: Caused by: java.lang.NullPointerException: Attempt to invoke virtual method 'java.lang.Class java.lang.Object.getClass()' on a null object reference,09-29 18:47:32.275  5168  5168 W C02c11/APPSPAWN: [appspawn_service.c:118]net.thunderbird.android with pid 22680 exit with code:1
fd-api,4497dbbf81906df52e59ed387a5223d225aa0de3aca817cc557a621e4dadda44,outside-cohort,True,theme-appcompat,theme-appcompat,fatal,False,APK-outside-cohort,False,False,[],unknown,False,True,2,/Users/zhaoyue/orca/workspaces/westlake-harness-walls/benchmark/2026-09-29-westlake-port/runs/r15cfull-20260929T183604/5cd1e3dd00000000000000000923012c/fd-api/record.json,09-29 18:48:13.467 23940 23940 E C00f00/AppSpawnXInit: Caused by: java.lang.IllegalStateException: You need to use a Theme.AppCompat theme (or descendant) with this activity.,09-29 18:48:13.563  5168  5168 W C02c11/APPSPAWN: [appspawn_service.c:118]com.termux.api with pid 23940 exit with code:1
fd-app,0eb71e65786a7879eae99bab48bbc30a6fa76bd2771d562a807fb7e93fb04add,outside-cohort,True,app-native-loader,dlopen-ns,fatal,False,APK-outside-cohort,False,False,[],unknown,False,True,2,/Users/zhaoyue/orca/workspaces/westlake-harness-walls/benchmark/2026-09-29-westlake-port/runs/r15cfull-20260929T183604/5cd1e3dd00000000000000000923012c/fd-app/record.json,09-29 18:48:56.698 25208 25208 E C00f00/AppSpawnXInit: Caused by: java.lang.UnsatisfiedLinkError: F02-A12-UNCLASSIFIED: dlopen_ns failed for /data/app/el1/bundle/public/com.unciv.app/android/lib/arm64-v8a/libgdx.so: Error loading shared lib,09-29 18:48:56.768  5168  5168 W C02c11/APPSPAWN: [appspawn_service.c:118]com.unciv.app with pid 25208 exit with code:1
fd-breezyweather,1369d817d426498715f8ccb6750baff19dadd78e85f707088e9bca43977570c0,outside-cohort,True,unclassified,unclassified,fatal,False,APK-outside-cohort,False,False,[],unknown,False,True,2,/Users/zhaoyue/orca/workspaces/westlake-harness-walls/benchmark/2026-09-29-westlake-port/runs/r15cfull-20260929T183604/5cd1e3dd00000000000000000923012c/fd-breezyweather/record.json,09-29 18:49:32.348 26299 26299 E C00f00/AppSpawnXInit: Caused by: java.lang.RuntimeException: Unable to start activity ComponentInfo{org.breezyweather/org.breezyweather.ui.main.MainActivity}: a96: lateinit property instance has not been ini,09-29 18:49:32.418  5168  5168 W C02c11/APPSPAWN: [appspawn_service.c:118]org.breezyweather with pid 26299 exit with code:1
fd-calendar,2acbd47fa2abc6dd4846e406ed2fd60c5c01b8613158d10e012135923ee24894,outside-cohort,True,jobscheduler-startup,jobscheduler,fatal,False,APK-outside-cohort,False,False,[],unknown,False,True,2,/Users/zhaoyue/orca/workspaces/westlake-harness-walls/benchmark/2026-09-29-westlake-port/runs/r15cfull-20260929T183604/5cd1e3dd00000000000000000923012c/fd-calendar/record.json,09-29 18:50:15.138 27565 27565 E C00f00/AppSpawnXInit: Caused by: java.lang.NullPointerException: Attempt to invoke virtual method 'void android.app.job.JobScheduler.cancel(int)' on a null object reference,09-29 18:50:15.208  5168  5168 W C02c11/APPSPAWN: [appspawn_service.c:118]org.fossify.calendar with pid 27565 exit with code:1
fd-catima,4f01f40d06d82fc5b8cfbbc5eccd083151a86564fbd4fa420eb54aaebf668b71,exact,True,unclassified,unclassified,fatal,False,unclassified,False,False,"[""velocitytracker-jni"",""sharedpreferences-null"",""window-type-flags"",""in-app-bindservice"",""native-bionic-header""]",velocitytracker-jni,False,True,2,/Users/zhaoyue/orca/workspaces/westlake-harness-walls/benchmark/2026-09-29-westlake-port/runs/r15cfull-20260929T183604/5cd1e3dd00000000000000000923012c/fd-catima/record.json,09-29 18:50:54.765 28761 28761 E C00f00/AppSpawnXInit: Caused by: java.lang.NullPointerException: Attempt to invoke virtual method 'java.lang.Class java.lang.Object.getClass()' on a null object reference,09-29 18:50:54.831  5168  5168 W C02c11/APPSPAWN: [appspawn_service.c:118]me.hackerchick.catima with pid 28761 exit with code:1
fd-etar,dae01d93c8920aa63845868db2190bcc4aa6ff8410b1289de1ce27b1bb89c599,exact,True,common-event-jni,unclassified,fatal,True,,False,False,"[""sharedpreferences-null"",""window-type-flags"",""in-app-bindservice"",""velocitytracker-jni""]",sharedpreferences-null,False,True,2,/Users/zhaoyue/orca/workspaces/westlake-harness-walls/benchmark/2026-09-29-westlake-port/runs/r15cfull-20260929T183604/5cd1e3dd00000000000000000923012c/fd-etar/record.json,"09-29 18:51:29.958 29842 29842 E C00f00/AppSpawnXInit: Caused by: java.lang.UnsatisfiedLinkError: No implementation found for int adapter.activity.ActivityManagerAdapter.nativeSubscribeCommonEvent(int, java.lang.String[], int, java.lang.Str",09-29 18:51:29.989  5168  5168 W C02c11/APPSPAWN: [appspawn_service.c:118]ws.xsoh.etar with pid 29842 exit with code:1
fd-feeder,0aa5eb094f94ca29ab7956d75b9e5d7c19785ebdac74b9ae512930084338bf3c,outside-cohort,True,unclassified,unclassified,fatal,False,APK-outside-cohort,False,False,[],unknown,False,True,2,/Users/zhaoyue/orca/workspaces/westlake-harness-walls/benchmark/2026-09-29-westlake-port/runs/r15cfull-20260929T183604/5cd1e3dd00000000000000000923012c/fd-feeder/record.json,09-29 18:52:12.728 31107 31107 I C00f00/AppSpawnXJava: [stderr] java.lang.NullPointerException: Attempt to invoke virtual method 'java.lang.Class java.lang.Object.getClass()' on a null object reference,09-29 18:52:12.798  5168  5168 W C02c11/APPSPAWN: [appspawn_service.c:118]com.nononsenseapps.feeder with pid 31107 exit with code:1
fd-fennec_fdroid,27f2951376ca1085e0933066c902fdfe4d260916d381e233475c5fd6964f5745,exact,True,jna-native-resource,unclassified,fatal,True,,False,False,"[""window-type-flags"",""sharedpreferences-null"",""native-bionic-header"",""in-app-bindservice"",""velocitytracker-jni""]",window-type-flags,False,True,2,/Users/zhaoyue/orca/workspaces/westlake-harness-walls/benchmark/2026-09-29-westlake-port/runs/r15cfull-20260929T183604/5cd1e3dd00000000000000000923012c/fd-fennec_fdroid/record.json,09-29 18:52:52.781 32302 32302 E C00f00/AppSpawnXInit: Caused by: java.lang.UnsatisfiedLinkError: Native library (com/sun/jna/android-aarch64/libjnidispatch.so) not found in resource path (.),09-29 18:52:52.851  5168  5168 W C02c11/APPSPAWN: [appspawn_service.c:118]org.mozilla.fennec_fdroid with pid 32302 exit with code:1
fd-filemanager,9e97d2faf55fb2702386c3dc51e38a6b073781016b125701d3ab668419a70008,outside-cohort,True,coroutine-class-warning,unclassified,diagnostic-warning,False,APK-outside-cohort,False,False,[],unknown,True,True,2,/Users/zhaoyue/orca/workspaces/westlake-harness-walls/benchmark/2026-09-29-westlake-port/runs/r15cfull-20260929T183604/5cd1e3dd00000000000000000923012c/fd-filemanager/record.json,09-29 18:53:26.164  1599  1599 I C00f00/AppSpawnXJava: [stderr] Caused by: java.lang.ClassNotFoundException: kotlinx.coroutines.CoroutineStart,null
fd-fluffychat,edcdf6171c09ab39ed76447c1ee11c66503d922dfe4f36f2dd429f2f9c652481,exact,True,guest-thread-ready,unclassified,fatal,True,,False,False,"[""window-type-flags"",""native-bionic-header"",""in-app-bindservice"",""velocitytracker-jni"",""sharedpreferences-null""]",window-type-flags,False,True,2,/Users/zhaoyue/orca/workspaces/westlake-harness-walls/benchmark/2026-09-29-westlake-port/runs/r15cfull-20260929T183604/5cd1e3dd00000000000000000923012c/fd-fluffychat/record.json,09-29 18:54:05.126  3166  3166 E C00f00/AppSpawnXInit: Caused by: java.lang.UnsatisfiedLinkError: current thread is not READY for guest dlopen,09-29 18:54:05.195  5168  5168 W C02c11/APPSPAWN: [appspawn_service.c:118]chat.fluffy.fluffychat with pid 3166 exit with code:1
fd-gallery,ae7e699599e81f70e2b82626bb1dfa883fe096cd938387133e123c116e5641d9,outside-cohort,True,common-event-jni,unclassified,nonfatal-or-unproven,False,APK-outside-cohort,False,False,[],unknown,True,True,2,/Users/zhaoyue/orca/workspaces/westlake-harness-walls/benchmark/2026-09-29-westlake-port/runs/r15cfull-20260929T183604/5cd1e3dd00000000000000000923012c/fd-gallery/record.json,"09-29 18:54:47.592  4470  4470 I C00f00/AppSpawnXJava: [stderr] Caused by: java.lang.UnsatisfiedLinkError: No implementation found for int adapter.activity.ActivityManagerAdapter.nativeSubscribeCommonEvent(int, java.lang.String[], int, java",null
fd-im-vector-app,ff73751599211c709c1e691d1a2b7412df0bab979ffbe8ff0d4b7f31c6a444c9,outside-cohort,True,app-native-loader,dlopen-ns,fatal,False,APK-outside-cohort,False,False,[],unknown,False,True,2,/Users/zhaoyue/orca/workspaces/westlake-harness-walls/benchmark/2026-09-29-westlake-port/runs/r15cfull-20260929T183604/5cd1e3dd00000000000000000923012c/fd-im-vector-app/record.json,09-29 18:55:25.369  5587  5587 E C00f00/AppSpawnXInit: Caused by: java.lang.UnsatisfiedLinkError: F02-A12-UNSUPPORTED-SYMBOL: dlopen_ns failed for /data/app/el2/100/base/im.vector.app/app_lib/librealm-jni.so.10.19.0: Error relocating /data/,09-29 18:55:25.425  5168  5168 W C02c11/APPSPAWN: [appspawn_service.c:118]im.vector.app with pid 5587 exit with code:1
fd-immich,36b0d1368881ad6388b011d9a5bb91f7bd6133371d1eb585390c80232b9f22ea,exact,True,guest-thread-ready,unclassified,fatal,True,,False,False,"[""sharedpreferences-null"",""window-type-flags"",""native-bionic-header"",""in-app-bindservice"",""velocitytracker-jni""]",sharedpreferences-null,False,True,2,/Users/zhaoyue/orca/workspaces/westlake-harness-walls/benchmark/2026-09-29-westlake-port/runs/r15cfull-20260929T183604/5cd1e3dd00000000000000000923012c/fd-immich/record.json,09-29 18:56:02.539  6781  6781 E C00f00/AppSpawnXInit: Caused by: java.lang.UnsatisfiedLinkError: current thread is not READY for guest dlopen,09-29 18:56:02.606  5168  5168 W C02c11/APPSPAWN: [appspawn_service.c:118]app.alextran.immich with pid 6781 exit with code:1
fd-k9,92cd3a81c7a8d066e517a50932fe85424de7752cb72e76032174d53ec36a2741,exact,True,unclassified,unclassified,fatal,False,unclassified,False,False,"[""window-type-flags"",""velocitytracker-jni"",""sharedpreferences-null"",""native-bionic-header"",""in-app-bindservice""]",window-type-flags,False,True,2,/Users/zhaoyue/orca/workspaces/westlake-harness-walls/benchmark/2026-09-29-westlake-port/runs/r15cfull-20260929T183604/5cd1e3dd00000000000000000923012c/fd-k9/record.json,09-29 18:56:42.808  7967  7967 E C00f00/AppSpawnXInit: Caused by: java.lang.NullPointerException: Attempt to invoke virtual method 'java.lang.Class java.lang.Object.getClass()' on a null object reference,09-29 18:56:42.881  5168  5168 W C02c11/APPSPAWN: [appspawn_service.c:118]com.fsck.k9 with pid 7967 exit with code:1
fd-kitchenowl,c7fbb7a62636fc74f33ce443e4a844979782fd5ff3616d4c9cf80e0cf93645e1,exact,True,guest-thread-ready,unclassified,fatal,True,,False,False,"[""window-type-flags"",""native-bionic-header"",""in-app-bindservice"",""velocitytracker-jni"",""sharedpreferences-null""]",window-type-flags,False,True,2,/Users/zhaoyue/orca/workspaces/westlake-harness-walls/benchmark/2026-09-29-westlake-port/runs/r15cfull-20260929T183604/5cd1e3dd00000000000000000923012c/fd-kitchenowl/record.json,09-29 18:57:16.319  9053  9053 E C00f00/AppSpawnXInit: Caused by: java.lang.UnsatisfiedLinkError: current thread is not READY for guest dlopen,09-29 18:57:16.388  5168  5168 W C02c11/APPSPAWN: [appspawn_service.c:118]com.tombursch.kitchenowl with pid 9053 exit with code:1
fd-libre,25f986a8cae2c2086c939b0ca17f10d1cafdf82e7db20679810cb93018e6a39a,exact,True,guest-thread-ready,unclassified,fatal,True,,False,False,"[""native-bionic-header"",""window-type-flags"",""velocitytracker-jni"",""sharedpreferences-null""]",native-bionic-header,False,True,2,/Users/zhaoyue/orca/workspaces/westlake-harness-walls/benchmark/2026-09-29-westlake-port/runs/r15cfull-20260929T183604/5cd1e3dd00000000000000000923012c/fd-libre/record.json,09-29 18:57:55.125 10208 10208 E C00f00/AppSpawnXInit: Caused by: java.lang.UnsatisfiedLinkError: current thread is not READY for guest dlopen,09-29 18:57:55.196  5168  5168 W C02c11/APPSPAWN: [appspawn_service.c:118]deckers.thibault.aves.libre with pid 10208 exit with code:1
fd-libretube,792b1e37e7bd6a26d8da1c826a68677465c333633cb2198224cc96c84257d615,outside-cohort,True,unclassified,unclassified,fatal,False,APK-outside-cohort,False,False,[],unknown,False,True,2,/Users/zhaoyue/orca/workspaces/westlake-harness-walls/benchmark/2026-09-29-westlake-port/runs/r15cfull-20260929T183604/5cd1e3dd00000000000000000923012c/fd-libretube/record.json,09-29 18:58:38.268 11475 11475 E C00f00/AppSpawnXInit: Caused by: java.lang.RuntimeException: Unable to start activity ComponentInfo{com.github.libretube/com.github.libretube.ui.activities.MainActivity}: coil3.network.HttpException: lateini,09-29 18:58:38.335  5168  5168 W C02c11/APPSPAWN: [appspawn_service.c:118]com.github.libretube with pid 11475 exit with code:1
fd-meet,72a89e53ca532b3ab44e9204644edeef282d7d66a366939ea55f062057c47df4,outside-cohort,True,common-event-jni,unclassified,fatal,False,APK-outside-cohort,False,False,[],unknown,False,True,2,/Users/zhaoyue/orca/workspaces/westlake-harness-walls/benchmark/2026-09-29-westlake-port/runs/r15cfull-20260929T183604/5cd1e3dd00000000000000000923012c/fd-meet/record.json,"09-29 18:59:13.390 12565 12565 E C00f00/AppSpawnXInit: Caused by: java.lang.UnsatisfiedLinkError: No implementation found for int adapter.activity.ActivityManagerAdapter.nativeSubscribeCommonEvent(int, java.lang.String[], int, java.lang.Str",09-29 18:59:13.444  5168  5168 W C02c11/APPSPAWN: [appspawn_service.c:118]org.jitsi.meet with pid 12565 exit with code:1
fd-minetest,87a136d408ed560d3d56e55ca2ac780deb7a8941635b16960c88831fb33f9233,exact,True,common-event-jni,unclassified,fatal,True,,False,False,"[""sharedpreferences-null"",""window-type-flags"",""native-bionic-header"",""in-app-bindservice"",""velocitytracker-jni""]",sharedpreferences-null,False,True,2,/Users/zhaoyue/orca/workspaces/westlake-harness-walls/benchmark/2026-09-29-westlake-port/runs/r15cfull-20260929T183604/5cd1e3dd00000000000000000923012c/fd-minetest/record.json,"09-29 18:59:55.032 13833 13833 E C00f00/AppSpawnXInit: Caused by: java.lang.UnsatisfiedLinkError: No implementation found for int adapter.activity.ActivityManagerAdapter.nativeSubscribeCommonEvent(int, java.lang.String[], int, java.lang.Str",09-29 18:59:55.099  5168  5168 W C02c11/APPSPAWN: [appspawn_service.c:118]net.minetest.minetest with pid 13833 exit with code:1
fd-mpv,5cba2237b20ba34b79eaccfbd39bdb5b09d2a9a774bdccee09ca450eac4edd34,outside-cohort,True,velocitytracker-jni,velocitytracker,fatal,False,APK-outside-cohort,False,False,[],unknown,False,True,2,/Users/zhaoyue/orca/workspaces/westlake-harness-walls/benchmark/2026-09-29-westlake-port/runs/r15cfull-20260929T183604/5cd1e3dd00000000000000000923012c/fd-mpv/record.json,09-29 19:00:37.207 15079 15079 E C00f00/AppSpawnXInit: Caused by: java.lang.UnsatisfiedLinkError: No implementation found for long android.view.VelocityTracker.nativeInitialize(int) (tried Java_android_view_VelocityTracker_nativeInitialize ,09-29 19:00:37.271  5168  5168 W C02c11/APPSPAWN: [appspawn_service.c:118]is.xyz.mpv with pid 15079 exit with code:1
fd-musicplayer,b5d0ce367544df1ac162adf71d642878c5b963a304ca0ddf8f8556f07bbba79b,outside-cohort,True,unclassified,unclassified,fatal,False,APK-outside-cohort,False,False,[],unknown,False,True,2,/Users/zhaoyue/orca/workspaces/westlake-harness-walls/benchmark/2026-09-29-westlake-port/runs/r15cfull-20260929T183604/5cd1e3dd00000000000000000923012c/fd-musicplayer/record.json,09-29 19:01:14.027 16189 16189 E C00f00/AppSpawnXInit: Caused by: java.lang.IllegalArgumentException: can't create bitmap without a color space,09-29 19:01:14.078  5168  5168 W C02c11/APPSPAWN: [appspawn_service.c:118]org.fossify.musicplayer with pid 16189 exit with code:1
fd-notes,5a56e0e39cc488e1f3b947d3801006d3b7450ec73c67f03195c64c5fd3b6bced,outside-cohort,True,system-loader-noise,unclassified,nonfatal-or-unproven,False,APK-outside-cohort,False,False,[],unknown,True,True,2,/Users/zhaoyue/orca/workspaces/westlake-harness-walls/benchmark/2026-09-29-westlake-port/runs/r15cfull-20260929T183604/5cd1e3dd00000000000000000923012c/fd-notes/record.json,09-29 19:01:56.960 17497 17548 W C03f07/MUSL-LDSO: dlopen_impl load library header failed for /system/lib64/libGLESv3.so,null
fd-organicmaps,c1fc03a8bad4dac3c400c50764a929ec7a07b02ba572336bfdd9e722a4f96519,outside-cohort,True,unclassified,unclassified,fatal,False,APK-outside-cohort,False,False,[],unknown,False,True,2,/Users/zhaoyue/orca/workspaces/westlake-harness-walls/benchmark/2026-09-29-westlake-port/runs/r15cfull-20260929T183604/5cd1e3dd00000000000000000923012c/fd-organicmaps/record.json,09-29 19:02:38.817 18828 18828 E C00f00/AppSpawnXInit: Caused by: java.lang.NullPointerException: Attempt to invoke virtual method 'void app.organicmaps.sdk.display.DisplayManager.init(app.organicmaps.sdk.display.DisplayType)' on a null obj,09-29 19:02:38.886  5168  5168 W C02c11/APPSPAWN: [appspawn_service.c:118]app.organicmaps with pid 18828 exit with code:1
fd-plus,27f1eb82d288a9939b7c0bdd0fb94f78749824ffc753d32d421e01cbe487e5e0,outside-cohort,True,unclassified,unclassified,fatal,False,APK-outside-cohort,False,False,[],unknown,False,True,2,/Users/zhaoyue/orca/workspaces/westlake-harness-walls/benchmark/2026-09-29-westlake-port/runs/r15cfull-20260929T183604/5cd1e3dd00000000000000000923012c/fd-plus/record.json,09-29 19:03:18.719 19998 19998 E C00f00/AppSpawnXInit: Caused by: java.lang.NullPointerException: Attempt to invoke virtual method 'boolean net.osmand.plus.helpers.DayNightHelper.isNightMode(net.osmand.plus.settings.enums.ThemeUsageContext),09-29 19:03:18.801  5168  5168 W C02c11/APPSPAWN: [appspawn_service.c:118]net.osmand.plus with pid 19998 exit with code:1
fd-reader,78b1b8b9b6f6d18baaba31427895f1f10e9ca6cc1e01b3ceeb96df26e8fca075,outside-cohort,True,jobscheduler-startup,jobscheduler,fatal,False,APK-outside-cohort,False,False,[],unknown,False,True,2,/Users/zhaoyue/orca/workspaces/westlake-harness-walls/benchmark/2026-09-29-westlake-port/runs/r15cfull-20260929T183604/5cd1e3dd00000000000000000923012c/fd-reader/record.json,09-29 19:04:00.660 21266 21266 E C00f00/AppSpawnXInit: Caused by: java.lang.NullPointerException: null cannot be cast to non-null type android.app.job.JobScheduler,09-29 19:04:00.689  5168  5168 W C02c11/APPSPAWN: [appspawn_service.c:118]me.ash.reader with pid 21266 exit with code:1
fd-saber,5e2e3691288fdac77f988bbe26a3c557942b4fd5b4151f37ef0b8f6352127092,exact,True,guest-thread-ready,unclassified,fatal,True,,False,False,"[""window-type-flags"",""native-bionic-header"",""in-app-bindservice"",""velocitytracker-jni"",""sharedpreferences-null""]",window-type-flags,False,True,2,/Users/zhaoyue/orca/workspaces/westlake-harness-walls/benchmark/2026-09-29-westlake-port/runs/r15cfull-20260929T183604/5cd1e3dd00000000000000000923012c/fd-saber/record.json,09-29 19:04:39.490 22458 22458 E C00f00/AppSpawnXInit: Caused by: java.lang.UnsatisfiedLinkError: current thread is not READY for guest dlopen,09-29 19:04:39.555  5168  5168 W C02c11/APPSPAWN: [appspawn_service.c:118]com.adilhanney.saber with pid 22458 exit with code:1
fd-seal,7070a3d4f079046912b4b8dde4edc8d1ef6eade3c9c98b02bfcaba3669c11d98,outside-cohort,True,no-fatal-found,no-fatal-found,nonfatal-or-unproven,False,APK-outside-cohort,False,False,[],unknown,null,False,0,/Users/zhaoyue/orca/workspaces/westlake-harness-walls/benchmark/2026-09-29-westlake-port/runs/r15cfull-20260929T183604/5cd1e3dd00000000000000000923012c/fd-seal/record.json,null,null
fd-shatteredpixeldungeon,ed1b43d7312a70e86c5cd159d4ac29d7d69fae1033331a4e70f9a00dd346b207,outside-cohort,True,egl-camera-jni,unclassified,fatal,False,APK-outside-cohort,False,False,[],unknown,False,True,2,/Users/zhaoyue/orca/workspaces/westlake-harness-walls/benchmark/2026-09-29-westlake-port/runs/r15cfull-20260929T183604/5cd1e3dd00000000000000000923012c/fd-shatteredpixeldungeon/record.json,09-29 19:05:21.247 23727 23727 E C00f00/AppSpawnXInit: Caused by: java.lang.UnsatisfiedLinkError: No implementation found for void com.google.android.gles_jni.EGLImpl._nativeClassInit() (tried Java_com_google_android_gles_1jni_EGLImpl__1nat,09-29 19:05:21.274  5168  5168 W C02c11/APPSPAWN: [appspawn_service.c:118]com.shatteredpixel.shatteredpixeldungeon with pid 23727 exit with code:1
fd-tasks,ed972cc1cec3456a11992435a3fcf132d1311f1e8dfd27758265122fbc206ce0,outside-cohort,True,unclassified,unclassified,fatal,False,APK-outside-cohort,False,False,[],unknown,False,True,2,/Users/zhaoyue/orca/workspaces/westlake-harness-walls/benchmark/2026-09-29-westlake-port/runs/r15cfull-20260929T183604/5cd1e3dd00000000000000000923012c/fd-tasks/record.json,09-29 19:06:04.861 24978 24978 E C00f00/AppSpawnXInit: Caused by: java.lang.RuntimeException: Unable to start activity ComponentInfo{org.tasks/com.todoroo.astrid.activity.MainActivity}: kotlin.UninitializedPropertyAccessException: lateinit ,09-29 19:06:04.935  5168  5168 W C02c11/APPSPAWN: [appspawn_service.c:118]org.tasks with pid 24978 exit with code:1
fd-tusky,3e8fcc49a80d4c30ab6f6037e51402c77e2694d27ec19ae5b8a93cd08b6caffa,outside-cohort,True,jobscheduler-startup,jobscheduler,fatal,False,APK-outside-cohort,False,False,[],unknown,False,True,2,/Users/zhaoyue/orca/workspaces/westlake-harness-walls/benchmark/2026-09-29-westlake-port/runs/r15cfull-20260929T183604/5cd1e3dd00000000000000000923012c/fd-tusky/record.json,09-29 19:06:44.817 26179 26179 E C00f00/AppSpawnXInit: Caused by: java.lang.NullPointerException: Attempt to invoke virtual method 'android.app.job.JobScheduler android.app.job.JobScheduler.forNamespace(java.lang.String)' on a null object r,09-29 19:06:44.845  5168  5168 W C02c11/APPSPAWN: [appspawn_service.c:118]com.keylesspalace.tusky with pid 26179 exit with code:1
fd-tutanota,6e2b9cb23ddbdb1a1389426a913eebd7f7b7becf387acb668e512a84013e4033,outside-cohort,True,unclassified,unclassified,fatal,False,APK-outside-cohort,False,False,[],unknown,False,True,2,/Users/zhaoyue/orca/workspaces/westlake-harness-walls/benchmark/2026-09-29-westlake-port/runs/r15cfull-20260929T183604/5cd1e3dd00000000000000000923012c/fd-tutanota/record.json,09-29 19:07:26.189 27456 27456 E C00f00/AppSpawnXInit: Caused by: java.lang.RuntimeException: Unable to start activity ComponentInfo{de.tutao.tutanota/de.tutao.tutanota.MainActivity}: java.lang.UnsupportedOperationException,09-29 19:07:26.220  5168  5168 W C02c11/APPSPAWN: [appspawn_service.c:118]de.tutao.tutanota with pid 27456 exit with code:1
fd-uhabits,3903d3be3db0f1622ad61cf5bb267515c95a4069e8dd46f73249721b1bb8173e,outside-cohort,True,unclassified,unclassified,fatal,False,APK-outside-cohort,False,False,[],unknown,False,True,2,/Users/zhaoyue/orca/workspaces/westlake-harness-walls/benchmark/2026-09-29-westlake-port/runs/r15cfull-20260929T183604/5cd1e3dd00000000000000000923012c/fd-uhabits/record.json,09-29 19:08:08.866 28726 28726 E C00f00/AppSpawnXInit: Caused by: java.lang.RuntimeException: Unable to start activity ComponentInfo{org.isoron.uhabits/org.isoron.uhabits.activities.habits.list.ListHabitsActivity}: java.lang.UnsupportedOper,09-29 19:08:08.935  5168  5168 W C02c11/APPSPAWN: [appspawn_service.c:118]org.isoron.uhabits with pid 28726 exit with code:1
fd-wifianalyzer,282a06fcc5ce5d889799113a1c6edf5e408b0902acc542308ad21051a2a7cc2b,outside-cohort,True,unclassified,unclassified,fatal,False,APK-outside-cohort,False,False,[],unknown,False,True,2,/Users/zhaoyue/orca/workspaces/westlake-harness-walls/benchmark/2026-09-29-westlake-port/runs/r15cfull-20260929T183604/5cd1e3dd00000000000000000923012c/fd-wifianalyzer/record.json,09-29 19:08:47.218 29882 29882 E C00f00/AppSpawnXInit: Caused by: java.lang.NullPointerException: Attempt to invoke virtual method 'java.lang.Class java.lang.Object.getClass()' on a null object reference,09-29 19:08:47.280  5168  5168 W C02c11/APPSPAWN: [appspawn_service.c:118]com.vrem.wifianalyzer with pid 29882 exit with code:1
fd-stk,4a01fa9b566a694f0576d86ef84cc867c7dc37ef446e7cbbbb2449e7bbb9d3c6,exact,True,system-loader-noise,unclassified,nonfatal-or-unproven,False,unclassified,False,False,"[""sharedpreferences-null"",""native-bionic-header"",""window-type-flags""]",sharedpreferences-null,True,True,2,/Users/zhaoyue/orca/workspaces/westlake-harness-walls/benchmark/2026-09-29-westlake-port/runs/r15cfull-20260929T183604/5cd1e3dd00000000000000000923012c/fd-stk/record.json,09-29 19:09:29.607 31137 31184 W C03f07/MUSL-LDSO: dlopen_impl load library header failed for /system/lib64/libGLESv3.so,null
fd-mobile,f9f4b3ab46cc9434df811194c2d4351417f4db83a4c1a0facd0a662d69533f7f,exact,True,appclass-missing,appclass-missing,fatal,True,,False,False,"[""in-app-bindservice"",""sharedpreferences-null"",""window-type-flags"",""native-bionic-header"",""velocitytracker-jni""]",in-app-bindservice,False,True,2,/Users/zhaoyue/orca/workspaces/westlake-harness-walls/benchmark/2026-09-29-westlake-port/runs/r15cfull-20260929T183604/5cd1e3dd00000000000000000923012c/fd-mobile/record.json,09-29 19:10:12.368 32425 32425 E C00f00/AppSpawnXInit: Caused by: java.lang.IllegalStateException: KoinApplication has not been started,09-29 19:10:12.433  5168  5168 W C02c11/APPSPAWN: [appspawn_service.c:118]org.jellyfin.mobile with pid 32425 exit with code:1
fd-client,2d08059c9a0a94ef4316e5c8491e3c6aee99a87b58bb796163c44e08deb1615c,outside-cohort,True,jobscheduler-startup,jobscheduler,fatal,False,APK-outside-cohort,False,False,[],unknown,False,True,2,/Users/zhaoyue/orca/workspaces/westlake-harness-walls/benchmark/2026-09-29-westlake-port/runs/r15cfull-20260929T183604/5cd1e3dd00000000000000000923012c/fd-client/record.json,09-29 19:10:52.568  1999  1999 E C00f00/AppSpawnXInit: Caused by: java.lang.NullPointerException: null cannot be cast to non-null type android.app.job.JobScheduler,09-29 19:10:52.643  5168  5168 W C02c11/APPSPAWN: [appspawn_service.c:118]com.nextcloud.client with pid 1999 exit with code:1
fd-binaryeye,428c26249c706bd79610d03a1a985dcc0efd9dd5469fc9be92c703459a4d5f93,exact,True,coroutine-class-warning,unclassified,diagnostic-warning,False,not-proven-fatal,False,False,"[""sharedpreferences-null"",""window-type-flags"",""native-bionic-header"",""velocitytracker-jni""]",sharedpreferences-null,True,True,2,/Users/zhaoyue/orca/workspaces/westlake-harness-walls/benchmark/2026-09-29-westlake-port/runs/r15cfull-20260929T183604/5cd1e3dd00000000000000000923012c/fd-binaryeye/record.json,09-29 19:11:34.888  3496  3496 I C00f00/AppSpawnXJava: [stderr] Caused by: java.lang.ClassNotFoundException: kotlinx.coroutines.CoroutineStart,null
toutiao,a1112a0c941f865847c2fab9138cf815735268fbfcd41d697412fb80992c7395,outside-cohort,True,no-fatal-found,no-fatal-found,nonfatal-or-unproven,False,APK-outside-cohort,False,False,[],unknown,null,False,0,/Users/zhaoyue/orca/workspaces/westlake-harness-walls/benchmark/2026-09-29-westlake-port/runs/r15cfull-20260929T183604/5cd1e3dd00000000000000000923012c/toutiao/record.json,null,null
mcdonalds,2fdb9b0be1d4f7cd61854c18d6a180e915e68d521d87d17ff193f969b1e89f72,outside-cohort,True,unclassified,unclassified,fatal,False,APK-outside-cohort,False,False,[],unknown,False,True,2,/Users/zhaoyue/orca/workspaces/westlake-harness-walls/benchmark/2026-09-29-westlake-port/runs/r15cfull-20260929T183604/5cd1e3dd00000000000000000923012c/mcdonalds/record.json,09-29 19:12:20.456  4744  4744 E C00f00/AppSpawnXInit: Caused by: java.lang.NullPointerException: Attempt to invoke interface method 'com.mcdonalds.mcdcoreapp.helper.interfaces.OrderingManagerInteractor com.mcdonalds.mcdcoreapp.common.di.Da,09-29 19:12:20.493  5168  5168 W C02c11/APPSPAWN: [appspawn_service.c:118]com.mcdonalds.app with pid 4744 exit with code:1
burgerking,635fe97c7cb00bbcd5ee0d1e00815addef23a930ef2225c6d7e3dd5c376c4502,exact,True,app-native-loader,dlopen-ns,fatal,True,,False,False,"[""window-type-flags"",""in-app-bindservice"",""velocitytracker-jni"",""sharedpreferences-null""]",window-type-flags,False,True,2,/Users/zhaoyue/orca/workspaces/westlake-harness-walls/benchmark/2026-09-29-westlake-port/runs/r15cfull-20260929T183604/5cd1e3dd00000000000000000923012c/burgerking/record.json,09-29 19:12:56.944  5968  5968 I C00f00/AppSpawnXJava: [stderr] java.lang.UnsatisfiedLinkError: F02-A12-MISSING-DEPENDENCY: dlopen_ns failed for libNitroMmkv.so: Error loading shared library libNitroMmkv.so: No such file or directory,09-29 19:12:57.063  5168  5168 W C02c11/APPSPAWN: [appspawn_service.c:118]com.emn8.mobilem8.nativeapp.bk with pid 5968 exit with code:1
subwaysurfers,5904cda2c0f2a8898f49c06eef80df13f864be9d874370ac6430c427d34a2a4b,outside-cohort,True,no-fatal-found,no-fatal-found,nonfatal-or-unproven,False,APK-outside-cohort,False,False,[],unknown,null,False,0,/Users/zhaoyue/orca/workspaces/westlake-harness-walls/benchmark/2026-09-29-westlake-port/runs/r15cfull-20260929T183604/5cd1e3dd00000000000000000923012c/subwaysurfers/record.json,null,null
firefox,eba96cc660d0a49116db37c97535d01d809b21e217d4f24909eb33bf912882fc,outside-cohort,True,jna-native-resource,unclassified,fatal,False,APK-outside-cohort,False,False,[],unknown,False,True,2,/Users/zhaoyue/orca/workspaces/westlake-harness-walls/benchmark/2026-09-29-westlake-port/runs/r15cfull-20260929T183604/5cd1e3dd00000000000000000923012c/firefox/record.json,09-29 19:13:36.245  7158  7158 E C00f00/AppSpawnXInit: Caused by: java.lang.UnsatisfiedLinkError: Native library (com/sun/jna/android-aarch64/libjnidispatch.so) not found in resource path (.),09-29 19:13:36.369  5168  5168 W C02c11/APPSPAWN: [appspawn_service.c:118]org.mozilla.firefox with pid 7158 exit with code:1
vlc,c493c167de52724dbdd727fd6e20ec43d89200a847fb7b7d88da850faf336bcd,outside-cohort,True,common-event-jni,unclassified,nonfatal-or-unproven,False,APK-outside-cohort,False,False,[],unknown,True,True,2,/Users/zhaoyue/orca/workspaces/westlake-harness-walls/benchmark/2026-09-29-westlake-port/runs/r15cfull-20260929T183604/5cd1e3dd00000000000000000923012c/vlc/record.json,"09-29 19:14:22.874  8561  8631 I C00f00/AppSpawnXJava: [stderr] Caused by: java.lang.UnsatisfiedLinkError: No implementation found for int adapter.activity.ActivityManagerAdapter.nativePublishCommonEvent(java.lang.String, java.lang.String, ",null
localsend,82ec3568fba2aa5295b9aae8b76f701d7a4703d86b9f8bad749472038fbaeab3,exact,True,guest-thread-ready,unclassified,fatal,True,,False,False,"[""window-type-flags"",""native-bionic-header"",""velocitytracker-jni"",""sharedpreferences-null""]",window-type-flags,False,True,2,/Users/zhaoyue/orca/workspaces/westlake-harness-walls/benchmark/2026-09-29-westlake-port/runs/r15cfull-20260929T183604/5cd1e3dd00000000000000000923012c/localsend/record.json,09-29 19:15:09.317  9951  9951 E C00f00/AppSpawnXInit: Caused by: java.lang.UnsatisfiedLinkError: current thread is not READY for guest dlopen,09-29 19:15:09.383  5168  5168 W C02c11/APPSPAWN: [appspawn_service.c:118]org.localsend.localsend_app with pid 9951 exit with code:1
ppsspp,44e1ecb9268702fb65adcee14cffb6cdc3607e87abcf409004c9bdb6b2543f6c,outside-cohort,True,system-loader-noise,unclassified,nonfatal-or-unproven,False,APK-outside-cohort,False,False,[],unknown,False,True,2,/Users/zhaoyue/orca/workspaces/westlake-harness-walls/benchmark/2026-09-29-westlake-port/runs/r15cfull-20260929T183604/5cd1e3dd00000000000000000923012c/ppsspp/record.json,09-29 19:15:48.098 11107 11158 W C03f07/MUSL-LDSO: dlopen_impl load library header failed for /system/lib64/libGLESv3.so,09-29 19:15:50.932  5168  5168 W C02c11/APPSPAWN: [appspawn_service.c:118]org.ppsspp.ppsspp with pid 11107 exit with code:255
mindustry,96f8dacbd2de964a26079dcd1928b3e5ca7d9b99207571acc802f7c7cff34508,exact,True,app-native-loader,dlopen-ns,fatal,True,,False,False,"[""native-bionic-header""]",native-bionic-header,False,True,2,/Users/zhaoyue/orca/workspaces/westlake-harness-walls/benchmark/2026-09-29-westlake-port/runs/r15cfull-20260929T183604/5cd1e3dd00000000000000000923012c/mindustry/record.json,09-29 19:16:33.758 12471 12471 E C00f00/AppSpawnXInit: Caused by: java.lang.UnsatisfiedLinkError: F02-A12-UNCLASSIFIED: dlopen_ns failed for /data/app/el1/bundle/public/io.anuke.mindustry/android/lib/arm64-v8a/libarc.so: Error loading share,09-29 19:16:33.802  5168  5168 W C02c11/APPSPAWN: [appspawn_service.c:118]io.anuke.mindustry with pid 12471 exit with code:1
x,5e9c8e4bbb525a2140292f8f96ab6cc0af403dfcd07667b8678aebb44fb52354,outside-cohort,True,no-fatal-found,no-fatal-found,nonfatal-or-unproven,False,APK-outside-cohort,False,False,[],unknown,null,False,0,/Users/zhaoyue/orca/workspaces/westlake-harness-walls/benchmark/2026-09-29-westlake-port/runs/r15cfull-20260929T183604/5cd1e3dd00000000000000000923012c/x/record.json,null,null
noice,bbb21d7321668031774b5fc2e44ce632d7b2538853e09083a258f127631e845d,exact,True,system-loader-noise,unclassified,nonfatal-or-unproven,False,unclassified,False,False,"[""in-app-bindservice"",""sharedpreferences-null"",""window-type-flags"",""velocitytracker-jni""]",in-app-bindservice,True,True,2,/Users/zhaoyue/orca/workspaces/westlake-harness-walls/benchmark/2026-09-29-westlake-port/runs/r15cfull-20260929T183604/5cd1e3dd00000000000000000923012c/noice/record.json,09-29 19:17:13.954 13689 13740 W C03f07/MUSL-LDSO: dlopen_impl load library header failed for /system/lib64/libGLESv3.so,null
