app,package,visual,apk_internet_declared,manifest_evidence,observed_network_denial,network_may_directly_light,benefit,required_child_gid,required_hap_permission,required_reinstall,network_state_permission,r15c_child_gid_observed,r15c_hap_permission_observed,post_fix_http_result,evidence,additional_walls
wikipedia,org.wikipedia,not-adjudicated,True,/Users/zhaoyue/orca/workspaces/westlake-harness-bms/benchmark/2026-09-29-static-wall-prediction/v3/classes/evidence/manifest-wikipedia.txt:15,False,False,conditional beneficiary only; other walls or evidence gaps remain,3003,ohos.permission.INTERNET,True,ohos.permission.GET_NETWORK_INFO if APK ACCESS_NETWORK_STATE,unknown,unknown,unknown,evidence/logs/wikipedia.json,"[""jobscheduler-startup"",""later Wiki 128KiB-stack/PNG fault reported on different 5ea profile; separate from r15c""]"
termux,com.termux,not-adjudicated,True,/Users/zhaoyue/orca/workspaces/westlake-harness-bms/benchmark/2026-09-29-static-wall-prediction/v3/classes/evidence/manifest-termux.txt:31,False,False,conditional beneficiary only; other walls or evidence gaps remain,3003,ohos.permission.INTERNET,True,ohos.permission.GET_NETWORK_INFO if APK ACCESS_NETWORK_STATE,unknown,unknown,unknown,evidence/logs/termux.json,"[""common-event-jni""]"
ooniprobe,org.openobservatory.ooniprobe,not-adjudicated,True,/Users/zhaoyue/orca/workspaces/westlake-harness-bms/benchmark/2026-09-29-static-wall-prediction/v3/classes/evidence/manifest-ooniprobe.txt:14,False,False,conditional beneficiary only; other walls or evidence gaps remain,3003,ohos.permission.INTERNET,True,ohos.permission.GET_NETWORK_INFO if APK ACCESS_NETWORK_STATE,unknown,unknown,unknown,evidence/logs/ooniprobe.json,[]
antennapod,de.danoeh.antennapod,not-adjudicated,True,/Users/zhaoyue/orca/workspaces/westlake-harness-bms/benchmark/2026-09-29-static-wall-prediction/v3/classes/evidence/manifest-antennapod.txt:15,False,False,conditional beneficiary only; other walls or evidence gaps remain,3003,ohos.permission.INTERNET,True,ohos.permission.GET_NETWORK_INFO if APK ACCESS_NETWORK_STATE,unknown,unknown,unknown,evidence/logs/antennapod.json,"[""jobscheduler-startup"",""sharedpreferences-null""]"
aegis,com.beemdevelopment.aegis,own-ui,False,/Users/zhaoyue/orca/workspaces/westlake-harness-bms/benchmark/2026-09-29-static-wall-prediction/v3/classes/evidence/manifest-aegis.txt,False,False,conditional beneficiary only; other walls or evidence gaps remain,3003,ohos.permission.INTERNET,True,ohos.permission.GET_NETWORK_INFO if APK ACCESS_NETWORK_STATE,unknown,unknown,unknown,evidence/logs/aegis.json,[]
fd-AppManager,io.github.muntashirakon.AppManager,own-ui,True,/Users/zhaoyue/orca/workspaces/westlake-harness-bms/benchmark/2026-09-29-static-wall-prediction/v3/classes/evidence/manifest-fd-AppManager.txt:78,False,False,conditional beneficiary only; other walls or evidence gaps remain,3003,ohos.permission.INTERNET,True,ohos.permission.GET_NETWORK_INFO if APK ACCESS_NETWORK_STATE,unknown,unknown,unknown,evidence/logs/fd-AppManager.json,[]
fd-auxio,org.oxycblt.auxio,not-adjudicated,False,/Users/zhaoyue/orca/workspaces/westlake-harness-bms/benchmark/2026-09-29-static-wall-prediction/v3/classes/evidence/manifest-fd-auxio.txt,False,False,conditional beneficiary only; other walls or evidence gaps remain,3003,ohos.permission.INTERNET,True,ohos.permission.GET_NETWORK_INFO if APK ACCESS_NETWORK_STATE,unknown,unknown,unknown,evidence/logs/fd-auxio.json,"[""shortcutmanager"",""velocitytracker-jni""]"
fd-com-amaze-filemanager,com.amaze.filemanager,not-adjudicated,True,/Users/zhaoyue/orca/workspaces/westlake-harness-bms/benchmark/2026-09-29-static-wall-prediction/v3/classes/evidence/manifest-fd-com-amaze-filemanager.txt:29,False,False,conditional beneficiary only; other walls or evidence gaps remain,3003,ohos.permission.INTERNET,True,ohos.permission.GET_NETWORK_INFO if APK ACCESS_NETWORK_STATE,unknown,unknown,unknown,evidence/logs/fd-com-amaze-filemanager.json,[]
fd-com-kunzisoft-keepass-libre,com.kunzisoft.keepass.libre,not-adjudicated,False,/Users/zhaoyue/orca/workspaces/westlake-harness-bms/benchmark/2026-09-29-static-wall-prediction/v3/classes/evidence/manifest-fd-com-kunzisoft-keepass-libre.txt,False,False,conditional beneficiary only; other walls or evidence gaps remain,3003,ohos.permission.INTERNET,True,ohos.permission.GET_NETWORK_INFO if APK ACCESS_NETWORK_STATE,unknown,unknown,unknown,evidence/logs/fd-com-kunzisoft-keepass-libre.json,"[""common-event-jni""]"
fd-droidify,com.looker.droidify,own-ui,True,/Users/zhaoyue/orca/workspaces/westlake-harness-bms/benchmark/2026-09-29-static-wall-prediction/v3/classes/evidence/manifest-fd-droidify.txt:16,False,False,conditional beneficiary only; other walls or evidence gaps remain,3003,ohos.permission.INTERNET,True,ohos.permission.GET_NETWORK_INFO if APK ACCESS_NETWORK_STATE,unknown,unknown,unknown,evidence/logs/fd-droidify.json,[]
fd-fitness,de.tadris.fitness,crash-dialog,True,/Users/zhaoyue/orca/workspaces/westlake-harness-bms/benchmark/2026-09-29-static-wall-prediction/v3/classes/evidence/manifest-fd-fitness.txt:29,False,False,conditional beneficiary only; other walls or evidence gaps remain,3003,ohos.permission.INTERNET,True,ohos.permission.GET_NETWORK_INFO if APK ACCESS_NETWORK_STATE,unknown,unknown,unknown,evidence/logs/fd-fitness.json,"[""jobscheduler-startup""]"
fd-netguard,eu.faircode.netguard,not-adjudicated,True,/Users/zhaoyue/orca/workspaces/westlake-harness-bms/benchmark/2026-09-29-static-wall-prediction/v3/classes/evidence/manifest-fd-netguard.txt:27,False,False,conditional beneficiary only; other walls or evidence gaps remain,3003,ohos.permission.INTERNET,True,ohos.permission.GET_NETWORK_INFO if APK ACCESS_NETWORK_STATE,unknown,unknown,unknown,evidence/logs/fd-netguard.json,"[""app-native-loader""]"
fd-noice,com.github.ashutoshgngwr.noice,own-ui,True,/Users/zhaoyue/orca/workspaces/westlake-harness-bms/benchmark/2026-09-29-static-wall-prediction/v3/classes/evidence/manifest-fd-noice.txt:27,True,True,"online-content-recovery, not a new own-UI count",3003,ohos.permission.INTERNET,True,ohos.permission.GET_NETWORK_INFO if APK ACCESS_NETWORK_STATE,unknown,unknown,unknown,evidence/logs/fd-noice.json,[]
anki,com.ichi2.anki,black,unknown,unknown,False,False,conditional beneficiary only; other walls or evidence gaps remain,3003,ohos.permission.INTERNET,True,ohos.permission.GET_NETWORK_INFO if APK ACCESS_NETWORK_STATE,unknown,unknown,unknown,evidence/logs/anki.json,"[""app-native-loader""]"
newpipe,org.schabi.newpipe,not-adjudicated,unknown,unknown,False,False,conditional beneficiary only; other walls or evidence gaps remain,3003,ohos.permission.INTERNET,True,ohos.permission.GET_NETWORK_INFO if APK ACCESS_NETWORK_STATE,unknown,unknown,unknown,evidence/logs/newpipe.json,"[""jobscheduler-startup""]"
markor,net.gsantner.markor,not-adjudicated,unknown,unknown,False,False,conditional beneficiary only; other walls or evidence gaps remain,3003,ohos.permission.INTERNET,True,ohos.permission.GET_NETWORK_INFO if APK ACCESS_NETWORK_STATE,unknown,unknown,unknown,evidence/logs/markor.json,"[""window-type-flags""]"
opencamera,net.sourceforge.opencamera,not-adjudicated,False,/Users/zhaoyue/orca/workspaces/westlake-harness-bms/benchmark/2026-09-29-static-wall-prediction/v3/classes/evidence/manifest-opencamera.txt,False,False,conditional beneficiary only; other walls or evidence gaps remain,3003,ohos.permission.INTERNET,True,ohos.permission.GET_NETWORK_INFO if APK ACCESS_NETWORK_STATE,unknown,unknown,unknown,evidence/logs/opencamera.json,"[""egl-camera-jni""]"
fd-android,net.thunderbird.android,not-adjudicated,True,/Users/zhaoyue/orca/workspaces/westlake-harness-bms/benchmark/2026-09-29-static-wall-prediction/v3/classes/evidence/manifest-fd-android.txt:85,False,False,conditional beneficiary only; other walls or evidence gaps remain,3003,ohos.permission.INTERNET,True,ohos.permission.GET_NETWORK_INFO if APK ACCESS_NETWORK_STATE,unknown,unknown,unknown,evidence/logs/fd-android.json,[]
fd-api,com.termux.api,not-adjudicated,unknown,unknown,False,False,conditional beneficiary only; other walls or evidence gaps remain,3003,ohos.permission.INTERNET,True,ohos.permission.GET_NETWORK_INFO if APK ACCESS_NETWORK_STATE,unknown,unknown,unknown,evidence/logs/fd-api.json,"[""theme-appcompat""]"
fd-app,com.unciv.app,not-adjudicated,unknown,unknown,False,False,conditional beneficiary only; other walls or evidence gaps remain,3003,ohos.permission.INTERNET,True,ohos.permission.GET_NETWORK_INFO if APK ACCESS_NETWORK_STATE,unknown,unknown,unknown,evidence/logs/fd-app.json,"[""jobscheduler-startup"",""app-native-loader""]"
fd-breezyweather,org.breezyweather,not-adjudicated,unknown,unknown,False,False,conditional beneficiary only; other walls or evidence gaps remain,3003,ohos.permission.INTERNET,True,ohos.permission.GET_NETWORK_INFO if APK ACCESS_NETWORK_STATE,unknown,unknown,unknown,evidence/logs/fd-breezyweather.json,"[""app-native-loader""]"
fd-calendar,org.fossify.calendar,not-adjudicated,unknown,unknown,False,False,conditional beneficiary only; other walls or evidence gaps remain,3003,ohos.permission.INTERNET,True,ohos.permission.GET_NETWORK_INFO if APK ACCESS_NETWORK_STATE,unknown,unknown,unknown,evidence/logs/fd-calendar.json,"[""jobscheduler-startup""]"
fd-catima,me.hackerchick.catima,not-adjudicated,False,/Users/zhaoyue/orca/workspaces/westlake-harness-bms/benchmark/2026-09-29-static-wall-prediction/v3/classes/evidence/manifest-fd-catima.txt,False,False,conditional beneficiary only; other walls or evidence gaps remain,3003,ohos.permission.INTERNET,True,ohos.permission.GET_NETWORK_INFO if APK ACCESS_NETWORK_STATE,unknown,unknown,unknown,evidence/logs/fd-catima.json,[]
fd-etar,ws.xsoh.etar,not-adjudicated,False,/Users/zhaoyue/orca/workspaces/westlake-harness-bms/benchmark/2026-09-29-static-wall-prediction/v3/classes/evidence/manifest-fd-etar.txt,False,False,conditional beneficiary only; other walls or evidence gaps remain,3003,ohos.permission.INTERNET,True,ohos.permission.GET_NETWORK_INFO if APK ACCESS_NETWORK_STATE,unknown,unknown,unknown,evidence/logs/fd-etar.json,"[""jobscheduler-startup"",""common-event-jni""]"
fd-feeder,com.nononsenseapps.feeder,not-adjudicated,unknown,unknown,False,False,conditional beneficiary only; other walls or evidence gaps remain,3003,ohos.permission.INTERNET,True,ohos.permission.GET_NETWORK_INFO if APK ACCESS_NETWORK_STATE,unknown,unknown,unknown,evidence/logs/fd-feeder.json,"[""jobscheduler-startup""]"
fd-fennec_fdroid,org.mozilla.fennec_fdroid,not-adjudicated,True,/Users/zhaoyue/orca/workspaces/westlake-harness-bms/benchmark/2026-09-29-static-wall-prediction/v3/classes/evidence/manifest-fd-fennec_fdroid.txt:15,False,False,conditional beneficiary only; other walls or evidence gaps remain,3003,ohos.permission.INTERNET,True,ohos.permission.GET_NETWORK_INFO if APK ACCESS_NETWORK_STATE,unknown,unknown,unknown,evidence/logs/fd-fennec_fdroid.json,"[""app-native-loader"",""jna-native-resource""]"
fd-filemanager,org.fossify.filemanager,blank,unknown,unknown,False,False,conditional beneficiary only; other walls or evidence gaps remain,3003,ohos.permission.INTERNET,True,ohos.permission.GET_NETWORK_INFO if APK ACCESS_NETWORK_STATE,unknown,unknown,unknown,evidence/logs/fd-filemanager.json,[]
fd-fluffychat,chat.fluffy.fluffychat,not-adjudicated,True,/Users/zhaoyue/orca/workspaces/westlake-harness-bms/benchmark/2026-09-29-static-wall-prediction/v3/classes/evidence/manifest-fd-fluffychat.txt:15,False,False,conditional beneficiary only; other walls or evidence gaps remain,3003,ohos.permission.INTERNET,True,ohos.permission.GET_NETWORK_INFO if APK ACCESS_NETWORK_STATE,unknown,unknown,unknown,evidence/logs/fd-fluffychat.json,"[""guest-thread-ready""]"
fd-gallery,org.fossify.gallery,blank,unknown,unknown,False,False,conditional beneficiary only; other walls or evidence gaps remain,3003,ohos.permission.INTERNET,True,ohos.permission.GET_NETWORK_INFO if APK ACCESS_NETWORK_STATE,unknown,unknown,unknown,evidence/logs/fd-gallery.json,"[""common-event-jni""]"
fd-im-vector-app,im.vector.app,not-adjudicated,unknown,unknown,False,False,conditional beneficiary only; other walls or evidence gaps remain,3003,ohos.permission.INTERNET,True,ohos.permission.GET_NETWORK_INFO if APK ACCESS_NETWORK_STATE,unknown,unknown,unknown,evidence/logs/fd-im-vector-app.json,"[""app-native-loader""]"
fd-immich,app.alextran.immich,not-adjudicated,True,/Users/zhaoyue/orca/workspaces/westlake-harness-bms/benchmark/2026-09-29-static-wall-prediction/v3/classes/evidence/manifest-fd-immich.txt:14,False,False,conditional beneficiary only; other walls or evidence gaps remain,3003,ohos.permission.INTERNET,True,ohos.permission.GET_NETWORK_INFO if APK ACCESS_NETWORK_STATE,unknown,unknown,unknown,evidence/logs/fd-immich.json,"[""guest-thread-ready""]"
fd-k9,com.fsck.k9,not-adjudicated,True,/Users/zhaoyue/orca/workspaces/westlake-harness-bms/benchmark/2026-09-29-static-wall-prediction/v3/classes/evidence/manifest-fd-k9.txt:85,False,False,conditional beneficiary only; other walls or evidence gaps remain,3003,ohos.permission.INTERNET,True,ohos.permission.GET_NETWORK_INFO if APK ACCESS_NETWORK_STATE,unknown,unknown,unknown,evidence/logs/fd-k9.json,[]
fd-kitchenowl,com.tombursch.kitchenowl,not-adjudicated,True,/Users/zhaoyue/orca/workspaces/westlake-harness-bms/benchmark/2026-09-29-static-wall-prediction/v3/classes/evidence/manifest-fd-kitchenowl.txt:14,False,False,conditional beneficiary only; other walls or evidence gaps remain,3003,ohos.permission.INTERNET,True,ohos.permission.GET_NETWORK_INFO if APK ACCESS_NETWORK_STATE,unknown,unknown,unknown,evidence/logs/fd-kitchenowl.json,"[""guest-thread-ready""]"
fd-libre,deckers.thibault.aves.libre,not-adjudicated,True,/Users/zhaoyue/orca/workspaces/westlake-harness-bms/benchmark/2026-09-29-static-wall-prediction/v3/classes/evidence/manifest-fd-libre.txt:43,False,False,conditional beneficiary only; other walls or evidence gaps remain,3003,ohos.permission.INTERNET,True,ohos.permission.GET_NETWORK_INFO if APK ACCESS_NETWORK_STATE,unknown,unknown,unknown,evidence/logs/fd-libre.json,"[""guest-thread-ready""]"
fd-libretube,com.github.libretube,not-adjudicated,unknown,unknown,False,False,conditional beneficiary only; other walls or evidence gaps remain,3003,ohos.permission.INTERNET,True,ohos.permission.GET_NETWORK_INFO if APK ACCESS_NETWORK_STATE,unknown,unknown,unknown,evidence/logs/fd-libretube.json,"[""jobscheduler-startup""]"
fd-meet,org.jitsi.meet,not-adjudicated,unknown,unknown,False,False,conditional beneficiary only; other walls or evidence gaps remain,3003,ohos.permission.INTERNET,True,ohos.permission.GET_NETWORK_INFO if APK ACCESS_NETWORK_STATE,unknown,unknown,unknown,evidence/logs/fd-meet.json,"[""common-event-jni""]"
fd-minetest,net.minetest.minetest,not-adjudicated,True,/Users/zhaoyue/orca/workspaces/westlake-harness-bms/benchmark/2026-09-29-static-wall-prediction/v3/classes/evidence/manifest-fd-minetest.txt:15,False,False,conditional beneficiary only; other walls or evidence gaps remain,3003,ohos.permission.INTERNET,True,ohos.permission.GET_NETWORK_INFO if APK ACCESS_NETWORK_STATE,unknown,unknown,unknown,evidence/logs/fd-minetest.json,"[""common-event-jni""]"
fd-mpv,is.xyz.mpv,not-adjudicated,unknown,unknown,False,False,conditional beneficiary only; other walls or evidence gaps remain,3003,ohos.permission.INTERNET,True,ohos.permission.GET_NETWORK_INFO if APK ACCESS_NETWORK_STATE,unknown,unknown,unknown,evidence/logs/fd-mpv.json,"[""velocitytracker-jni""]"
fd-musicplayer,org.fossify.musicplayer,not-adjudicated,unknown,unknown,False,False,conditional beneficiary only; other walls or evidence gaps remain,3003,ohos.permission.INTERNET,True,ohos.permission.GET_NETWORK_INFO if APK ACCESS_NETWORK_STATE,unknown,unknown,unknown,evidence/logs/fd-musicplayer.json,[]
fd-notes,org.fossify.notes,blank,unknown,unknown,False,False,conditional beneficiary only; other walls or evidence gaps remain,3003,ohos.permission.INTERNET,True,ohos.permission.GET_NETWORK_INFO if APK ACCESS_NETWORK_STATE,unknown,unknown,unknown,evidence/logs/fd-notes.json,[]
fd-organicmaps,app.organicmaps,not-adjudicated,unknown,unknown,False,False,conditional beneficiary only; other walls or evidence gaps remain,3003,ohos.permission.INTERNET,True,ohos.permission.GET_NETWORK_INFO if APK ACCESS_NETWORK_STATE,unknown,unknown,unknown,evidence/logs/fd-organicmaps.json,"[""jobscheduler-startup""]"
fd-plus,net.osmand.plus,not-adjudicated,unknown,unknown,False,False,conditional beneficiary only; other walls or evidence gaps remain,3003,ohos.permission.INTERNET,True,ohos.permission.GET_NETWORK_INFO if APK ACCESS_NETWORK_STATE,unknown,unknown,unknown,evidence/logs/fd-plus.json,[]
fd-reader,me.ash.reader,not-adjudicated,unknown,unknown,False,False,conditional beneficiary only; other walls or evidence gaps remain,3003,ohos.permission.INTERNET,True,ohos.permission.GET_NETWORK_INFO if APK ACCESS_NETWORK_STATE,unknown,unknown,unknown,evidence/logs/fd-reader.json,"[""jobscheduler-startup""]"
fd-saber,com.adilhanney.saber,not-adjudicated,True,/Users/zhaoyue/orca/workspaces/westlake-harness-bms/benchmark/2026-09-29-static-wall-prediction/v3/classes/evidence/manifest-fd-saber.txt:14,False,False,conditional beneficiary only; other walls or evidence gaps remain,3003,ohos.permission.INTERNET,True,ohos.permission.GET_NETWORK_INFO if APK ACCESS_NETWORK_STATE,unknown,unknown,unknown,evidence/logs/fd-saber.json,"[""guest-thread-ready""]"
fd-seal,com.junkfood.seal,not-adjudicated,unknown,unknown,False,False,conditional beneficiary only; other walls or evidence gaps remain,3003,ohos.permission.INTERNET,True,ohos.permission.GET_NETWORK_INFO if APK ACCESS_NETWORK_STATE,unknown,unknown,unknown,evidence/logs/fd-seal.json,[]
fd-shatteredpixeldungeon,com.shatteredpixel.shatteredpixeldungeon,not-adjudicated,unknown,unknown,False,False,conditional beneficiary only; other walls or evidence gaps remain,3003,ohos.permission.INTERNET,True,ohos.permission.GET_NETWORK_INFO if APK ACCESS_NETWORK_STATE,unknown,unknown,unknown,evidence/logs/fd-shatteredpixeldungeon.json,"[""egl-camera-jni""]"
fd-tasks,org.tasks,not-adjudicated,unknown,unknown,False,False,conditional beneficiary only; other walls or evidence gaps remain,3003,ohos.permission.INTERNET,True,ohos.permission.GET_NETWORK_INFO if APK ACCESS_NETWORK_STATE,unknown,unknown,unknown,evidence/logs/fd-tasks.json,"[""common-event-jni""]"
fd-tusky,com.keylesspalace.tusky,not-adjudicated,unknown,unknown,False,False,conditional beneficiary only; other walls or evidence gaps remain,3003,ohos.permission.INTERNET,True,ohos.permission.GET_NETWORK_INFO if APK ACCESS_NETWORK_STATE,unknown,unknown,unknown,evidence/logs/fd-tusky.json,"[""app-native-loader"",""jobscheduler-startup""]"
fd-tutanota,de.tutao.tutanota,not-adjudicated,unknown,unknown,False,False,conditional beneficiary only; other walls or evidence gaps remain,3003,ohos.permission.INTERNET,True,ohos.permission.GET_NETWORK_INFO if APK ACCESS_NETWORK_STATE,unknown,unknown,unknown,evidence/logs/fd-tutanota.json,"[""app-native-loader""]"
fd-uhabits,org.isoron.uhabits,not-adjudicated,unknown,unknown,False,False,conditional beneficiary only; other walls or evidence gaps remain,3003,ohos.permission.INTERNET,True,ohos.permission.GET_NETWORK_INFO if APK ACCESS_NETWORK_STATE,unknown,unknown,unknown,evidence/logs/fd-uhabits.json,[]
fd-wifianalyzer,com.vrem.wifianalyzer,not-adjudicated,unknown,unknown,False,False,conditional beneficiary only; other walls or evidence gaps remain,3003,ohos.permission.INTERNET,True,ohos.permission.GET_NETWORK_INFO if APK ACCESS_NETWORK_STATE,unknown,unknown,unknown,evidence/logs/fd-wifianalyzer.json,[]
fd-stk,org.supertuxkart.stk,own-ui,True,/Users/zhaoyue/orca/workspaces/westlake-harness-bms/benchmark/2026-09-29-static-wall-prediction/v3/classes/evidence/manifest-fd-stk.txt:40,False,False,conditional beneficiary only; other walls or evidence gaps remain,3003,ohos.permission.INTERNET,True,ohos.permission.GET_NETWORK_INFO if APK ACCESS_NETWORK_STATE,unknown,unknown,unknown,evidence/logs/fd-stk.json,[]
fd-mobile,org.jellyfin.mobile,not-adjudicated,True,/Users/zhaoyue/orca/workspaces/westlake-harness-bms/benchmark/2026-09-29-static-wall-prediction/v3/classes/evidence/manifest-fd-mobile.txt:17,False,False,conditional beneficiary only; other walls or evidence gaps remain,3003,ohos.permission.INTERNET,True,ohos.permission.GET_NETWORK_INFO if APK ACCESS_NETWORK_STATE,unknown,unknown,unknown,evidence/logs/fd-mobile.json,[]
fd-client,com.nextcloud.client,not-adjudicated,unknown,unknown,False,False,conditional beneficiary only; other walls or evidence gaps remain,3003,ohos.permission.INTERNET,True,ohos.permission.GET_NETWORK_INFO if APK ACCESS_NETWORK_STATE,unknown,unknown,unknown,evidence/logs/fd-client.json,"[""jobscheduler-startup""]"
fd-binaryeye,de.markusfisch.android.binaryeye,blank,True,/Users/zhaoyue/orca/workspaces/westlake-harness-bms/benchmark/2026-09-29-static-wall-prediction/v3/classes/evidence/manifest-fd-binaryeye.txt:31,False,False,conditional beneficiary only; other walls or evidence gaps remain,3003,ohos.permission.INTERNET,True,ohos.permission.GET_NETWORK_INFO if APK ACCESS_NETWORK_STATE,unknown,unknown,unknown,evidence/logs/fd-binaryeye.json,[]
toutiao,com.ss.android.article.news,not-adjudicated,unknown,unknown,False,False,conditional beneficiary only; other walls or evidence gaps remain,3003,ohos.permission.INTERNET,True,ohos.permission.GET_NETWORK_INFO if APK ACCESS_NETWORK_STATE,unknown,unknown,unknown,evidence/logs/toutiao.json,[]
mcdonalds,com.mcdonalds.app,not-adjudicated,unknown,unknown,False,False,conditional beneficiary only; other walls or evidence gaps remain,3003,ohos.permission.INTERNET,True,ohos.permission.GET_NETWORK_INFO if APK ACCESS_NETWORK_STATE,unknown,unknown,unknown,evidence/logs/mcdonalds.json,"[""app-native-loader""]"
burgerking,com.emn8.mobilem8.nativeapp.bk,not-adjudicated,True,/Users/zhaoyue/orca/workspaces/westlake-harness-bms/benchmark/2026-09-29-static-wall-prediction/v3/classes/evidence/manifest-burgerking.txt:24,False,False,conditional beneficiary only; other walls or evidence gaps remain,3003,ohos.permission.INTERNET,True,ohos.permission.GET_NETWORK_INFO if APK ACCESS_NETWORK_STATE,unknown,unknown,unknown,evidence/logs/burgerking.json,"[""jobscheduler-startup"",""common-event-jni"",""app-native-loader""]"
subwaysurfers,com.kiloo.subwaysurf,not-adjudicated,unknown,unknown,False,False,conditional beneficiary only; other walls or evidence gaps remain,3003,ohos.permission.INTERNET,True,ohos.permission.GET_NETWORK_INFO if APK ACCESS_NETWORK_STATE,unknown,unknown,unknown,evidence/logs/subwaysurfers.json,[]
firefox,org.mozilla.firefox,not-adjudicated,unknown,unknown,False,False,conditional beneficiary only; other walls or evidence gaps remain,3003,ohos.permission.INTERNET,True,ohos.permission.GET_NETWORK_INFO if APK ACCESS_NETWORK_STATE,unknown,unknown,unknown,evidence/logs/firefox.json,"[""common-event-jni"",""jna-native-resource""]"
vlc,org.videolan.vlc,black,unknown,unknown,False,False,conditional beneficiary only; other walls or evidence gaps remain,3003,ohos.permission.INTERNET,True,ohos.permission.GET_NETWORK_INFO if APK ACCESS_NETWORK_STATE,unknown,unknown,unknown,evidence/logs/vlc.json,"[""common-event-jni""]"
localsend,org.localsend.localsend_app,not-adjudicated,True,/Users/zhaoyue/orca/workspaces/westlake-harness-bms/benchmark/2026-09-29-static-wall-prediction/v3/classes/evidence/manifest-localsend.txt:14,False,False,conditional beneficiary only; other walls or evidence gaps remain,3003,ohos.permission.INTERNET,True,ohos.permission.GET_NETWORK_INFO if APK ACCESS_NETWORK_STATE,unknown,unknown,unknown,evidence/logs/localsend.json,"[""guest-thread-ready""]"
ppsspp,org.ppsspp.ppsspp,not-adjudicated,unknown,unknown,False,False,conditional beneficiary only; other walls or evidence gaps remain,3003,ohos.permission.INTERNET,True,ohos.permission.GET_NETWORK_INFO if APK ACCESS_NETWORK_STATE,unknown,unknown,unknown,evidence/logs/ppsspp.json,"[""app-native-loader""]"
mindustry,io.anuke.mindustry,not-adjudicated,True,/Users/zhaoyue/orca/workspaces/westlake-harness-bms/benchmark/2026-09-29-static-wall-prediction/v3/classes/evidence/manifest-mindustry.txt:24,False,False,conditional beneficiary only; other walls or evidence gaps remain,3003,ohos.permission.INTERNET,True,ohos.permission.GET_NETWORK_INFO if APK ACCESS_NETWORK_STATE,unknown,unknown,unknown,evidence/logs/mindustry.json,"[""app-native-loader""]"
x,com.twitter.android,not-adjudicated,unknown,unknown,False,False,conditional beneficiary only; other walls or evidence gaps remain,3003,ohos.permission.INTERNET,True,ohos.permission.GET_NETWORK_INFO if APK ACCESS_NETWORK_STATE,unknown,unknown,unknown,evidence/logs/x.json,[]
noice,com.github.ashutoshgngwr.noice,own-ui,True,/Users/zhaoyue/orca/workspaces/westlake-harness-bms/benchmark/2026-09-29-static-wall-prediction/v3/classes/evidence/manifest-noice.txt:21,True,True,"online-content-recovery, not a new own-UI count",3003,ohos.permission.INTERNET,True,ohos.permission.GET_NETWORK_INFO if APK ACCESS_NETWORK_STATE,unknown,unknown,unknown,evidence/logs/noice.json,[]
