app,identity,previous_order,revised_order,visual,resolution
wikipedia,exact,"[""sharedpreferences-null"",""window-type-flags"",""native-bionic-header"",""in-app-bindservice"",""velocitytracker-jni""]","[""jobscheduler-startup""]",not-adjudicated,current PID evidence takes precedence; unknowns retained
termux,exact,"[""window-type-flags"",""in-app-bindservice"",""native-bionic-header"",""velocitytracker-jni"",""sharedpreferences-null""]","[""common-event-jni""]",not-adjudicated,current PID evidence takes precedence; unknowns retained
ooniprobe,exact,"[""native-bionic-header"",""sharedpreferences-null"",""window-type-flags"",""velocitytracker-jni""]",[],not-adjudicated,current PID evidence takes precedence; unknowns retained
antennapod,exact,"[""in-app-bindservice"",""sharedpreferences-null"",""window-type-flags"",""native-bionic-header"",""velocitytracker-jni""]","[""jobscheduler-startup"",""sharedpreferences-null""]",not-adjudicated,current PID evidence takes precedence; unknowns retained
aegis,exact,"[""window-type-flags"",""velocitytracker-jni"",""sharedpreferences-null"",""native-bionic-header"",""in-app-bindservice""]",[],own-ui,"accepted first-screen errors censored, not globally repaired"
fd-AppManager,exact,"[""sharedpreferences-null"",""window-type-flags"",""native-bionic-header"",""in-app-bindservice"",""velocitytracker-jni""]",[],own-ui,"accepted first-screen errors censored, not globally repaired"
fd-auxio,exact,"[""sharedpreferences-null"",""window-type-flags"",""native-bionic-header"",""velocitytracker-jni""]","[""shortcutmanager"",""velocitytracker-jni""]",not-adjudicated,current PID evidence takes precedence; unknowns retained
fd-com-amaze-filemanager,exact,"[""window-type-flags"",""in-app-bindservice"",""velocitytracker-jni"",""sharedpreferences-null"",""native-bionic-header""]",[],not-adjudicated,current PID evidence takes precedence; unknowns retained
fd-com-kunzisoft-keepass-libre,exact,"[""window-type-flags"",""sharedpreferences-null"",""native-bionic-header"",""in-app-bindservice"",""velocitytracker-jni""]","[""common-event-jni""]",not-adjudicated,current PID evidence takes precedence; unknowns retained
fd-droidify,exact,"[""window-type-flags"",""sharedpreferences-null"",""native-bionic-header"",""in-app-bindservice"",""velocitytracker-jni""]",[],own-ui,"accepted first-screen errors censored, not globally repaired"
fd-fitness,exact,"[""sharedpreferences-null"",""window-type-flags"",""in-app-bindservice"",""native-bionic-header"",""velocitytracker-jni""]","[""jobscheduler-startup""]",crash-dialog,current PID evidence takes precedence; unknowns retained
fd-netguard,exact,"[""native-bionic-header"",""in-app-bindservice"",""velocitytracker-jni"",""sharedpreferences-null"",""window-type-flags""]","[""app-native-loader""]",not-adjudicated,current PID evidence takes precedence; unknowns retained
fd-noice,exact,"[""in-app-bindservice"",""sharedpreferences-null"",""window-type-flags"",""velocitytracker-jni""]","[""network-permission""]",own-ui,"accepted first-screen errors censored, not globally repaired"
anki,not-scanned,[],"[""app-native-loader""]",black,current PID evidence takes precedence; unknowns retained
newpipe,not-scanned,[],"[""jobscheduler-startup""]",not-adjudicated,current PID evidence takes precedence; unknowns retained
markor,not-scanned,[],"[""window-type-flags""]",not-adjudicated,current PID evidence takes precedence; unknowns retained
opencamera,exact,"[""window-type-flags"",""in-app-bindservice"",""sharedpreferences-null"",""velocitytracker-jni""]","[""egl-camera-jni""]",not-adjudicated,current PID evidence takes precedence; unknowns retained
fd-android,exact,"[""window-type-flags"",""velocitytracker-jni"",""sharedpreferences-null"",""native-bionic-header"",""in-app-bindservice""]",[],not-adjudicated,current PID evidence takes precedence; unknowns retained
fd-api,not-scanned,[],"[""theme-appcompat""]",not-adjudicated,current PID evidence takes precedence; unknowns retained
fd-app,not-scanned,[],"[""jobscheduler-startup"",""app-native-loader""]",not-adjudicated,current PID evidence takes precedence; unknowns retained
fd-breezyweather,not-scanned,[],"[""app-native-loader""]",not-adjudicated,current PID evidence takes precedence; unknowns retained
fd-calendar,not-scanned,[],"[""jobscheduler-startup""]",not-adjudicated,current PID evidence takes precedence; unknowns retained
fd-catima,exact,"[""velocitytracker-jni"",""sharedpreferences-null"",""window-type-flags"",""in-app-bindservice"",""native-bionic-header""]",[],not-adjudicated,current PID evidence takes precedence; unknowns retained
fd-etar,exact,"[""sharedpreferences-null"",""window-type-flags"",""in-app-bindservice"",""velocitytracker-jni""]","[""jobscheduler-startup"",""common-event-jni""]",not-adjudicated,current PID evidence takes precedence; unknowns retained
fd-feeder,not-scanned,[],"[""jobscheduler-startup""]",not-adjudicated,current PID evidence takes precedence; unknowns retained
fd-fennec_fdroid,exact,"[""window-type-flags"",""sharedpreferences-null"",""native-bionic-header"",""in-app-bindservice"",""velocitytracker-jni""]","[""app-native-loader"",""jna-native-resource""]",not-adjudicated,current PID evidence takes precedence; unknowns retained
fd-filemanager,not-scanned,[],[],blank,current PID evidence takes precedence; unknowns retained
fd-fluffychat,exact,"[""window-type-flags"",""native-bionic-header"",""in-app-bindservice"",""velocitytracker-jni"",""sharedpreferences-null""]","[""guest-thread-ready""]",not-adjudicated,current PID evidence takes precedence; unknowns retained
fd-gallery,not-scanned,[],"[""common-event-jni""]",blank,current PID evidence takes precedence; unknowns retained
fd-im-vector-app,not-scanned,[],"[""app-native-loader""]",not-adjudicated,current PID evidence takes precedence; unknowns retained
fd-immich,exact,"[""sharedpreferences-null"",""window-type-flags"",""native-bionic-header"",""in-app-bindservice"",""velocitytracker-jni""]","[""guest-thread-ready""]",not-adjudicated,current PID evidence takes precedence; unknowns retained
fd-k9,exact,"[""window-type-flags"",""velocitytracker-jni"",""sharedpreferences-null"",""native-bionic-header"",""in-app-bindservice""]",[],not-adjudicated,current PID evidence takes precedence; unknowns retained
fd-kitchenowl,exact,"[""window-type-flags"",""native-bionic-header"",""in-app-bindservice"",""velocitytracker-jni"",""sharedpreferences-null""]","[""guest-thread-ready""]",not-adjudicated,current PID evidence takes precedence; unknowns retained
fd-libre,exact,"[""native-bionic-header"",""window-type-flags"",""velocitytracker-jni"",""sharedpreferences-null""]","[""guest-thread-ready""]",not-adjudicated,current PID evidence takes precedence; unknowns retained
fd-libretube,not-scanned,[],"[""jobscheduler-startup""]",not-adjudicated,current PID evidence takes precedence; unknowns retained
fd-meet,not-scanned,[],"[""common-event-jni""]",not-adjudicated,current PID evidence takes precedence; unknowns retained
fd-minetest,exact,"[""sharedpreferences-null"",""window-type-flags"",""native-bionic-header"",""in-app-bindservice"",""velocitytracker-jni""]","[""common-event-jni""]",not-adjudicated,current PID evidence takes precedence; unknowns retained
fd-mpv,not-scanned,[],"[""velocitytracker-jni""]",not-adjudicated,current PID evidence takes precedence; unknowns retained
fd-musicplayer,not-scanned,[],[],not-adjudicated,current PID evidence takes precedence; unknowns retained
fd-notes,not-scanned,[],[],blank,current PID evidence takes precedence; unknowns retained
fd-organicmaps,not-scanned,[],"[""jobscheduler-startup""]",not-adjudicated,current PID evidence takes precedence; unknowns retained
fd-plus,not-scanned,[],[],not-adjudicated,current PID evidence takes precedence; unknowns retained
fd-reader,not-scanned,[],"[""jobscheduler-startup""]",not-adjudicated,current PID evidence takes precedence; unknowns retained
fd-saber,exact,"[""window-type-flags"",""native-bionic-header"",""in-app-bindservice"",""velocitytracker-jni"",""sharedpreferences-null""]","[""guest-thread-ready""]",not-adjudicated,current PID evidence takes precedence; unknowns retained
fd-seal,not-scanned,[],[],not-adjudicated,current PID evidence takes precedence; unknowns retained
fd-shatteredpixeldungeon,not-scanned,[],"[""egl-camera-jni""]",not-adjudicated,current PID evidence takes precedence; unknowns retained
fd-tasks,not-scanned,[],"[""common-event-jni""]",not-adjudicated,current PID evidence takes precedence; unknowns retained
fd-tusky,not-scanned,[],"[""app-native-loader"",""jobscheduler-startup""]",not-adjudicated,current PID evidence takes precedence; unknowns retained
fd-tutanota,not-scanned,[],"[""app-native-loader""]",not-adjudicated,current PID evidence takes precedence; unknowns retained
fd-uhabits,not-scanned,[],[],not-adjudicated,current PID evidence takes precedence; unknowns retained
fd-wifianalyzer,not-scanned,[],[],not-adjudicated,current PID evidence takes precedence; unknowns retained
fd-stk,exact,"[""sharedpreferences-null"",""native-bionic-header"",""window-type-flags""]",[],own-ui,"accepted first-screen errors censored, not globally repaired"
fd-mobile,exact,"[""in-app-bindservice"",""sharedpreferences-null"",""window-type-flags"",""native-bionic-header"",""velocitytracker-jni""]",[],not-adjudicated,current PID evidence takes precedence; unknowns retained
fd-client,not-scanned,[],"[""jobscheduler-startup""]",not-adjudicated,current PID evidence takes precedence; unknowns retained
fd-binaryeye,exact,"[""sharedpreferences-null"",""window-type-flags"",""native-bionic-header"",""velocitytracker-jni""]",[],blank,current PID evidence takes precedence; unknowns retained
toutiao,not-scanned,[],[],not-adjudicated,current PID evidence takes precedence; unknowns retained
mcdonalds,not-scanned,[],"[""app-native-loader""]",not-adjudicated,current PID evidence takes precedence; unknowns retained
burgerking,exact,"[""window-type-flags"",""in-app-bindservice"",""velocitytracker-jni"",""sharedpreferences-null""]","[""jobscheduler-startup"",""common-event-jni"",""app-native-loader""]",not-adjudicated,current PID evidence takes precedence; unknowns retained
subwaysurfers,not-scanned,[],[],not-adjudicated,current PID evidence takes precedence; unknowns retained
firefox,not-scanned,[],"[""common-event-jni"",""jna-native-resource""]",not-adjudicated,current PID evidence takes precedence; unknowns retained
vlc,not-scanned,[],"[""common-event-jni""]",black,current PID evidence takes precedence; unknowns retained
localsend,exact,"[""window-type-flags"",""native-bionic-header"",""velocitytracker-jni"",""sharedpreferences-null""]","[""guest-thread-ready""]",not-adjudicated,current PID evidence takes precedence; unknowns retained
ppsspp,not-scanned,[],"[""app-native-loader""]",not-adjudicated,current PID evidence takes precedence; unknowns retained
mindustry,exact,"[""native-bionic-header""]","[""app-native-loader""]",not-adjudicated,current PID evidence takes precedence; unknowns retained
x,not-scanned,[],[],not-adjudicated,current PID evidence takes precedence; unknowns retained
noice,exact,"[""in-app-bindservice"",""sharedpreferences-null"",""window-type-flags"",""velocitytracker-jni""]","[""network-permission""]",own-ui,"accepted first-screen errors censored, not globally repaired"
