family,policy,stub_ok,needs_real,rank,startup_affected_app_keys,startup_apps,content_recovery_app_keys,content_apps,all_observed_app_keys,tolerated_on_accepted_apps,prior_static_reference_count,prior_static_startup_app_keys,count_unit,action,evidence
app-native-loader,needs_real,False,True,1,12,"[""anki"",""burgerking"",""fd-app"",""fd-breezyweather"",""fd-fennec_fdroid"",""fd-im-vector-app"",""fd-netguard"",""fd-tusky"",""fd-tutanota"",""mcdonalds"",""mindustry"",""ppsspp""]",0,[],12,[],0,4,"app input key, not unique package; shared latent walls are not additive lighting gains",Resolve app-library namespace/dependencies and required bionic symbol implementations using the exact failing library.,"[""/Users/zhaoyue/orca/workspaces/westlake-harness-walls/benchmark/2026-09-29-westlake-port/runs/r15cfull-20260929T183604/5cd1e3dd00000000000000000923012c/fd-netguard/hilog.txt:16355"",""/Users/zhaoyue/orca/workspaces/westlake-harness-walls/benchmark/2026-09-29-westlake-port/runs/r15cfull-20260929T183604/5cd1e3dd00000000000000000923012c/anki/hilog.txt:32144"",""/Users/zhaoyue/orca/workspaces/westlake-harness-walls/benchmark/2026-09-29-westlake-port/runs/r15cfull-20260929T183604/5cd1e3dd00000000000000000923012c/fd-app/hilog.txt:37410"",""/Users/zhaoyue/orca/workspaces/westlake-harness-walls/benchmark/2026-09-29-westlake-port/runs/r15cfull-20260929T183604/5cd1e3dd00000000000000000923012c/fd-breezyweather/hilog.txt:29261"",""/Users/zhaoyue/orca/workspaces/westlake-harness-walls/benchmark/2026-09-29-westlake-port/runs/r15cfull-20260929T183604/5cd1e3dd00000000000000000923012c/fd-fennec_fdroid/hilog.txt:31810"",""/Users/zhaoyue/orca/workspaces/westlake-harness-walls/benchmark/2026-09-29-westlake-port/runs/r15cfull-20260929T183604/5cd1e3dd00000000000000000923012c/fd-im-vector-app/hilog.txt:36860"",""/Users/zhaoyue/orca/workspaces/westlake-harness-walls/benchmark/2026-09-29-westlake-port/runs/r15cfull-20260929T183604/5cd1e3dd00000000000000000923012c/fd-tusky/hilog.txt:33993"",""/Users/zhaoyue/orca/workspaces/westlake-harness-walls/benchmark/2026-09-29-westlake-port/runs/r15cfull-20260929T183604/5cd1e3dd00000000000000000923012c/fd-tutanota/hilog.txt:29472"",""/Users/zhaoyue/orca/workspaces/westlake-harness-walls/benchmark/2026-09-29-westlake-port/runs/r15cfull-20260929T183604/5cd1e3dd00000000000000000923012c/mcdonalds/hilog.txt:24517"",""/Users/zhaoyue/orca/workspaces/westlake-harness-walls/benchmark/2026-09-29-westlake-port/runs/r15cfull-20260929T183604/5cd1e3dd00000000000000000923012c/burgerking/hilog.txt:36981"",""/Users/zhaoyue/orca/workspaces/westlake-harness-walls/benchmark/2026-09-29-westlake-port/runs/r15cfull-20260929T183604/5cd1e3dd00000000000000000923012c/ppsspp/hilog.txt:22061"",""/Users/zhaoyue/orca/workspaces/westlake-harness-walls/benchmark/2026-09-29-westlake-port/runs/r15cfull-20260929T183604/5cd1e3dd00000000000000000923012c/mindustry/hilog.txt:35152""]"
common-event-jni,needs_real,False,True,2,10,"[""burgerking"",""fd-com-kunzisoft-keepass-libre"",""fd-etar"",""fd-gallery"",""fd-meet"",""fd-minetest"",""fd-tasks"",""firefox"",""termux"",""vlc""]",0,[],14,"[""aegis"",""fd-droidify"",""fd-noice"",""noice""]",null,null,"app input key, not unique package; shared latent walls are not additive lighting gains",Restore matching RegisterNatives signatures and CommonEvent bridge; do not hide missing JNI behind a success return.,"[""/Users/zhaoyue/orca/workspaces/westlake-harness-walls/benchmark/2026-09-29-westlake-port/runs/r15cfull-20260929T183604/5cd1e3dd00000000000000000923012c/termux/hilog.txt:24286"",""/Users/zhaoyue/orca/workspaces/westlake-harness-walls/benchmark/2026-09-29-westlake-port/runs/r15cfull-20260929T183604/5cd1e3dd00000000000000000923012c/fd-com-kunzisoft-keepass-libre/hilog.txt:29092"",""/Users/zhaoyue/orca/workspaces/westlake-harness-walls/benchmark/2026-09-29-westlake-port/runs/r15cfull-20260929T183604/5cd1e3dd00000000000000000923012c/fd-etar/hilog.txt:31313"",""/Users/zhaoyue/orca/workspaces/westlake-harness-walls/benchmark/2026-09-29-westlake-port/runs/r15cfull-20260929T183604/5cd1e3dd00000000000000000923012c/fd-gallery/hilog.txt:33657"",""/Users/zhaoyue/orca/workspaces/westlake-harness-walls/benchmark/2026-09-29-westlake-port/runs/r15cfull-20260929T183604/5cd1e3dd00000000000000000923012c/fd-meet/hilog.txt:23543"",""/Users/zhaoyue/orca/workspaces/westlake-harness-walls/benchmark/2026-09-29-westlake-port/runs/r15cfull-20260929T183604/5cd1e3dd00000000000000000923012c/fd-minetest/hilog.txt:31557"",""/Users/zhaoyue/orca/workspaces/westlake-harness-walls/benchmark/2026-09-29-westlake-port/runs/r15cfull-20260929T183604/5cd1e3dd00000000000000000923012c/fd-tasks/hilog.txt:33149"",""/Users/zhaoyue/orca/workspaces/westlake-harness-walls/benchmark/2026-09-29-westlake-port/runs/r15cfull-20260929T183604/5cd1e3dd00000000000000000923012c/burgerking/hilog.txt:28179"",""/Users/zhaoyue/orca/workspaces/westlake-harness-walls/benchmark/2026-09-29-westlake-port/runs/r15cfull-20260929T183604/5cd1e3dd00000000000000000923012c/firefox/hilog.txt:26165"",""/Users/zhaoyue/orca/workspaces/westlake-harness-walls/benchmark/2026-09-29-westlake-port/runs/r15cfull-20260929T183604/5cd1e3dd00000000000000000923012c/vlc/hilog.txt:40174""]"
guest-thread-ready,needs_real,False,True,3,6,"[""fd-fluffychat"",""fd-immich"",""fd-kitchenowl"",""fd-libre"",""fd-saber"",""localsend""]",0,[],6,[],null,null,"app input key, not unique package; shared latent walls are not additive lighting gains",Restore guest-thread entry protocol before Flutter/native loads; connectivity alone does not repair this.,"[""/Users/zhaoyue/orca/workspaces/westlake-harness-walls/benchmark/2026-09-29-westlake-port/runs/r15cfull-20260929T183604/5cd1e3dd00000000000000000923012c/fd-fluffychat/hilog.txt:26456"",""/Users/zhaoyue/orca/workspaces/westlake-harness-walls/benchmark/2026-09-29-westlake-port/runs/r15cfull-20260929T183604/5cd1e3dd00000000000000000923012c/fd-immich/hilog.txt:37555"",""/Users/zhaoyue/orca/workspaces/westlake-harness-walls/benchmark/2026-09-29-westlake-port/runs/r15cfull-20260929T183604/5cd1e3dd00000000000000000923012c/fd-kitchenowl/hilog.txt:17596"",""/Users/zhaoyue/orca/workspaces/westlake-harness-walls/benchmark/2026-09-29-westlake-port/runs/r15cfull-20260929T183604/5cd1e3dd00000000000000000923012c/fd-libre/hilog.txt:31066"",""/Users/zhaoyue/orca/workspaces/westlake-harness-walls/benchmark/2026-09-29-westlake-port/runs/r15cfull-20260929T183604/5cd1e3dd00000000000000000923012c/fd-saber/hilog.txt:28832"",""/Users/zhaoyue/orca/workspaces/westlake-harness-walls/benchmark/2026-09-29-westlake-port/runs/r15cfull-20260929T183604/5cd1e3dd00000000000000000923012c/localsend/hilog.txt:38842""]"
egl-camera-jni,needs_real,False,True,4,2,"[""fd-shatteredpixeldungeon"",""opencamera""]",0,[],2,[],null,null,"app input key, not unique package; shared latent walls are not additive lighting gains",Restore correct EGL/camera JNI entry points; camera first-screen requirements must be checked before proposing empty enumeration.,"[""/Users/zhaoyue/orca/workspaces/westlake-harness-walls/benchmark/2026-09-29-westlake-port/runs/r15cfull-20260929T183604/5cd1e3dd00000000000000000923012c/opencamera/hilog.txt:27802"",""/Users/zhaoyue/orca/workspaces/westlake-harness-walls/benchmark/2026-09-29-westlake-port/runs/r15cfull-20260929T183604/5cd1e3dd00000000000000000923012c/fd-shatteredpixeldungeon/hilog.txt:29320""]"
jna-native-resource,needs_real,False,True,5,2,"[""fd-fennec_fdroid"",""firefox""]",0,[],2,[],null,null,"app input key, not unique package; shared latent walls are not additive lighting gains",Restore APK/native resource extraction and JNA library lookup.,"[""/Users/zhaoyue/orca/workspaces/westlake-harness-walls/benchmark/2026-09-29-westlake-port/runs/r15cfull-20260929T183604/5cd1e3dd00000000000000000923012c/fd-fennec_fdroid/hilog.txt:31825"",""/Users/zhaoyue/orca/workspaces/westlake-harness-walls/benchmark/2026-09-29-westlake-port/runs/r15cfull-20260929T183604/5cd1e3dd00000000000000000923012c/firefox/hilog.txt:35698""]"
velocitytracker-jni,needs_real,False,True,6,2,"[""fd-auxio"",""fd-mpv""]",0,[],2,[],1840,7,"app input key, not unique package; shared latent walls are not additive lighting gains",Restore real VelocityTracker JNI registration/implementation for the loaded framework generation.,"[""/Users/zhaoyue/orca/workspaces/westlake-harness-walls/benchmark/2026-09-29-westlake-port/runs/r15cfull-20260929T183604/5cd1e3dd00000000000000000923012c/fd-auxio/hilog.txt:65841"",""/Users/zhaoyue/orca/workspaces/westlake-harness-walls/benchmark/2026-09-29-westlake-port/runs/r15cfull-20260929T183604/5cd1e3dd00000000000000000923012c/fd-mpv/hilog.txt:33259""]"
sharedpreferences-null,needs_real,False,True,7,1,"[""antennapod""]",0,[],1,[],8686,25,"app input key, not unique package; shared latent walls are not additive lighting gains",Restore Context preferences object and persistence contract; returning null or empty volatile storage is not equivalent.,"[""/Users/zhaoyue/orca/workspaces/westlake-harness-walls/benchmark/2026-09-29-westlake-port/runs/r15cfull-20260929T183604/5cd1e3dd00000000000000000923012c/antennapod/hilog.txt:32778""]"
theme-appcompat,needs_real,False,True,8,1,"[""fd-api""]",0,[],1,[],null,null,"app input key, not unique package; shared latent walls are not additive lighting gains",Restore actual theme/resource projection.,"[""/Users/zhaoyue/orca/workspaces/westlake-harness-walls/benchmark/2026-09-29-westlake-port/runs/r15cfull-20260929T183604/5cd1e3dd00000000000000000923012c/fd-api/hilog.txt:31352""]"
window-type-flags,needs_real,False,True,9,1,"[""markor""]",0,[],1,[],449,9,"app input key, not unique package; shared latent walls are not additive lighting gains","Reuse verified addToDisplay/relayout mapping; r15c still fails markor, so do not mark family globally repaired.","[""/Users/zhaoyue/orca/workspaces/westlake-harness-walls/benchmark/2026-09-29-westlake-port/runs/r15cfull-20260929T183604/5cd1e3dd00000000000000000923012c/markor/hilog.txt:31240""]"
network-permission,needs_real,False,True,10,0,[],2,"[""fd-noice"",""noice""]",2,[],null,null,"app input key, not unique package; shared latent walls are not additive lighting gains",Require actual child supplementary gid 3003 plus installed HAP ohos.permission.INTERNET; reinstall using corrected installer and verify real request.,"[""/Users/zhaoyue/orca/workspaces/westlake-harness-walls/benchmark/2026-09-29-westlake-port/runs/r15cfull-20260929T183604/5cd1e3dd00000000000000000923012c/fd-noice/hilog.txt:43586"",""/Users/zhaoyue/orca/workspaces/westlake-harness-walls/benchmark/2026-09-29-westlake-port/runs/r15cfull-20260929T183604/5cd1e3dd00000000000000000923012c/noice/hilog.txt:43709""]"
