task,app,profile,apk_sha256,eligible,observed_wall,v2_first,v3_first,v2_first_hit,v3_first_hit,v3_any_candidate_hit,frozen_prediction,strict_fatal_first_hit,evidenced_prerequisite_hit,reason
75,ooniprobe,6cb40cd6+r8b,7a5bc50be59ad5ed7526dd510a2128a6dc92ba08bd272e3645622783ba91a319,True,workmanager-initialization,sqlite-jni,dlopen-namespace,False,False,True,,,,"Retrospective, rules informed by this cohort; missing observed APK hash prevents exact-identity scoring."
75,fd-etar,6cb40cd6+r8b,dae01d93c8920aa63845868db2190bcc4aa6ff8410b1289de1ce27b1bb89c599,True,service:notification,activity-theme,attach-service-contract,False,False,True,,,,"Retrospective, rules informed by this cohort; missing observed APK hash prevents exact-identity scoring."
75,fd-fluffychat,6cb40cd6+r8b,edcdf6171c09ab39ed76447c1ee11c66503d922dfe4f36f2dd429f2f9c652481,True,flutter-native-path,activity-theme,flutter-native-path,False,True,True,,,,"Retrospective, rules informed by this cohort; missing observed APK hash prevents exact-identity scoring."
75,fd-immich,6cb40cd6+r8b,36b0d1368881ad6388b011d9a5bb91f7bd6133371d1eb585390c80232b9f22ea,True,flutter-native-path,service:jobscheduler,attach-service-contract,False,False,True,,,,"Retrospective, rules informed by this cohort; missing observed APK hash prevents exact-identity scoring."
75,fd-kitchenowl,6cb40cd6+r8b,c7fbb7a62636fc74f33ce443e4a844979782fd5ff3616d4c9cf80e0cf93645e1,True,flutter-native-path,activity-theme,flutter-native-path,False,True,True,,,,"Retrospective, rules informed by this cohort; missing observed APK hash prevents exact-identity scoring."
75,fd-minetest,6cb40cd6+r8b,87a136d408ed560d3d56e55ca2ac780deb7a8941635b16960c88831fb33f9233,True,activity-theme,activity-theme,activity-theme,True,True,True,,,,"Retrospective, rules informed by this cohort; missing observed APK hash prevents exact-identity scoring."
75,fd-mobile,6cb40cd6+r8b,f9f4b3ab46cc9434df811194c2d4351417f4db83a4c1a0facd0a662d69533f7f,True,koin-initialization,sqlite-jni,sqlite-jni,False,False,True,,,,"Retrospective, rules informed by this cohort; missing observed APK hash prevents exact-identity scoring."
75,fd-stk,6cb40cd6+r8b,4a01fa9b566a694f0576d86ef84cc867c7dc37ef446e7cbbbb2449e7bbb9d3c6,True,window-display-contract,unknown,dlopen-namespace,False,False,False,,,,"Retrospective, rules informed by this cohort; missing observed APK hash prevents exact-identity scoring."
75,localsend,6cb40cd6+r8b,82ec3568fba2aa5295b9aae8b76f701d7a4703d86b9f8bad749472038fbaeab3,True,flutter-native-path,activity-theme,flutter-native-path,False,True,True,,,,"Retrospective, rules informed by this cohort; missing observed APK hash prevents exact-identity scoring."
75,mindustry,6cb40cd6+r8b,96f8dacbd2de964a26079dcd1928b3e5ca7d9b99207571acc802f7c7cff34508,True,dlopen-namespace,service:connectivity,dlopen-namespace,False,True,True,,,,"Retrospective, rules informed by this cohort; missing observed APK hash prevents exact-identity scoring."
75,noice,6cb40cd6+r8b,bbb21d7321668031774b5fc2e44ce632d7b2538853e09083a258f127631e845d,True,activity-theme,service:jobscheduler,workmanager-initialization,False,False,True,,,,"Retrospective, rules informed by this cohort; missing observed APK hash prevents exact-identity scoring."
75,burgerking,6cb40cd6+r8b,635fe97c7cb00bbcd5ee0d1e00815addef23a930ef2225c6d7e3dd5c376c4502,True,dlopen-namespace,activity-theme,attach-service-contract,False,False,True,,,,"Retrospective, rules informed by this cohort; missing observed APK hash prevents exact-identity scoring."
78,wikipedia,,eba82a0f77940d8a6be5bd2e53723675a59859a6c8a51be5e50bd034fc77101f,False,resource-attribute,,,,,,unknown,False,False,no row for this APK key
78,termux,,e6265a57eb5ca363808488e3b01955958bed93bc0c8a0d281849b363b11027ec,False,service-bind-contract,,,,,,unknown,False,False,no row for this APK key
78,ooniprobe,,7a5bc50be59ad5ed7526dd510a2128a6dc92ba08bd272e3645622783ba91a319,True,workmanager-initialization,,,,,,service:jobscheduler,False,True,Frozen OONI service row; actual final fatal differs from its prerequisite.
78,antennapod,,3f43a4337a693cdb49141afe06cb596e88c796009ed77bff51e9444ce2d1ebfc,False,attach-context-contract,,,,,,unknown,False,False,no row for this APK key
78,aegis,,0eecec45de0da3ff1358004b51e2960d9178551643a6ed44f6496ea9ec999c19,False,window-display-contract,,,,,,unknown,False,False,no row for this APK key
78,fd-AppManager,,e1f6ba10812c74016ad626e11e27a1ae450aec2c0964a11466abb9e7a9c8ef84,False,unknown,,,,,,unknown,False,False,no row for this APK key
78,fd-auxio,,c2053d36c28dbe74de40eadcd8978ec874c465ed3352bba655d4b2b364780b45,False,unknown,,,,,,unknown,False,False,no row for this APK key
78,fd-com-amaze-filemanager,,35e0338dac1bf026f22d91e1b096c1c6eff1424ad7d6be52a7f8d3fe50987530,False,unknown,,,,,,unknown,False,False,no row for this APK key
78,fd-com-kunzisoft-keepass-libre,,862f87a30baef06181f049adf7c460611605b25a807eaf3c25841a9dd84bed9e,False,unknown,,,,,,unknown,False,False,no row for this APK key
78,fd-droidify,,da3070f3f18bdbed1eab666677afd39e4b19a60c70f0bfca68a5730147f81f10,False,unknown,,,,,,unknown,False,False,no row for this APK key
78,fd-fitness,,e1708c7c4256748a5825e3f898a6898dac8a0988f6499c78d63ea48bbf8f352b,False,activity-theme,,,,,,unknown,False,False,no row for this APK key
78,fd-netguard,,158b4308da0006298d22ed557adbff24b282fddeb1bc0b3468829a60f405a8c4,False,dlopen-namespace,,,,,,unknown,False,False,no row for this APK key
78,fd-noice,,8e11b3136977e9f5dc897de85c26add9a219ea61884feabcbcd4e33566d5d2ca,False,unknown,,,,,,unknown,False,False,"no exact row; noice alias has different APK SHA bbb21d73 vs target fd-noice 8e11b313, cannot substitute"
