app,apk_sha256,frozen_prediction,exact_apk_match,reason
wikipedia,eba82a0f77940d8a6be5bd2e53723675a59859a6c8a51be5e50bd034fc77101f,unknown,False,no row for this APK key
termux,e6265a57eb5ca363808488e3b01955958bed93bc0c8a0d281849b363b11027ec,unknown,False,no row for this APK key
antennapod,3f43a4337a693cdb49141afe06cb596e88c796009ed77bff51e9444ce2d1ebfc,unknown,False,no row for this APK key
aegis,0eecec45de0da3ff1358004b51e2960d9178551643a6ed44f6496ea9ec999c19,unknown,False,no row for this APK key
fd-AppManager,e1f6ba10812c74016ad626e11e27a1ae450aec2c0964a11466abb9e7a9c8ef84,unknown,False,no row for this APK key
fd-auxio,c2053d36c28dbe74de40eadcd8978ec874c465ed3352bba655d4b2b364780b45,unknown,False,no row for this APK key
fd-com-amaze-filemanager,35e0338dac1bf026f22d91e1b096c1c6eff1424ad7d6be52a7f8d3fe50987530,unknown,False,no row for this APK key
fd-com-kunzisoft-keepass-libre,862f87a30baef06181f049adf7c460611605b25a807eaf3c25841a9dd84bed9e,unknown,False,no row for this APK key
fd-droidify,da3070f3f18bdbed1eab666677afd39e4b19a60c70f0bfca68a5730147f81f10,unknown,False,no row for this APK key
fd-fitness,e1708c7c4256748a5825e3f898a6898dac8a0988f6499c78d63ea48bbf8f352b,unknown,False,no row for this APK key
fd-netguard,158b4308da0006298d22ed557adbff24b282fddeb1bc0b3468829a60f405a8c4,unknown,False,no row for this APK key
fd-noice,8e11b3136977e9f5dc897de85c26add9a219ea61884feabcbcd4e33566d5d2ca,unknown,False,"no exact row; noice alias has different APK SHA bbb21d73 vs target fd-noice 8e11b313, cannot substitute"
