key,prediction,criterion
helloworld,regression_control,retain app UI
zigzag,observational_only,known non-gating plus APK versus sealed sidecar variable
fd-k9,may_advance,BLAST 13/13 and upgrade page first frame
fd-tusky,may_advance,BLAST 13/13 and login page first frame
fd-AppManager,may_advance,BLAST 13/13 and validation page first frame
termux,unknown,inspect screenshot and first fatal
fd-mobile,unknown,inspect screenshot and first fatal
fd-droidify,regression_control,retain app UI from cc-t3 r17q
fd-auxio,regression_control,retain five tab app UI
