key,apk_same,old_background,new_background,old_internet,new_internet,old_launcher,new_launcher,launcher_changed,old_startability_codes,new_startability_codes,old_background_denials,new_background_denials,old_lit,new_lit,installer_mechanism,installer_effect_causal
wikipedia,True,granted,absent,granted,granted,org.wikipedia.DefaultIcon,org.wikipedia.DefaultIcon,False,[0],[0],[],"[{""line"": 51702, ""trace"": ""a92ab12e3082cbf"", ""text"": ""09-30 05:31:28.545  1945  2292 W C0420a/WMSLife: [a92ab12e3082cbf, 3fbed01, 3d4328b] scene_session.cpp DisallowActivationFromPendingBackground: no permission to start ability from Background, id:286""}]",no,pending_outer_review,background_grant_lost_and_trace_linked_WMS_denial; UI_effect_pending,unknown; board/JAR/installer/protocol/app state change together
termux,True,granted,absent,granted,granted,com.termux.app.TermuxActivity,com.termux.app.TermuxActivity,False,[2097205],[2097205],[],[],no,pending_outer_review,background_grant_lost_and_nonzero_dispatch; causal_link_unproven,unknown; board/JAR/installer/protocol/app state change together
ooniprobe,True,granted,absent,granted,granted,org.ooni.probe.MainActivity,org.ooni.probe.MainActivity,False,[],[],[],[],yes,pending_outer_review,background_grant_lost; impact_unproven,unknown; board/JAR/installer/protocol/app state change together
antennapod,True,granted,absent,granted,granted,de.danoeh.antennapod.activity.SplashActivity,de.danoeh.antennapod.activity.SplashActivity,False,[0],[0],[],[],no,pending_outer_review,background_grant_lost; impact_unproven,unknown; board/JAR/installer/protocol/app state change together
aegis,True,granted,absent,absent,absent,com.beemdevelopment.aegis.ui.MainActivity,com.beemdevelopment.aegis.ui.MainActivity,False,[0],[0],[],"[{""line"": 36286, ""trace"": ""a92ab12ef0650b0"", ""text"": ""09-30 05:34:40.419  1945  2292 W C0420a/WMSLife: [a92ab12ef0650b0, 262ad90, 1b632b4] scene_session.cpp DisallowActivationFromPendingBackground: no permission to start ability from Background, id:295""}]",yes,pending_outer_review,background_grant_lost_and_trace_linked_WMS_denial; UI_effect_pending,unknown; board/JAR/installer/protocol/app state change together
fd-AppManager,True,granted,absent,granted,granted,io.github.muntashirakon.AppManager.main.SplashActivity,io.github.muntashirakon.AppManager.main.SplashActivity,False,[0],[0],[],"[{""line"": 41296, ""trace"": ""a92ab12f248946d"", ""text"": ""09-30 05:35:32.567  1945  2292 W C0420a/WMSLife: [a92ab12f248946d, 20d9077, 3d3ec6b] scene_session.cpp DisallowActivationFromPendingBackground: no permission to start ability from Background, id:297""}]",no,pending_outer_review,background_grant_lost_and_trace_linked_WMS_denial; UI_effect_pending,unknown; board/JAR/installer/protocol/app state change together
fd-auxio,True,granted,absent,absent,absent,org.oxycblt.auxio.MainActivity,org.oxycblt.auxio.MainActivity,False,[2097205],[2097205],[],[],yes,pending_outer_review,background_grant_lost_and_nonzero_dispatch; causal_link_unproven,unknown; board/JAR/installer/protocol/app state change together
fd-com-amaze-filemanager,True,granted,absent,granted,granted,com.amaze.filemanager.ui.activities.MainActivity,com.amaze.filemanager.ui.activities.MainActivity,False,[],[],[],[],no,pending_outer_review,background_grant_lost; impact_unproven,unknown; board/JAR/installer/protocol/app state change together
fd-com-kunzisoft-keepass-libre,True,granted,absent,absent,absent,com.kunzisoft.keepass.activities.FileDatabaseSelectActivity,com.kunzisoft.keepass.activities.FileDatabaseSelectActivity,False,[],[],[],[],yes,pending_outer_review,background_grant_lost; impact_unproven,unknown; board/JAR/installer/protocol/app state change together
fd-droidify,True,granted,absent,granted,granted,com.looker.droidify.MainActivity,com.looker.droidify.MainActivity,False,[],"[2097205, 2097205, 2097205, 2097205]",[],[],no,pending_outer_review,background_grant_lost_and_nonzero_dispatch; causal_link_unproven,unknown; board/JAR/installer/protocol/app state change together
fd-fitness,True,granted,absent,granted,granted,de.tadris.fitness.ui.MainActivity,de.tadris.fitness.ui.MainActivity,False,[],[],[],[],yes,pending_outer_review,background_grant_lost; impact_unproven,unknown; board/JAR/installer/protocol/app state change together
fd-netguard,True,granted,absent,granted,granted,eu.faircode.netguard.ActivityMain,eu.faircode.netguard.ActivityMain,False,[2097205],[2097205],[],[],yes,pending_outer_review,background_grant_lost_and_nonzero_dispatch; causal_link_unproven,unknown; board/JAR/installer/protocol/app state change together
fd-noice,True,granted,absent,granted,granted,com.github.ashutoshgngwr.noice.activity.MainActivity,com.github.ashutoshgngwr.noice.activity.MainActivity,False,[0],[0],[],"[{""line"": 43991, ""trace"": ""a92ab130744e68c"", ""text"": ""09-30 05:41:08.326  1945  2292 W C0420a/WMSLife: [a92ab130744e68c, d8ad95, 3ffe16e] scene_session.cpp DisallowActivationFromPendingBackground: no permission to start ability from Background, id:313""}]",no,pending_outer_review,background_grant_lost_and_trace_linked_WMS_denial; UI_effect_pending,unknown; board/JAR/installer/protocol/app state change together
anki,True,granted,absent,granted,granted,com.ichi2.anki.IntentHandler,leakcanary.internal.activity.LeakLauncherActivity,True,[0],[],[],[],no,pending_outer_review,launcher_selection_changed; outcome_confounded,unknown; board/JAR/installer/protocol/app state change together
newpipe,True,granted,absent,granted,granted,org.schabi.newpipe.MainActivity,org.schabi.newpipe.MainActivity,False,[],[],[],[],no,pending_outer_review,background_grant_lost; impact_unproven,unknown; board/JAR/installer/protocol/app state change together
markor,True,granted,absent,granted,granted,net.gsantner.markor.activity.MainActivity,net.gsantner.markor.activity.MainActivity,False,[0],[0],[],"[{""line"": 38066, ""trace"": ""a92ab131078d10a"", ""text"": ""09-30 05:43:35.586  1945  2292 W C0420a/WMSLife: [a92ab131078d10a, 432833, 2950cd2] scene_session.cpp DisallowActivationFromPendingBackground: no permission to start ability from Background, id:320""}]",no,pending_outer_review,background_grant_lost_and_trace_linked_WMS_denial; UI_effect_pending,unknown; board/JAR/installer/protocol/app state change together
opencamera,True,granted,absent,absent,absent,net.sourceforge.opencamera.MainActivity,net.sourceforge.opencamera.MainActivity,False,[],[],[],[],no,pending_outer_review,background_grant_lost; impact_unproven,unknown; board/JAR/installer/protocol/app state change together
fd-android,True,granted,absent,granted,granted,net.thunderbird.app.common.MainActivity,net.thunderbird.app.common.MainActivity,False,[2097205],[0],[],"[{""line"": 60691, ""trace"": ""a92ab131684f279"", ""text"": ""09-30 05:45:12.331  1945  2292 W C0420a/WMSLife: [a92ab131684f279, 16efa0b, 688012] scene_session.cpp DisallowActivationFromPendingBackground: no permission to start ability from Background, id:323""}]",yes,pending_outer_review,background_grant_lost_and_trace_linked_WMS_denial; UI_effect_pending,unknown; board/JAR/installer/protocol/app state change together
fd-api,True,granted,absent,granted,granted,com.termux.api.activities.TermuxAPILauncherActivity,com.termux.api.activities.TermuxAPILauncherActivity,False,[],[],[],[],no,pending_outer_review,background_grant_lost; impact_unproven,unknown; board/JAR/installer/protocol/app state change together
fd-app,True,granted,unknown,granted,unknown,com.unciv.app.AndroidLauncher,unknown,unknown,[],[],[],[],no,not_observed_prelaunch,no_mechanism_difference_demonstrated_or_unknown,unknown; board/JAR/installer/protocol/app state change together
fd-breezyweather,unknown,granted,unknown,granted,unknown,org.breezyweather.ui.main.MainActivity,unknown,unknown,[],[],[],[],no,pending_outer_review,identity_unknown_or_changed,unknown; board/JAR/installer/protocol/app state change together
fd-calendar,unknown,granted,unknown,absent,unknown,org.fossify.calendar.activities.SplashActivity.Green,unknown,unknown,[0],[],[],[],no,pending_outer_review,identity_unknown_or_changed,unknown; board/JAR/installer/protocol/app state change together
fd-catima,unknown,granted,unknown,absent,unknown,protect.card_locker.MainActivity,unknown,unknown,[],[],[],[],no,pending_outer_review,identity_unknown_or_changed,unknown; board/JAR/installer/protocol/app state change together
fd-etar,unknown,granted,unknown,absent,unknown,com.android.calendar.AllInOneActivity,unknown,unknown,[2097199],[],[],[],no,pending_outer_review,identity_unknown_or_changed,unknown; board/JAR/installer/protocol/app state change together
fd-feeder,unknown,granted,unknown,granted,unknown,com.nononsenseapps.feeder.ui.MainActivity,unknown,unknown,[],[],[],[],no,pending_outer_review,identity_unknown_or_changed,unknown; board/JAR/installer/protocol/app state change together
fd-fennec_fdroid,unknown,granted,unknown,granted,unknown,org.mozilla.fennec_fdroid.App,unknown,unknown,[],[],[],[],no,pending_outer_review,identity_unknown_or_changed,unknown; board/JAR/installer/protocol/app state change together
fd-filemanager,unknown,granted,unknown,absent,unknown,org.fossify.filemanager.activities.SplashActivity.Green,unknown,unknown,[0],[],[],[],yes,pending_outer_review,identity_unknown_or_changed,unknown; board/JAR/installer/protocol/app state change together
fd-fluffychat,unknown,granted,unknown,granted,unknown,chat.fluffy.fluffychat.MainActivity,unknown,unknown,[],[],[],[],no,pending_outer_review,identity_unknown_or_changed,unknown; board/JAR/installer/protocol/app state change together
fd-gallery,unknown,granted,unknown,absent,unknown,org.fossify.gallery.activities.SplashActivity.Green,unknown,unknown,[0],[],[],[],no,pending_outer_review,identity_unknown_or_changed,unknown; board/JAR/installer/protocol/app state change together
fd-im-vector-app,unknown,granted,unknown,granted,unknown,im.vector.application.features.Alias,unknown,unknown,[],[],[],[],no,pending_outer_review,identity_unknown_or_changed,unknown; board/JAR/installer/protocol/app state change together
fd-immich,unknown,granted,unknown,granted,unknown,app.alextran.immich.MainActivity,unknown,unknown,[],[],[],[],no,pending_outer_review,identity_unknown_or_changed,unknown; board/JAR/installer/protocol/app state change together
fd-k9,unknown,granted,unknown,granted,unknown,net.thunderbird.app.common.MainActivity,unknown,unknown,[2097205],[],[],[],yes,pending_outer_review,identity_unknown_or_changed,unknown; board/JAR/installer/protocol/app state change together
fd-kitchenowl,unknown,granted,unknown,granted,unknown,com.tombursch.kitchenowl.MainActivity,unknown,unknown,[],[],[],[],no,pending_outer_review,identity_unknown_or_changed,unknown; board/JAR/installer/protocol/app state change together
fd-libre,unknown,granted,unknown,granted,unknown,deckers.thibault.aves.MainActivity,unknown,unknown,[],[],[],[],no,pending_outer_review,identity_unknown_or_changed,unknown; board/JAR/installer/protocol/app state change together
fd-libretube,unknown,granted,unknown,granted,unknown,com.github.libretube.Default,unknown,unknown,[],[],[],[],no,pending_outer_review,identity_unknown_or_changed,unknown; board/JAR/installer/protocol/app state change together
fd-meet,unknown,granted,unknown,granted,unknown,org.jitsi.meet.MainActivity,unknown,unknown,[],[],[],[],no,pending_outer_review,identity_unknown_or_changed,unknown; board/JAR/installer/protocol/app state change together
fd-minetest,unknown,granted,unknown,granted,unknown,net.minetest.minetest.MainActivity,unknown,unknown,[2097205],[],[],[],yes,pending_outer_review,identity_unknown_or_changed,unknown; board/JAR/installer/protocol/app state change together
fd-mpv,unknown,granted,unknown,granted,unknown,is.xyz.mpv.MainActivity,unknown,unknown,[],[],[],[],yes,pending_outer_review,identity_unknown_or_changed,unknown; board/JAR/installer/protocol/app state change together
fd-musicplayer,unknown,granted,unknown,absent,unknown,org.fossify.musicplayer.activities.SplashActivity.Green,unknown,unknown,[0],[],[],[],no,pending_outer_review,identity_unknown_or_changed,unknown; board/JAR/installer/protocol/app state change together
fd-notes,unknown,granted,unknown,absent,unknown,org.fossify.notes.activities.SplashActivity.Green,unknown,unknown,[0],[],[],[],yes,pending_outer_review,identity_unknown_or_changed,unknown; board/JAR/installer/protocol/app state change together
fd-organicmaps,unknown,granted,unknown,granted,unknown,app.organicmaps.DownloadResourcesActivity,unknown,unknown,[],[],[],[],no,pending_outer_review,identity_unknown_or_changed,unknown; board/JAR/installer/protocol/app state change together
fd-plus,unknown,granted,unknown,granted,unknown,net.osmand.plus.activities.MapActivity,unknown,unknown,[],[],[],[],no,pending_outer_review,identity_unknown_or_changed,unknown; board/JAR/installer/protocol/app state change together
fd-reader,unknown,granted,unknown,granted,unknown,me.ash.reader.infrastructure.android.MainActivity,unknown,unknown,[],[],[],[],no,pending_outer_review,identity_unknown_or_changed,unknown; board/JAR/installer/protocol/app state change together
fd-saber,unknown,granted,unknown,granted,unknown,com.adilhanney.saber.MainActivity,unknown,unknown,[2097205],[],[],[],no,pending_outer_review,identity_unknown_or_changed,unknown; board/JAR/installer/protocol/app state change together
fd-seal,unknown,unknown,unknown,unknown,unknown,unknown,unknown,unknown,[],[],[],[],unknown,pending_outer_review,identity_unknown_or_changed,unknown; board/JAR/installer/protocol/app state change together
fd-shatteredpixeldungeon,unknown,granted,unknown,granted,unknown,com.shatteredpixel.shatteredpixeldungeon.android.AndroidLauncher,unknown,unknown,[0],[],[],[],no,pending_outer_review,identity_unknown_or_changed,unknown; board/JAR/installer/protocol/app state change together
fd-tasks,unknown,granted,unknown,granted,unknown,com.todoroo.astrid.activity.TaskListActivity,unknown,unknown,[],[],[],[],no,pending_outer_review,identity_unknown_or_changed,unknown; board/JAR/installer/protocol/app state change together
fd-tusky,unknown,granted,unknown,granted,unknown,com.keylesspalace.tusky.MainActivity,unknown,unknown,[],[],[],[],no,pending_outer_review,identity_unknown_or_changed,unknown; board/JAR/installer/protocol/app state change together
fd-tutanota,unknown,granted,unknown,granted,unknown,de.tutao.tutanota.MainActivity,unknown,unknown,[],[],[],[],no,pending_outer_review,identity_unknown_or_changed,unknown; board/JAR/installer/protocol/app state change together
fd-uhabits,unknown,granted,unknown,absent,unknown,org.isoron.uhabits.MainActivity,unknown,unknown,[],[],[],[],no,pending_outer_review,identity_unknown_or_changed,unknown; board/JAR/installer/protocol/app state change together
fd-wifianalyzer,unknown,granted,unknown,absent,unknown,com.vrem.wifianalyzer.MainActivity,unknown,unknown,[],[],[],[],no,pending_outer_review,identity_unknown_or_changed,unknown; board/JAR/installer/protocol/app state change together
fd-stk,unknown,granted,unknown,granted,unknown,org.supertuxkart.stk.SuperTuxKartActivity,unknown,unknown,[],[],[],[],yes,pending_outer_review,identity_unknown_or_changed,unknown; board/JAR/installer/protocol/app state change together
fd-mobile,unknown,granted,unknown,granted,unknown,org.jellyfin.mobile.MainActivity,unknown,unknown,[],[],[],[],no,pending_outer_review,identity_unknown_or_changed,unknown; board/JAR/installer/protocol/app state change together
fd-client,unknown,granted,unknown,granted,unknown,com.nmc.android.ui.LauncherActivity,unknown,unknown,[],[],[],[],no,pending_outer_review,identity_unknown_or_changed,unknown; board/JAR/installer/protocol/app state change together
fd-binaryeye,unknown,granted,unknown,granted,unknown,de.markusfisch.android.binaryeye.activity.SplashActivity,unknown,unknown,[0],[],[],[],no,pending_outer_review,identity_unknown_or_changed,unknown; board/JAR/installer/protocol/app state change together
toutiao,unknown,unknown,unknown,unknown,unknown,unknown,unknown,unknown,[],[],[],[],unknown,pending_outer_review,identity_unknown_or_changed,unknown; board/JAR/installer/protocol/app state change together
mcdonalds,unknown,granted,unknown,granted,unknown,com.mcdonalds.mcdcoreapp.common.activity.SplashActivity,unknown,unknown,[],[],[],[],no,pending_outer_review,identity_unknown_or_changed,unknown; board/JAR/installer/protocol/app state change together
burgerking,unknown,granted,unknown,granted,unknown,com.emn8.mobilem8.nativeapp.bk.MainActivity,unknown,unknown,[],[],[],[],no,pending_outer_review,identity_unknown_or_changed,unknown; board/JAR/installer/protocol/app state change together
subwaysurfers,unknown,unknown,unknown,unknown,unknown,unknown,unknown,unknown,[],[],[],[],unknown,pending_outer_review,identity_unknown_or_changed,unknown; board/JAR/installer/protocol/app state change together
firefox,unknown,granted,unknown,granted,unknown,org.mozilla.firefox.App,unknown,unknown,[],[],[],[],no,pending_outer_review,identity_unknown_or_changed,unknown; board/JAR/installer/protocol/app state change together
vlc,unknown,granted,unknown,granted,unknown,org.videolan.vlc.StartActivity,unknown,unknown,[0],[],[],[],no,pending_outer_review,identity_unknown_or_changed,unknown; board/JAR/installer/protocol/app state change together
localsend,unknown,granted,unknown,granted,unknown,org.localsend.localsend_app.MainActivity,unknown,unknown,[],[],[],[],no,pending_outer_review,identity_unknown_or_changed,unknown; board/JAR/installer/protocol/app state change together
ppsspp,unknown,granted,unknown,granted,unknown,org.ppsspp.ppsspp.PpssppActivity,unknown,unknown,[],[],[],[],no,pending_outer_review,identity_unknown_or_changed,unknown; board/JAR/installer/protocol/app state change together
mindustry,unknown,granted,unknown,granted,unknown,mindustry.android.AndroidLauncher,unknown,unknown,[],[],[],[],no,pending_outer_review,identity_unknown_or_changed,unknown; board/JAR/installer/protocol/app state change together
x,unknown,granted,unknown,granted,unknown,com.twitter.android.StartActivity,unknown,unknown,[],[],[],[],no,pending_outer_review,identity_unknown_or_changed,unknown; board/JAR/installer/protocol/app state change together
noice,unknown,granted,unknown,granted,unknown,com.github.ashutoshgngwr.noice.activity.MainActivity,unknown,unknown,[0],[],[],[],no,pending_outer_review,identity_unknown_or_changed,unknown; board/JAR/installer/protocol/app state change together
