app,apk_sha256,status,rows,absent_classes,absent_reference_or_prerequisite_rows,startup_absent_classes,startup_absent_rows,unknown_service_rows
burgerking,635fe97c7cb00bbcd5ee0d1e00815addef23a930ef2225c6d7e3dd5c376c4502,scanned,281070,27,248,1,2,156
fd-android,1e4a2e23a4bff8c8d96eae7ed809f1ebd05a4ab24650ab792c226749dd51d936,scanned,118605,7,84,2,15,105
fd-binaryeye,428c26249c706bd79610d03a1a985dcc0efd9dd5469fc9be92c703459a4d5f93,scanned,36184,11,41,0,0,39
fd-catima,4f01f40d06d82fc5b8cfbbc5eccd083151a86564fbd4fa420eb54aaebf668b71,scanned,49578,8,46,1,8,72
fd-etar,dae01d93c8920aa63845868db2190bcc4aa6ff8410b1289de1ce27b1bb89c599,scanned,135891,24,166,1,4,113
fd-fennec_fdroid,27f2951376ca1085e0933066c902fdfe4d260916d381e233475c5fd6964f5745,scanned,243180,15,108,1,5,195
fd-fluffychat,edcdf6171c09ab39ed76447c1ee11c66503d922dfe4f36f2dd429f2f9c652481,scanned,93671,13,60,0,0,102
fd-immich,36b0d1368881ad6388b011d9a5bb91f7bd6133371d1eb585390c80232b9f22ea,scanned,92981,41,309,5,15,121
fd-k9,92cd3a81c7a8d066e517a50932fe85424de7752cb72e76032174d53ec36a2741,scanned,118560,7,84,2,15,105
fd-kitchenowl,c7fbb7a62636fc74f33ce443e4a844979782fd5ff3616d4c9cf80e0cf93645e1,scanned,35490,1,5,0,0,44
fd-libre,25f986a8cae2c2086c939b0ca17f10d1cafdf82e7db20679810cb93018e6a39a,scanned,48350,7,41,1,1,83
fd-minetest,87a136d408ed560d3d56e55ca2ac780deb7a8941635b16960c88831fb33f9233,scanned,58639,12,54,0,0,48
fd-mobile,f9f4b3ab46cc9434df811194c2d4351417f4db83a4c1a0facd0a662d69533f7f,scanned,96326,12,113,2,16,59
fd-saber,5e2e3691288fdac77f988bbe26a3c557942b4fd5b4151f37ef0b8f6352127092,scanned,32535,5,21,0,0,61
fd-stk,4a01fa9b566a694f0576d86ef84cc867c7dc37ef446e7cbbbb2449e7bbb9d3c6,scanned,2790,7,41,0,0,15
localsend,82ec3568fba2aa5295b9aae8b76f701d7a4703d86b9f8bad749472038fbaeab3,scanned,40357,8,33,0,0,72
mindustry,96f8dacbd2de964a26079dcd1928b3e5ca7d9b99207571acc802f7c7cff34508,scanned,55938,13,374,0,0,8
noice,bbb21d7321668031774b5fc2e44ce632d7b2538853e09083a258f127631e845d,scanned,61875,5,35,1,4,52
ooniprobe,7a5bc50be59ad5ed7526dd510a2128a6dc92ba08bd272e3645622783ba91a319,scanned,67475,8,60,2,10,35
opencamera,ca5672ca8c7174554ca0b07b5b26e505817a05142f571cf2abe67e790c30249c,scanned,74011,13,41,0,0,83
wikipedia,eba82a0f77940d8a6be5bd2e53723675a59859a6c8a51be5e50bd034fc77101f,scanned,114616,20,119,1,11,112
termux,e6265a57eb5ca363808488e3b01955958bed93bc0c8a0d281849b363b11027ec,scanned,31988,1,2,0,0,35
antennapod,3f43a4337a693cdb49141afe06cb596e88c796009ed77bff51e9444ce2d1ebfc,scanned,111029,9,73,1,8,73
aegis,0eecec45de0da3ff1358004b51e2960d9178551643a6ed44f6496ea9ec999c19,scanned,57447,3,10,0,0,66
fd-AppManager,e1f6ba10812c74016ad626e11e27a1ae450aec2c0964a11466abb9e7a9c8ef84,scanned,329399,90,266,5,10,91
fd-auxio,c2053d36c28dbe74de40eadcd8978ec874c465ed3352bba655d4b2b364780b45,scanned,53873,4,10,0,0,55
fd-com-amaze-filemanager,35e0338dac1bf026f22d91e1b096c1c6eff1424ad7d6be52a7f8d3fe50987530,scanned,108072,11,34,0,0,65
fd-com-kunzisoft-keepass-libre,862f87a30baef06181f049adf7c460611605b25a807eaf3c25841a9dd84bed9e,scanned,189493,15,42,0,0,90
fd-droidify,da3070f3f18bdbed1eab666677afd39e4b19a60c70f0bfca68a5730147f81f10,scanned,71886,6,65,2,15,66
fd-fitness,e1708c7c4256748a5825e3f898a6898dac8a0988f6499c78d63ea48bbf8f352b,scanned,80576,17,125,2,12,52
fd-netguard,158b4308da0006298d22ed557adbff24b282fddeb1bc0b3468829a60f405a8c4,scanned,25086,2,53,1,3,37
fd-noice,8e11b3136977e9f5dc897de85c26add9a219ea61884feabcbcd4e33566d5d2ca,scanned,62773,6,37,2,5,57
