class,startup_affected_apps,all_reference_apps,full_reference_or_prerequisite_rows,startup_apps,all_apps
android/net/IConnectivityManager,15,28,735,"[""antennapod"",""burgerking"",""fd-android"",""fd-droidify"",""fd-etar"",""fd-fennec_fdroid"",""fd-fitness"",""fd-immich"",""fd-k9"",""fd-libre"",""fd-netguard"",""fd-noice"",""noice"",""ooniprobe"",""wikipedia""]","[""aegis"",""antennapod"",""burgerking"",""fd-AppManager"",""fd-android"",""fd-auxio"",""fd-binaryeye"",""fd-com-amaze-filemanager"",""fd-com-kunzisoft-keepass-libre"",""fd-droidify"",""fd-etar"",""fd-fennec_fdroid"",""fd-fitness"",""fd-fluffychat"",""fd-immich"",""fd-k9"",""fd-libre"",""fd-minetest"",""fd-mobile"",""fd-netguard"",""fd-noice"",""fd-saber"",""localsend"",""mindustry"",""noice"",""ooniprobe"",""opencamera"",""wikipedia""]"
android/view/RenderNode,8,10,329,"[""fd-android"",""fd-catima"",""fd-droidify"",""fd-fitness"",""fd-immich"",""fd-k9"",""fd-mobile"",""ooniprobe""]","[""fd-android"",""fd-catima"",""fd-droidify"",""fd-fennec_fdroid"",""fd-fitness"",""fd-immich"",""fd-k9"",""fd-mobile"",""ooniprobe"",""wikipedia""]"
android/net/nsd/NsdManager,1,10,33,"[""fd-immich""]","[""burgerking"",""fd-AppManager"",""fd-binaryeye"",""fd-com-kunzisoft-keepass-libre"",""fd-immich"",""fd-minetest"",""fd-mobile"",""fd-noice"",""noice"",""opencamera""]"
android/net/wifi/WifiManager$WifiLock,1,9,27,"[""fd-noice""]","[""antennapod"",""burgerking"",""fd-auxio"",""fd-fluffychat"",""fd-immich"",""fd-mobile"",""fd-noice"",""localsend"",""termux""]"
android/net/nsd/NsdManager$ResolveListener,1,3,5,"[""fd-immich""]","[""burgerking"",""fd-AppManager"",""fd-immich""]"
android/net/nsd/NsdServiceInfo,1,3,30,"[""fd-immich""]","[""burgerking"",""fd-AppManager"",""fd-immich""]"
android/hardware/biometrics/PromptContentView,1,1,5,"[""fd-AppManager""]","[""fd-AppManager""]"
android/hardware/biometrics/PromptContentViewWithMoreOptionsButton,1,1,1,"[""fd-AppManager""]","[""fd-AppManager""]"
android/hardware/biometrics/PromptContentViewWithMoreOptionsButton$Builder,1,1,1,"[""fd-AppManager""]","[""fd-AppManager""]"
android/hardware/biometrics/PromptVerticalListContentView,1,1,1,"[""fd-AppManager""]","[""fd-AppManager""]"
android/hardware/biometrics/PromptVerticalListContentView$Builder,1,1,4,"[""fd-AppManager""]","[""fd-AppManager""]"
android/view/HardwareCanvas,1,1,1,"[""fd-mobile""]","[""fd-mobile""]"
android/view/ScrollFeedbackProvider,0,21,65,[],"[""aegis"",""antennapod"",""burgerking"",""fd-AppManager"",""fd-android"",""fd-auxio"",""fd-binaryeye"",""fd-catima"",""fd-droidify"",""fd-etar"",""fd-fennec_fdroid"",""fd-fitness"",""fd-fluffychat"",""fd-immich"",""fd-k9"",""fd-libre"",""fd-mobile"",""fd-saber"",""localsend"",""ooniprobe"",""wikipedia""]"
android/bluetooth/BluetoothManager,0,14,22,[],"[""fd-AppManager"",""fd-binaryeye"",""fd-catima"",""fd-com-kunzisoft-keepass-libre"",""fd-immich"",""fd-libre"",""fd-minetest"",""fd-mobile"",""fd-noice"",""fd-saber"",""fd-stk"",""localsend"",""noice"",""opencamera""]"
android/net/ssl/SSLSockets,0,11,24,[],"[""antennapod"",""burgerking"",""fd-android"",""fd-com-amaze-filemanager"",""fd-droidify"",""fd-immich"",""fd-k9"",""fd-mobile"",""fd-noice"",""noice"",""wikipedia""]"
android/provider/MediaStore$Video$Thumbnails,0,11,14,[],"[""aegis"",""antennapod"",""burgerking"",""fd-android"",""fd-com-amaze-filemanager"",""fd-immich"",""fd-k9"",""fd-libre"",""fd-netguard"",""localsend"",""opencamera""]"
android/bluetooth/BluetoothAdapter,0,10,28,[],"[""fd-binaryeye"",""fd-catima"",""fd-fitness"",""fd-immich"",""fd-libre"",""fd-minetest"",""fd-saber"",""fd-stk"",""localsend"",""opencamera""]"
android/view/DisplayListCanvas,0,10,22,[],"[""fd-android"",""fd-catima"",""fd-droidify"",""fd-fennec_fdroid"",""fd-fitness"",""fd-immich"",""fd-k9"",""fd-mobile"",""ooniprobe"",""wikipedia""]"
android/net/wifi/p2p/WifiP2pManager,0,9,9,[],"[""fd-AppManager"",""fd-binaryeye"",""fd-com-kunzisoft-keepass-libre"",""fd-fluffychat"",""fd-minetest"",""fd-mobile"",""fd-noice"",""noice"",""opencamera""]"
android/media/LoudnessCodecController,0,8,59,[],"[""antennapod"",""burgerking"",""fd-auxio"",""fd-fennec_fdroid"",""fd-fluffychat"",""fd-immich"",""fd-mobile"",""localsend""]"
android/provider/MediaStore$Downloads,0,7,10,[],"[""fd-binaryeye"",""fd-fennec_fdroid"",""fd-fitness"",""fd-immich"",""fd-libre"",""fd-saber"",""wikipedia""]"
android/app/Notification$ProgressStyle,0,5,57,[],"[""fd-AppManager"",""fd-etar"",""fd-fluffychat"",""fd-immich"",""wikipedia""]"
android/app/Notification$ProgressStyle$Point,0,5,11,[],"[""fd-AppManager"",""fd-etar"",""fd-fluffychat"",""fd-immich"",""wikipedia""]"
android/app/Notification$ProgressStyle$Segment,0,5,11,[],"[""fd-AppManager"",""fd-etar"",""fd-fluffychat"",""fd-immich"",""wikipedia""]"
android/net/DhcpInfo,0,5,5,[],"[""burgerking"",""fd-fennec_fdroid"",""fd-immich"",""fd-libre"",""localsend""]"
java/lang/instrument/ClassFileTransformer,0,5,5,[],"[""fd-AppManager"",""fd-com-kunzisoft-keepass-libre"",""fd-etar"",""fd-minetest"",""opencamera""]"
java/lang/instrument/Instrumentation,0,5,5,[],"[""fd-AppManager"",""fd-com-kunzisoft-keepass-libre"",""fd-etar"",""fd-minetest"",""opencamera""]"
android/bluetooth/BluetoothGatt,0,4,76,[],"[""fd-fitness"",""fd-minetest"",""fd-stk"",""opencamera""]"
android/bluetooth/BluetoothGattCallback,0,4,10,[],"[""fd-fitness"",""fd-minetest"",""fd-stk"",""opencamera""]"
android/bluetooth/BluetoothGattCharacteristic,0,4,41,[],"[""fd-fitness"",""fd-minetest"",""fd-stk"",""opencamera""]"
android/bluetooth/BluetoothGattDescriptor,0,4,15,[],"[""fd-fitness"",""fd-minetest"",""fd-stk"",""opencamera""]"
android/bluetooth/BluetoothGattService,0,4,10,[],"[""fd-fitness"",""fd-minetest"",""fd-stk"",""opencamera""]"
android/hardware/camera2/CameraDevice$CameraDeviceSetup,0,4,26,[],"[""burgerking"",""fd-android"",""fd-droidify"",""fd-k9""]"
javax/naming/directory/DirContext,0,4,14,[],"[""fd-AppManager"",""fd-com-amaze-filemanager"",""fd-com-kunzisoft-keepass-libre"",""mindustry""]"
javax/naming/directory/InitialDirContext,0,4,14,[],"[""fd-AppManager"",""fd-com-amaze-filemanager"",""fd-com-kunzisoft-keepass-libre"",""mindustry""]"
android/net/nsd/NsdManager$DiscoveryListener,0,3,6,[],"[""burgerking"",""fd-AppManager"",""fd-immich""]"
java/awt/Component,0,3,7,[],"[""fd-AppManager"",""fd-fennec_fdroid"",""ooniprobe""]"
java/awt/Window,0,3,5,[],"[""fd-AppManager"",""fd-fennec_fdroid"",""ooniprobe""]"
javax/naming/NamingEnumeration,0,3,8,[],"[""fd-AppManager"",""fd-com-amaze-filemanager"",""fd-com-kunzisoft-keepass-libre""]"
javax/naming/directory/Attribute,0,3,17,[],"[""fd-AppManager"",""fd-com-amaze-filemanager"",""fd-com-kunzisoft-keepass-libre""]"
javax/naming/directory/Attributes,0,3,13,[],"[""fd-AppManager"",""fd-com-amaze-filemanager"",""fd-com-kunzisoft-keepass-libre""]"
javax/naming/directory/SearchControls,0,3,6,[],"[""fd-AppManager"",""fd-com-amaze-filemanager"",""fd-com-kunzisoft-keepass-libre""]"
javax/naming/directory/SearchResult,0,3,6,[],"[""fd-AppManager"",""fd-com-amaze-filemanager"",""fd-com-kunzisoft-keepass-libre""]"
android/app/Notification$Metric,0,2,4,[],"[""fd-etar"",""wikipedia""]"
android/app/Notification$Metric$FixedDate,0,2,2,[],"[""fd-etar"",""wikipedia""]"
android/app/Notification$Metric$FixedFloat,0,2,2,[],"[""fd-etar"",""wikipedia""]"
android/app/Notification$Metric$FixedInt,0,2,2,[],"[""fd-etar"",""wikipedia""]"
android/app/Notification$Metric$FixedText,0,2,2,[],"[""fd-etar"",""wikipedia""]"
android/app/Notification$Metric$FixedTime,0,2,2,[],"[""fd-etar"",""wikipedia""]"
android/app/Notification$Metric$MetricValue,0,2,4,[],"[""fd-etar"",""wikipedia""]"
android/app/Notification$Metric$TimeDifference,0,2,10,[],"[""fd-etar"",""wikipedia""]"
android/app/Notification$MetricStyle,0,2,4,[],"[""fd-etar"",""wikipedia""]"
android/bluetooth/BluetoothSocket,0,2,5,[],"[""fd-binaryeye"",""fd-catima""]"
android/net/wifi/WifiEnterpriseConfig,0,2,6,[],"[""burgerking"",""fd-binaryeye""]"
android/net/wifi/WifiManager$MulticastLock,0,2,6,[],"[""burgerking"",""fd-immich""]"
android/os/ProfilingManager,0,2,25,[],"[""fd-AppManager"",""fd-etar""]"
android/os/ProfilingResult,0,2,3,[],"[""fd-AppManager"",""fd-etar""]"
android/os/flagging/AconfigPackage,0,2,14,[],"[""fd-AppManager"",""fd-etar""]"
android/view/accessibility/AccessibilityNodeInfo$CollectionInfo$Builder,0,2,2,[],"[""fd-AppManager"",""fd-etar""]"
java/awt/GraphicsEnvironment,0,2,2,[],"[""fd-fennec_fdroid"",""ooniprobe""]"
java/awt/HeadlessException,0,2,2,[],"[""fd-fennec_fdroid"",""ooniprobe""]"
java/beans/BeanInfo,0,2,2,[],"[""fd-AppManager"",""fd-fennec_fdroid""]"
java/beans/FeatureDescriptor,0,2,4,[],"[""fd-AppManager"",""fd-fennec_fdroid""]"
java/beans/Introspector,0,2,2,[],"[""fd-AppManager"",""fd-fennec_fdroid""]"
java/beans/PropertyDescriptor,0,2,11,[],"[""fd-AppManager"",""fd-fennec_fdroid""]"
javax/annotation/processing/AbstractProcessor,0,2,2,[],"[""fd-catima"",""fd-com-amaze-filemanager""]"
javax/naming/Binding,0,2,2,[],"[""fd-AppManager"",""fd-com-kunzisoft-keepass-libre""]"
javax/naming/NamingException,0,2,2,[],"[""fd-AppManager"",""fd-com-kunzisoft-keepass-libre""]"
javax/xml/stream/XMLInputFactory,0,2,10,[],"[""fd-fluffychat"",""fd-kitchenowl""]"
android/adservices/measurement/MeasurementManager,0,1,16,[],"[""burgerking""]"
android/app/IActivityManager$ContentProviderHolder,0,1,1,[],"[""fd-AppManager""]"
android/bluetooth/BluetoothServerSocket,0,1,4,[],"[""fd-catima""]"
android/bluetooth/le/BluetoothLeScanner,0,1,3,[],"[""fd-fitness""]"
android/bluetooth/le/ScanCallback,0,1,4,[],"[""fd-fitness""]"
android/bluetooth/le/ScanSettings,0,1,1,[],"[""fd-fitness""]"
android/bluetooth/le/ScanSettings$Builder,0,1,1,[],"[""fd-fitness""]"
android/content/pm/PackageInfoList,0,1,1,[],"[""fd-AppManager""]"
android/hardware/biometrics/PromptContentItemBulletedText,0,1,1,[],"[""fd-AppManager""]"
android/hardware/biometrics/PromptContentItemPlainText,0,1,1,[],"[""fd-AppManager""]"
android/media/LoudnessCodecController$OnLoudnessCodecUpdateListener,0,1,1,[],"[""fd-mobile""]"
android/miui/AppOpsUtils,0,1,1,[],"[""fd-AppManager""]"
android/net/IConnectivityManager$Stub,0,1,1,[],"[""fd-AppManager""]"
android/net/INetworkStatsService,0,1,2,[],"[""fd-AppManager""]"
android/net/INetworkStatsService$Stub,0,1,1,[],"[""fd-AppManager""]"
android/net/INetworkStatsSession,0,1,3,[],"[""fd-AppManager""]"
android/net/http/CallbackException,0,1,5,[],"[""fd-immich""]"
android/net/http/ConnectionMigrationOptions,0,1,3,[],"[""fd-immich""]"
android/net/http/ConnectionMigrationOptions$Builder,0,1,6,[],"[""fd-immich""]"
android/net/http/DnsOptions,0,1,3,[],"[""fd-immich""]"
android/net/http/DnsOptions$Builder,0,1,9,[],"[""fd-immich""]"
android/net/http/DnsOptions$StaleDnsOptions,0,1,3,[],"[""fd-immich""]"
android/net/http/DnsOptions$StaleDnsOptions$Builder,0,1,7,[],"[""fd-immich""]"
android/net/http/HeaderBlock,0,1,5,[],"[""fd-immich""]"
android/net/http/HttpEngine,0,1,8,[],"[""fd-immich""]"
android/net/http/HttpEngine$Builder,0,1,22,[],"[""fd-immich""]"
android/net/http/HttpException,0,1,4,[],"[""fd-immich""]"
android/net/http/InlineExecutionProhibitedException,0,1,1,[],"[""fd-immich""]"
android/net/http/NetworkException,0,1,9,[],"[""fd-immich""]"
android/net/http/QuicException,0,1,6,[],"[""fd-immich""]"
android/net/http/QuicOptions,0,1,3,[],"[""fd-immich""]"
android/net/http/QuicOptions$Builder,0,1,7,[],"[""fd-immich""]"
android/net/http/UploadDataSink,0,1,7,[],"[""fd-immich""]"
android/net/http/UrlRequest,0,1,13,[],"[""fd-immich""]"
android/net/http/UrlRequest$Builder,0,1,9,[],"[""fd-immich""]"
android/net/http/UrlResponseInfo,0,1,17,[],"[""fd-immich""]"
android/net/nsd/NsdManager$RegistrationListener,0,1,2,[],"[""fd-immich""]"
android/net/ssl/EchConfigList,0,1,2,[],"[""wikipedia""]"
android/net/ssl/EchConfigMismatchException,0,1,1,[],"[""wikipedia""]"
android/net/wifi/WifiConfiguration$KeyMgmt,0,1,2,[],"[""burgerking""]"
android/net/wifi/WifiNetworkSuggestion,0,1,11,[],"[""fd-binaryeye""]"
android/net/wifi/WifiNetworkSuggestion$Builder,0,1,12,[],"[""fd-binaryeye""]"
android/net/wifi/p2p/WifiP2pGroup,0,1,5,[],"[""fd-fluffychat""]"
android/net/wifi/p2p/WifiP2pManager$Channel,0,1,1,[],"[""fd-fluffychat""]"
android/net/wifi/p2p/WifiP2pManager$ChannelListener,0,1,1,[],"[""fd-fluffychat""]"
android/net/wifi/p2p/WifiP2pManager$GroupInfoListener,0,1,1,[],"[""fd-fluffychat""]"
android/view/accessibility/AccessibilityNodeInfo$MathInfo,0,1,5,[],"[""fd-etar""]"
android/view/accessibility/AccessibilityNodeInfo$Selection,0,1,17,[],"[""fd-etar""]"
android/view/accessibility/AccessibilityNodeInfo$SelectionPosition,0,1,26,[],"[""fd-etar""]"
android/view/accessibility/AccessibilityNodeInfo$StructuredDataInfo,0,1,20,[],"[""fd-etar""]"
com/android/org/conscrypt/SSLParametersImpl,0,1,1,[],"[""antennapod""]"
java/awt/BorderLayout,0,1,2,[],"[""fd-AppManager""]"
java/awt/Container,0,1,3,[],"[""fd-AppManager""]"
java/awt/Frame,0,1,2,[],"[""fd-AppManager""]"
java/awt/GridBagConstraints,0,1,1,[],"[""fd-AppManager""]"
java/awt/GridBagLayout,0,1,1,[],"[""fd-AppManager""]"
java/awt/Insets,0,1,1,[],"[""fd-AppManager""]"
java/awt/Rectangle,0,1,1,[],"[""fd-AppManager""]"
java/awt/event/WindowAdapter,0,1,3,[],"[""fd-AppManager""]"
java/awt/event/WindowEvent,0,1,2,[],"[""fd-AppManager""]"
java/lang/CharSequence$-CC,0,1,3,[],"[""mindustry""]"
java/lang/Iterable$-CC,0,1,90,[],"[""mindustry""]"
java/lang/reflect/AnnotatedType,0,1,6,[],"[""fd-AppManager""]"
java/util/Collection$-CC,0,1,8,[],"[""mindustry""]"
java/util/Comparator$-CC,0,1,196,[],"[""mindustry""]"
java/util/Iterator$-CC,0,1,33,[],"[""mindustry""]"
java/util/List$-CC,0,1,22,[],"[""mindustry""]"
java/util/Map$-CC,0,1,11,[],"[""mindustry""]"
java/util/SequencedCollection,0,1,2,[],"[""mindustry""]"
java/util/function/Consumer$-CC,0,1,1,[],"[""mindustry""]"
java/util/zip/Checksum$-CC,0,1,4,[],"[""mindustry""]"
javax/swing/BorderFactory,0,1,1,[],"[""fd-AppManager""]"
javax/swing/BoxLayout,0,1,1,[],"[""fd-AppManager""]"
javax/swing/DefaultListModel,0,1,1,[],"[""fd-AppManager""]"
javax/swing/JEditorPane,0,1,3,[],"[""fd-AppManager""]"
javax/swing/JFrame,0,1,3,[],"[""fd-AppManager""]"
javax/swing/JList,0,1,3,[],"[""fd-AppManager""]"
javax/swing/JPanel,0,1,3,[],"[""fd-AppManager""]"
javax/swing/JScrollPane,0,1,4,[],"[""fd-AppManager""]"
javax/swing/JSplitPane,0,1,2,[],"[""fd-AppManager""]"
javax/swing/JTabbedPane,0,1,2,[],"[""fd-AppManager""]"
javax/swing/JTextPane,0,1,5,[],"[""fd-AppManager""]"
javax/swing/JToolBar,0,1,1,[],"[""fd-AppManager""]"
javax/swing/JTree,0,1,8,[],"[""fd-AppManager""]"
javax/swing/JViewport,0,1,2,[],"[""fd-AppManager""]"
javax/swing/ListModel,0,1,2,[],"[""fd-AppManager""]"
javax/swing/border/Border,0,1,1,[],"[""fd-AppManager""]"
javax/swing/event/CaretEvent,0,1,1,[],"[""fd-AppManager""]"
javax/swing/event/TreeSelectionEvent,0,1,2,[],"[""fd-AppManager""]"
javax/swing/event/TreeSelectionListener,0,1,2,[],"[""fd-AppManager""]"
javax/swing/text/DefaultHighlighter,0,1,1,[],"[""fd-AppManager""]"
javax/swing/text/Document,0,1,2,[],"[""fd-AppManager""]"
javax/swing/text/Highlighter,0,1,1,[],"[""fd-AppManager""]"
javax/swing/text/Highlighter$HighlightPainter,0,1,1,[],"[""fd-AppManager""]"
javax/swing/text/JTextComponent,0,1,8,[],"[""fd-AppManager""]"
javax/swing/text/LayeredHighlighter$LayerPainter,0,1,1,[],"[""fd-AppManager""]"
javax/swing/tree/TreeModel,0,1,7,[],"[""fd-AppManager""]"
javax/swing/tree/TreePath,0,1,3,[],"[""fd-AppManager""]"
javax/xml/bind/DatatypeConverter,0,1,1,[],"[""fd-fitness""]"
org/apache/commons/codec/binary/Base64,0,1,3,[],"[""fd-fitness""]"
org/apache/commons/logging/Log,0,1,4,[],"[""fd-AppManager""]"
org/apache/commons/logging/LogFactory,0,1,1,[],"[""fd-AppManager""]"
org/apache/harmony/xnet/provider/jsse/OpenSSLSocketImpl,0,1,1,[],"[""antennapod""]"
org/apache/harmony/xnet/provider/jsse/SSLParametersImpl,0,1,1,[],"[""antennapod""]"
org/apache/http/Header,0,1,2,[],"[""burgerking""]"
org/apache/http/HttpHost,0,1,8,[],"[""burgerking""]"
org/apache/http/HttpMessage,0,1,10,[],"[""burgerking""]"
org/apache/http/HttpRequest,0,1,8,[],"[""burgerking""]"
org/apache/http/HttpResponse,0,1,10,[],"[""burgerking""]"
org/apache/http/RequestLine,0,1,4,[],"[""burgerking""]"
org/apache/http/StatusLine,0,1,5,[],"[""burgerking""]"
org/apache/http/client/HttpClient,0,1,16,[],"[""burgerking""]"
org/apache/http/client/ResponseHandler,0,1,10,[],"[""burgerking""]"
org/apache/http/client/methods/HttpUriRequest,0,1,8,[],"[""burgerking""]"
org/apache/http/protocol/HttpContext,0,1,8,[],"[""burgerking""]"
org/apache/log4j/Level,0,1,4,[],"[""fd-AppManager""]"
org/apache/log4j/Logger,0,1,4,[],"[""fd-AppManager""]"
org/apache/log4j/Priority,0,1,3,[],"[""fd-AppManager""]"
org/apache/logging/log4j/LogManager,0,1,1,[],"[""fd-AppManager""]"
org/apache/logging/log4j/Logger,0,1,4,[],"[""fd-AppManager""]"
