app,apk_sha256,kind,service,class,availability,startup_reachable,full_method_reference_count,startup_method_reference_count,runtime_load,evidence,stub_ok,needs_real
fd-fennec_fdroid,27f2951376ca1085e0933066c902fdfe4d260916d381e233475c5fd6964f5745,direct-framework-reference,,android/media/LoudnessCodecController,definition-absent,unknown,9,0,unresolvable-in-scanned-inputs,fd-fennec_fdroid-evidence.json#/rows/356,False,unknown
fd-fennec_fdroid,27f2951376ca1085e0933066c902fdfe4d260916d381e233475c5fd6964f5745,direct-framework-reference,,android/net/DhcpInfo,definition-absent,unknown,1,0,unresolvable-in-scanned-inputs,fd-fennec_fdroid-evidence.json#/rows/423,False,unknown
fd-fennec_fdroid,27f2951376ca1085e0933066c902fdfe4d260916d381e233475c5fd6964f5745,direct-framework-reference,,android/provider/MediaStore$Downloads,definition-absent,unknown,2,0,unresolvable-in-scanned-inputs,fd-fennec_fdroid-evidence.json#/rows/511,False,unknown
fd-fennec_fdroid,27f2951376ca1085e0933066c902fdfe4d260916d381e233475c5fd6964f5745,direct-framework-reference,,android/view/DisplayListCanvas,definition-absent,unknown,2,0,unresolvable-in-scanned-inputs,fd-fennec_fdroid-evidence.json#/rows/747,False,unknown
fd-fennec_fdroid,27f2951376ca1085e0933066c902fdfe4d260916d381e233475c5fd6964f5745,direct-framework-reference,,android/view/RenderNode,definition-absent,unknown,30,0,unresolvable-in-scanned-inputs,fd-fennec_fdroid-evidence.json#/rows/777,False,unknown
fd-fennec_fdroid,27f2951376ca1085e0933066c902fdfe4d260916d381e233475c5fd6964f5745,direct-framework-reference,,android/view/ScrollFeedbackProvider,definition-absent,unknown,3,0,unresolvable-in-scanned-inputs,fd-fennec_fdroid-evidence.json#/rows/785,False,unknown
fd-fennec_fdroid,27f2951376ca1085e0933066c902fdfe4d260916d381e233475c5fd6964f5745,direct-framework-reference,,java/awt/Component,definition-absent,unknown,1,0,unresolvable-in-scanned-inputs,fd-fennec_fdroid-evidence.json#/rows/989,False,unknown
fd-fennec_fdroid,27f2951376ca1085e0933066c902fdfe4d260916d381e233475c5fd6964f5745,direct-framework-reference,,java/awt/GraphicsEnvironment,definition-absent,unknown,1,0,unresolvable-in-scanned-inputs,fd-fennec_fdroid-evidence.json#/rows/990,False,unknown
fd-fennec_fdroid,27f2951376ca1085e0933066c902fdfe4d260916d381e233475c5fd6964f5745,direct-framework-reference,,java/awt/HeadlessException,definition-absent,unknown,1,0,unresolvable-in-scanned-inputs,fd-fennec_fdroid-evidence.json#/rows/991,False,unknown
fd-fennec_fdroid,27f2951376ca1085e0933066c902fdfe4d260916d381e233475c5fd6964f5745,direct-framework-reference,,java/awt/Window,definition-absent,unknown,2,0,unresolvable-in-scanned-inputs,fd-fennec_fdroid-evidence.json#/rows/992,False,unknown
fd-fennec_fdroid,27f2951376ca1085e0933066c902fdfe4d260916d381e233475c5fd6964f5745,direct-framework-reference,,java/beans/BeanInfo,definition-absent,unknown,1,0,unresolvable-in-scanned-inputs,fd-fennec_fdroid-evidence.json#/rows/993,False,unknown
fd-fennec_fdroid,27f2951376ca1085e0933066c902fdfe4d260916d381e233475c5fd6964f5745,direct-framework-reference,,java/beans/FeatureDescriptor,definition-absent,unknown,2,0,unresolvable-in-scanned-inputs,fd-fennec_fdroid-evidence.json#/rows/994,False,unknown
fd-fennec_fdroid,27f2951376ca1085e0933066c902fdfe4d260916d381e233475c5fd6964f5745,direct-framework-reference,,java/beans/Introspector,definition-absent,unknown,1,0,unresolvable-in-scanned-inputs,fd-fennec_fdroid-evidence.json#/rows/995,False,unknown
fd-fennec_fdroid,27f2951376ca1085e0933066c902fdfe4d260916d381e233475c5fd6964f5745,direct-framework-reference,,java/beans/PropertyDescriptor,definition-absent,unknown,4,0,unresolvable-in-scanned-inputs,fd-fennec_fdroid-evidence.json#/rows/996,False,unknown
fd-fennec_fdroid,27f2951376ca1085e0933066c902fdfe4d260916d381e233475c5fd6964f5745,manager-interface-prerequisite,connectivity,android/net/IConnectivityManager,definition-absent,yes-static,39,3,unresolvable-in-scanned-inputs,fd-fennec_fdroid-evidence.json#/rows/1432,True,False
fd-fennec_fdroid,27f2951376ca1085e0933066c902fdfe4d260916d381e233475c5fd6964f5745,service-call,accessibility,,unknown,yes-static,27,1,unknown,fd-fennec_fdroid-evidence.json#/rows/1439,False,False
fd-fennec_fdroid,27f2951376ca1085e0933066c902fdfe4d260916d381e233475c5fd6964f5745,service-call,activity,,unknown,yes-static,17,5,unknown,fd-fennec_fdroid-evidence.json#/rows/1440,False,False
fd-fennec_fdroid,27f2951376ca1085e0933066c902fdfe4d260916d381e233475c5fd6964f5745,service-call,biometric,,unknown,unknown,1,0,unknown,fd-fennec_fdroid-evidence.json#/rows/1441,False,False
fd-fennec_fdroid,27f2951376ca1085e0933066c902fdfe4d260916d381e233475c5fd6964f5745,service-call,camera,,unknown,unknown,9,0,unknown,fd-fennec_fdroid-evidence.json#/rows/1442,False,False
fd-fennec_fdroid,27f2951376ca1085e0933066c902fdfe4d260916d381e233475c5fd6964f5745,service-call,captioning,,unknown,unknown,1,0,unknown,fd-fennec_fdroid-evidence.json#/rows/1443,False,False
fd-fennec_fdroid,27f2951376ca1085e0933066c902fdfe4d260916d381e233475c5fd6964f5745,service-call,credential,,unknown,unknown,3,0,unknown,fd-fennec_fdroid-evidence.json#/rows/1444,False,False
fd-fennec_fdroid,27f2951376ca1085e0933066c902fdfe4d260916d381e233475c5fd6964f5745,service-call,display,,unknown,unknown,9,0,unknown,fd-fennec_fdroid-evidence.json#/rows/1445,False,False
fd-fennec_fdroid,27f2951376ca1085e0933066c902fdfe4d260916d381e233475c5fd6964f5745,service-call,download,,unknown,unknown,1,0,unknown,fd-fennec_fdroid-evidence.json#/rows/1446,False,False
fd-fennec_fdroid,27f2951376ca1085e0933066c902fdfe4d260916d381e233475c5fd6964f5745,service-call,input,,unknown,unknown,3,0,unknown,fd-fennec_fdroid-evidence.json#/rows/1447,False,False
fd-fennec_fdroid,27f2951376ca1085e0933066c902fdfe4d260916d381e233475c5fd6964f5745,service-call,input_method,,unknown,unknown,20,0,unknown,fd-fennec_fdroid-evidence.json#/rows/1448,False,False
fd-fennec_fdroid,27f2951376ca1085e0933066c902fdfe4d260916d381e233475c5fd6964f5745,service-call,keyguard,,unknown,unknown,9,0,unknown,fd-fennec_fdroid-evidence.json#/rows/1449,False,False
fd-fennec_fdroid,27f2951376ca1085e0933066c902fdfe4d260916d381e233475c5fd6964f5745,service-call,layout_inflater,,unknown,unknown,2,0,unknown,fd-fennec_fdroid-evidence.json#/rows/1450,False,False
fd-fennec_fdroid,27f2951376ca1085e0933066c902fdfe4d260916d381e233475c5fd6964f5745,service-call,media_metrics,,unknown,unknown,1,0,unknown,fd-fennec_fdroid-evidence.json#/rows/1451,False,False
fd-fennec_fdroid,27f2951376ca1085e0933066c902fdfe4d260916d381e233475c5fd6964f5745,service-call,phone,,unknown,unknown,1,0,unknown,fd-fennec_fdroid-evidence.json#/rows/1452,False,False
fd-fennec_fdroid,27f2951376ca1085e0933066c902fdfe4d260916d381e233475c5fd6964f5745,service-call,print,,unknown,unknown,1,0,unknown,fd-fennec_fdroid-evidence.json#/rows/1453,False,False
fd-fennec_fdroid,27f2951376ca1085e0933066c902fdfe4d260916d381e233475c5fd6964f5745,service-call,sensor,,unknown,unknown,5,0,unknown,fd-fennec_fdroid-evidence.json#/rows/1454,False,False
fd-fennec_fdroid,27f2951376ca1085e0933066c902fdfe4d260916d381e233475c5fd6964f5745,service-call,unknown,,unknown,yes-static,59,5,unknown,fd-fennec_fdroid-evidence.json#/rows/1455,False,False
fd-fennec_fdroid,27f2951376ca1085e0933066c902fdfe4d260916d381e233475c5fd6964f5745,service-call,user,,unknown,unknown,2,0,unknown,fd-fennec_fdroid-evidence.json#/rows/1456,False,False
fd-fennec_fdroid,27f2951376ca1085e0933066c902fdfe4d260916d381e233475c5fd6964f5745,service-call,vibrator,,unknown,unknown,4,0,unknown,fd-fennec_fdroid-evidence.json#/rows/1457,False,False
fd-fennec_fdroid,27f2951376ca1085e0933066c902fdfe4d260916d381e233475c5fd6964f5745,service-call,wifi,,unknown,unknown,1,0,unknown,fd-fennec_fdroid-evidence.json#/rows/1458,False,False
fd-fennec_fdroid,27f2951376ca1085e0933066c902fdfe4d260916d381e233475c5fd6964f5745,service-call,window,,unknown,unknown,19,0,unknown,fd-fennec_fdroid-evidence.json#/rows/1459,False,False
fd-fennec_fdroid,27f2951376ca1085e0933066c902fdfe4d260916d381e233475c5fd6964f5745,service-interface-prerequisite,connectivity,android/net/IConnectivityManager,definition-absent,yes-static,9,2,unresolvable-in-scanned-inputs,fd-fennec_fdroid-evidence.json#/rows/1463,True,False
