class,native_method_count,priority_app_count,fatal_r17a_apps,methods,westlake_source_files
java/lang/Class,1,65,[],"[""java/lang/Class.getInnerClassName()Ljava/lang/String;""]",[]
java/lang/Double,2,65,[],"[""java/lang/Double.doubleToRawLongBits(D)J"",""java/lang/Double.longBitsToDouble(J)D""]",[]
java/lang/Float,2,65,[],"[""java/lang/Float.floatToRawIntBits(F)I"",""java/lang/Float.intBitsToFloat(I)F""]",[]
java/lang/Math,19,65,[],"[""java/lang/Math.sqrt(D)D"",""java/lang/Math.ceil(D)D"",""java/lang/Math.sin(D)D"",""java/lang/Math.log(D)D"",""java/lang/Math.cos(D)D"",""java/lang/Math.floor(D)D"",""java/lang/Math.pow(DD)D"",""java/lang/Math.tan(D)D"",""java/lang/Math.atan2(DD)D"",""java/lang/Math.cbrt(D)D"",""java/lang/Math.asin(D)D"",""java/lang/Math.acos(D)D"",""java/lang/Math.log1p(D)D"",""java/lang/Math.hypot(DD)D"",""java/lang/Math.rint(D)D"",""java/lang/Math.exp(D)D"",""java/lang/Math.atan(D)D"",""java/lang/Math.log10(D)D"",""java/lang/Math.sinh(D)D""]","[""/Users/zhaoyue/orca/workspaces/vm-copies/westlake-current/framework/javacore-shim/javacore_math.c""]"
java/lang/Character,15,63,[],"[""java/lang/Character.toLowerCaseImpl(I)I"",""java/lang/Character.digitImpl(II)I"",""java/lang/Character.toUpperCaseImpl(I)I"",""java/lang/Character.isLowerCaseImpl(I)Z"",""java/lang/Character.isTitleCaseImpl(I)Z"",""java/lang/Character.isUpperCaseImpl(I)Z"",""java/lang/Character.isWhitespaceImpl(I)Z"",""java/lang/Character.getTypeImpl(I)I"",""java/lang/Character.getDirectionalityImpl(I)B"",""java/lang/Character.isSpaceCharImpl(I)Z"",""java/lang/Character.isDigitImpl(I)Z"",""java/lang/Character.isLetterImpl(I)Z"",""java/lang/Character.isLetterOrDigitImpl(I)Z"",""java/lang/Character.toTitleCaseImpl(I)I"",""java/lang/Character.isAlphabeticImpl(I)Z""]",[]
android/graphics/Matrix,1,61,[],"[""android/graphics/Matrix.nCreate(J)J""]",[]
java/lang/Object,1,60,[],"[""java/lang/Object.wait(JI)V""]",[]
com/android/icu/util/regex/MatcherNative,8,58,[],"[""com/android/icu/util/regex/MatcherNative.findNextImpl(J[I)Z"",""com/android/icu/util/regex/MatcherNative.groupCountImpl(J)I"",""com/android/icu/util/regex/MatcherNative.matchesImpl(J[I)Z"",""com/android/icu/util/regex/MatcherNative.setInputImpl(JLjava/lang/String;II)V"",""com/android/icu/util/regex/MatcherNative.useAnchoringBoundsImpl(JZ)V"",""com/android/icu/util/regex/MatcherNative.useTransparentBoundsImpl(JZ)V"",""com/android/icu/util/regex/MatcherNative.findImpl(JI[I)Z"",""com/android/icu/util/regex/MatcherNative.lookingAtImpl(J[I)Z""]","[""/Users/zhaoyue/orca/workspaces/vm-copies/westlake-current/framework/android-runtime/src/AndroidRuntime.cpp""]"
com/android/icu/util/CaseMapperNative,2,57,[],"[""com/android/icu/util/CaseMapperNative.toLowerCase(Ljava/lang/String;Ljava/lang/String;)Ljava/lang/String;"",""com/android/icu/util/CaseMapperNative.toUpperCase(Ljava/lang/String;Ljava/lang/String;)Ljava/lang/String;""]",[]
com/android/icu/util/regex/PatternNative,3,57,[],"[""com/android/icu/util/regex/PatternNative.compileImpl(Ljava/lang/String;I)J"",""com/android/icu/util/regex/PatternNative.openMatcherImpl(J)J"",""com/android/icu/util/regex/PatternNative.getMatchedGroupIndexImpl(JLjava/lang/String;)I""]","[""/Users/zhaoyue/orca/workspaces/vm-copies/westlake-current/framework/android-runtime/src/AndroidRuntime.cpp""]"
java/lang/System,2,55,[],"[""java/lang/System.log(CLjava/lang/String;Ljava/lang/Throwable;)V"",""java/lang/System.mapLibraryName(Ljava/lang/String;)Ljava/lang/String;""]",[]
android/graphics/ColorSpace$Rgb,1,54,[],"[""android/graphics/ColorSpace$Rgb.nativeCreate(FFFFFFF[F)J""]",[]
com/android/icu/util/LocaleNative,5,47,[],"[""com/android/icu/util/LocaleNative.setDefaultNative(Ljava/lang/String;)V"",""com/android/icu/util/LocaleNative.getDisplayLanguageNative(Ljava/lang/String;Ljava/lang/String;)Ljava/lang/String;"",""com/android/icu/util/LocaleNative.getDisplayCountryNative(Ljava/lang/String;Ljava/lang/String;)Ljava/lang/String;"",""com/android/icu/util/LocaleNative.getDisplayScriptNative(Ljava/lang/String;Ljava/lang/String;)Ljava/lang/String;"",""com/android/icu/util/LocaleNative.getDisplayVariantNative(Ljava/lang/String;Ljava/lang/String;)Ljava/lang/String;""]",[]
android/graphics/Paint,4,42,[],"[""android/graphics/Paint.nIsElegantTextHeight(J)Z"",""android/graphics/Paint.nSetElegantTextHeight(JZ)V"",""android/graphics/Paint.nGetFontMetricsInt(JLandroid/graphics/Paint$FontMetricsInt;)I"",""android/graphics/Paint.nGetFontMetrics(JLandroid/graphics/Paint$FontMetrics;)F""]",[]
android/media/MediaMetadataRetriever,7,36,[],"[""android/media/MediaMetadataRetriever.release()V"",""android/media/MediaMetadataRetriever.nativeExtractMetadata(I)Ljava/lang/String;"",""android/media/MediaMetadataRetriever.native_setup()V"",""android/media/MediaMetadataRetriever._setDataSource(Landroid/media/MediaDataSource;)V"",""android/media/MediaMetadataRetriever._setDataSource(Ljava/io/FileDescriptor;JJ)V"",""android/media/MediaMetadataRetriever._setDataSource(Landroid/os/IBinder;Ljava/lang/String;[Ljava/lang/String;[Ljava/lang/String;)V"",""android/media/MediaMetadataRetriever.getEmbeddedPicture(I)[B""]",[]
android/media/MediaDrm,1,33,[],"[""android/media/MediaDrm.native_release()V""]",[]
android/view/Surface,8,31,[],"[""android/view/Surface.nativeIsValid(J)Z"",""android/view/Surface.nativeRelease(J)V"",""android/view/Surface.nativeDestroy(J)V"",""android/view/Surface.nativeForceScopedDisconnect(J)I"",""android/view/Surface.nativeGetFromBlastBufferQueue(JJ)J"",""android/view/Surface.nativeUnlockCanvasAndPost(JLandroid/graphics/Canvas;)V"",""android/view/Surface.nativeLockCanvas(JLandroid/graphics/Canvas;Landroid/graphics/Rect;)J"",""android/view/Surface.nativeSetFrameRate(JFII)I""]",[]
com/android/icu/charset/NativeConverter,1,31,[],"[""com/android/icu/charset/NativeConverter.charsetForName(Ljava/lang/String;)Ljava/nio/charset/Charset;""]",[]
java/lang/Runtime,5,28,[],"[""java/lang/Runtime.nativeLoad(Ljava/lang/String;Ljava/lang/ClassLoader;Ljava/lang/Class;)Ljava/lang/String;"",""java/lang/Runtime.nativeExit(I)V"",""java/lang/Runtime.maxMemory()J"",""java/lang/Runtime.freeMemory()J"",""java/lang/Runtime.totalMemory()J""]","[""/Users/zhaoyue/orca/workspaces/vm-copies/westlake-current/framework/android-runtime/src/AndroidRuntime.cpp""]"
android/graphics/fonts/FontFamily$Builder,1,25,[],"[""android/graphics/fonts/FontFamily$Builder.nBuild(JLjava/lang/String;IZZ)J""]",[]
java/io/FileInputStream,2,21,[],"[""java/io/FileInputStream.skip0(J)J"",""java/io/FileInputStream.available0()I""]",[]
android/view/VelocityTracker,5,14,"[""fd-auxio""]","[""android/view/VelocityTracker.nativeInitialize(I)J"",""android/view/VelocityTracker.nativeClear(J)V"",""android/view/VelocityTracker.nativeGetVelocity(JII)F"",""android/view/VelocityTracker.nativeComputeCurrentVelocity(JIF)V"",""android/view/VelocityTracker.nativeAddMovement(JLandroid/view/MotionEvent;)V""]","[""/Users/zhaoyue/orca/workspaces/vm-copies/westlake-current/framework/android-runtime/src/android_view_VelocityTracker.cpp"",""/Users/zhaoyue/orca/workspaces/vm-copies/westlake-current/framework/window/jni/oh_input_bridge.cpp""]"
android/util/MemoryIntArray,2,14,[],"[""android/util/MemoryIntArray.nativeClose(IJZ)V"",""android/util/MemoryIntArray.nativeGet(IJI)I""]",[]
android/drm/DrmManagerClient,1,13,[],"[""android/drm/DrmManagerClient._release(I)V""]",[]
java/util/zip/Inflater,4,13,[],"[""java/util/zip/Inflater.end(J)V"",""java/util/zip/Inflater.init(Z)J"",""java/util/zip/Inflater.inflateBytes(J[BII)I"",""java/util/zip/Inflater.reset(J)V""]",[]
android/hardware/HardwareBuffer,2,11,[],"[""android/hardware/HardwareBuffer.nGetFormat(J)I"",""android/hardware/HardwareBuffer.nGetUsage(J)J""]",[]
android/view/InputEventSender,1,10,[],"[""android/view/InputEventSender.nativeDispose(J)V""]",[]
java/io/FileDescriptor,1,10,[],"[""java/io/FileDescriptor.sync()V""]",[]
java/util/zip/ZipFile,13,10,[],"[""java/util/zip/ZipFile.close(J)V"",""java/util/zip/ZipFile.getTotal(J)I"",""java/util/zip/ZipFile.open(Ljava/lang/String;IJZ)J"",""java/util/zip/ZipFile.startsWithLOC(J)Z"",""java/util/zip/ZipFile.freeEntry(JJ)V"",""java/util/zip/ZipFile.getEntry(J[BZ)J"",""java/util/zip/ZipFile.getEntryBytes(JI)[B"",""java/util/zip/ZipFile.getEntryCSize(J)J"",""java/util/zip/ZipFile.getEntryCrc(J)J"",""java/util/zip/ZipFile.getEntryFlag(J)I"",""java/util/zip/ZipFile.getEntryMethod(J)I"",""java/util/zip/ZipFile.getEntrySize(J)J"",""java/util/zip/ZipFile.getEntryTime(J)J""]",[]
java/util/zip/Deflater,4,8,[],"[""java/util/zip/Deflater.deflateBytes(J[BIII)I"",""java/util/zip/Deflater.end(J)V"",""java/util/zip/Deflater.init(IIZ)J"",""java/util/zip/Deflater.reset(J)V""]",[]
android/media/ImageReader,2,5,[],"[""android/media/ImageReader.nativeImageSetup(Landroid/media/Image;)I"",""android/media/ImageReader.nativeClose()V""]",[]
android/media/SoundPool,4,5,[],"[""android/media/SoundPool.native_setup(ILjava/lang/Object;Ljava/lang/String;)I"",""android/media/SoundPool._load(Ljava/io/FileDescriptor;JJI)I"",""android/media/SoundPool._play(IFFIIFI)I"",""android/media/SoundPool.autoResume()V""]",[]
android/graphics/BLASTBufferQueue,6,4,[],"[""android/graphics/BLASTBufferQueue.nativeCreate(Ljava/lang/String;Z)J"",""android/graphics/BLASTBufferQueue.nativeDestroy(J)V"",""android/graphics/BLASTBufferQueue.nativeGetSurface(JZ)Landroid/view/Surface;"",""android/graphics/BLASTBufferQueue.nativeUpdate(JJJJI)V"",""android/graphics/BLASTBufferQueue.nativeSetTransactionHangCallback(JLandroid/graphics/BLASTBufferQueue$TransactionHangCallback;)V"",""android/graphics/BLASTBufferQueue.nativeSyncNextTransaction(JLjava/util/function/Consumer;Z)Z""]",[]
android/hardware/camera2/impl/CameraMetadataNative,6,4,[],"[""android/hardware/camera2/impl/CameraMetadataNative.nativeGetTagFromKey(Ljava/lang/String;J)I"",""android/hardware/camera2/impl/CameraMetadataNative.nativeGetTagFromKeyLocal(JLjava/lang/String;)I"",""android/hardware/camera2/impl/CameraMetadataNative.nativeGetTypeFromTagLocal(JI)I"",""android/hardware/camera2/impl/CameraMetadataNative.nativeReadValues(IJ)[B"",""android/hardware/camera2/impl/CameraMetadataNative.nativeGetBufferSize(J)J"",""android/hardware/camera2/impl/CameraMetadataNative.nativeSwap(JJ)V""]",[]
android/hardware/Camera,10,3,"[""opencamera""]","[""android/hardware/Camera.getNumberOfCameras()I"",""android/hardware/Camera.native_getParameters()Ljava/lang/String;"",""android/hardware/Camera._getCameraInfo(IZLandroid/hardware/Camera$CameraInfo;)V"",""android/hardware/Camera.native_release()V"",""android/hardware/Camera.native_setParameters(Ljava/lang/String;)V"",""android/hardware/Camera.startPreview()V"",""android/hardware/Camera._enableShutterSound(Z)Z"",""android/hardware/Camera.native_setup(Ljava/lang/Object;ILjava/lang/String;ZZ)I"",""android/hardware/Camera.setHasPreviewCallback(ZZ)V"",""android/hardware/Camera.setPreviewTexture(Landroid/graphics/SurfaceTexture;)V""]",[]
android/media/CamcorderProfile,2,3,[],"[""android/media/CamcorderProfile.native_get_camcorder_profile(II)Landroid/media/CamcorderProfile;"",""android/media/CamcorderProfile.native_has_camcorder_profile(II)Z""]",[]
android/os/Process,1,2,"[""fd-im-vector-app"",""fd-meet""]","[""android/os/Process.getElapsedCpuTime()J""]","[""/Users/zhaoyue/orca/workspaces/vm-copies/westlake-current/framework/android-runtime/src/oh_process_cpu_time.cpp""]"
android/graphics/SurfaceTexture,2,2,[],"[""android/graphics/SurfaceTexture.nativeInit(ZIZLjava/lang/ref/WeakReference;)V"",""android/graphics/SurfaceTexture.nativeRelease()V""]",[]
android/media/MediaRecorder,11,2,[],"[""android/media/MediaRecorder.release()V"",""android/media/MediaRecorder.stop()V"",""android/media/MediaRecorder._prepare()V"",""android/media/MediaRecorder._setOutputFile(Ljava/io/FileDescriptor;)V"",""android/media/MediaRecorder.start()V"",""android/media/MediaRecorder.native_setup(Ljava/lang/Object;Ljava/lang/String;Landroid/os/Parcel;)V"",""android/media/MediaRecorder.setAudioEncoder(I)V"",""android/media/MediaRecorder.setAudioSource(I)V"",""android/media/MediaRecorder.setOutputFormat(I)V"",""android/media/MediaRecorder.setParameter(Ljava/lang/String;)V"",""android/media/MediaRecorder.native_reset()V""]",[]
java/lang/UNIXProcess,1,2,[],"[""java/lang/UNIXProcess.forkAndExec([B[BI[BI[B[IZ)I""]","[""/Users/zhaoyue/orca/workspaces/vm-copies/westlake-current/framework/android-runtime/src/class_library_services.cpp""]"
sun/misc/Unsafe,1,2,[],"[""sun/misc/Unsafe.getInt(J)I""]",[]
adapter/activity/ActivityManagerAdapter,1,1,"[""fd-catima""]","[""adapter/activity/ActivityManagerAdapter.nativeStopServiceAbility(Ljava/lang/String;Ljava/lang/String;)I""]","[""/Users/zhaoyue/orca/workspaces/01.OH61AOSP16/real-work/src/adapter/framework/activity/jni/activity_manager_adapter.cpp"",""/Users/zhaoyue/orca/workspaces/01.OH61AOSP16/real-work/src/adapter/framework/android-runtime/src/adapter_bridge.cpp"",""/Users/zhaoyue/orca/workspaces/vm-copies/westlake-current/framework/activity/jni/activity_manager_adapter.cpp"",""/Users/zhaoyue/orca/workspaces/vm-copies/westlake-current/framework/android-runtime/src/adapter_bridge.cpp""]"
android/os/FileObserver$ObserverThread,1,1,"[""fd-com-amaze-filemanager""]","[""android/os/FileObserver$ObserverThread.init()I""]","[""/Users/zhaoyue/orca/workspaces/vm-copies/westlake-current/framework/android-runtime/src/class_library_services.cpp""]"
com/google/android/gles_jni/EGLImpl,1,1,"[""fd-shatteredpixeldungeon""]","[""com/google/android/gles_jni/EGLImpl._nativeClassInit()V""]",[]
android/graphics/Movie,5,1,[],"[""android/graphics/Movie.nativeDecodeAsset(J)Landroid/graphics/Movie;"",""android/graphics/Movie.nativeDecodeStream(Ljava/io/InputStream;)Landroid/graphics/Movie;"",""android/graphics/Movie.height()I"",""android/graphics/Movie.isOpaque()Z"",""android/graphics/Movie.width()I""]",[]
android/graphics/Picture,1,1,[],"[""android/graphics/Picture.nativeConstructor(J)J""]",[]
android/graphics/pdf/PdfRenderer,6,1,[],"[""android/graphics/pdf/PdfRenderer.nativeClose(J)V"",""android/graphics/pdf/PdfRenderer.nativeCreate(IJ)J"",""android/graphics/pdf/PdfRenderer.nativeGetPageCount(J)I"",""android/graphics/pdf/PdfRenderer.nativeOpenPageAndGetSize(JILandroid/graphics/Point;)J"",""android/graphics/pdf/PdfRenderer.nativeRenderPage(JJJIIIIJI)V"",""android/graphics/pdf/PdfRenderer.nativeClosePage(J)V""]",[]
android/media/AudioPortEventHandler,1,1,[],"[""android/media/AudioPortEventHandler.native_setup(Ljava/lang/Object;)V""]","[""/Users/zhaoyue/orca/workspaces/vm-copies/westlake-current/framework/android-runtime/src/AndroidRuntime.cpp""]"
android/media/AudioSystem,3,1,[],"[""android/media/AudioSystem.listAudioPatches(Ljava/util/ArrayList;[I)I"",""android/media/AudioSystem.listAudioPorts(Ljava/util/ArrayList;[I)I"",""android/media/AudioSystem.getDeviceConnectionState(ILjava/lang/String;)I""]","[""/Users/zhaoyue/orca/workspaces/vm-copies/westlake-current/framework/android-runtime/src/AndroidRuntime.cpp""]"
android/media/AudioTrack,4,1,[],"[""android/media/AudioTrack.native_disableDeviceCallback()V"",""android/media/AudioTrack.native_release()V"",""android/media/AudioTrack.native_stop()V"",""android/media/AudioTrack.native_flush()V""]",[]
android/media/audiofx/AudioEffect,2,1,[],"[""android/media/audiofx/AudioEffect.native_getParameter(I[BI[B)I"",""android/media/audiofx/AudioEffect.native_setParameter(I[BI[B)I""]",[]
java/util/jar/JarFile,1,1,[],"[""java/util/jar/JarFile.getMetaInfEntryNames()[Ljava/lang/String;""]",[]
