key,U1_prediction,U0_lit,U2_lit,apk_matches,wall_score
aegis,亮,True,True,True,not-blocked-now
anki,过墙,False,True,True,not-blocked-now
antennapod,亮,False,True,True,not-blocked-now
burgerking,过墙,False,False,True,miss
fd-AppManager,unknown,False,False,True,unknown
fd-android,亮,True,True,True,not-blocked-now
fd-api,亮,False,False,True,hit
fd-app,过墙,False,False,True,miss
fd-auxio,亮,True,True,True,not-blocked-now
fd-binaryeye,过墙,False,True,True,not-blocked-now
fd-breezyweather,unknown,False,False,True,hit
fd-calendar,亮,True,True,True,not-blocked-now
fd-catima,unknown,False,False,True,hit
fd-client,过墙,False,False,True,miss
fd-com-amaze-filemanager,亮,True,True,True,not-blocked-now
fd-com-kunzisoft-keepass-libre,亮,True,True,True,not-blocked-now
fd-droidify,亮,True,True,True,not-blocked-now
fd-etar,亮,True,True,True,not-blocked-now
fd-feeder,unknown,False,False,True,hit
fd-fennec_fdroid,过墙,False,False,True,hit
fd-filemanager,亮,True,True,True,not-blocked-now
fd-fitness,亮,True,True,True,not-blocked-now
fd-fluffychat,过墙,False,False,True,miss
fd-gallery,不变,False,False,True,hit
fd-im-vector-app,过墙,False,False,True,hit
fd-immich,不变,False,False,True,hit
fd-k9,亮,True,True,True,not-blocked-now
fd-kitchenowl,过墙,False,False,True,miss
fd-libre,过墙,False,False,True,miss
fd-libretube,不变,False,False,True,unknown
fd-meet,过墙,False,False,True,miss
fd-minetest,亮,True,True,True,not-blocked-now
fd-mobile,unknown,False,False,True,unknown
fd-mpv,亮,True,True,True,not-blocked-now
fd-musicplayer,过墙,False,False,True,hit
fd-netguard,亮,True,True,True,not-blocked-now
fd-noice,亮,False,False,True,unknown
fd-notes,亮,True,True,True,not-blocked-now
fd-organicmaps,过墙,False,False,True,miss
fd-plus,过墙,False,False,True,miss
fd-reader,过墙,False,False,True,miss
fd-saber,过墙,False,False,True,miss
fd-seal,unknown,False,False,True,hit
fd-shatteredpixeldungeon,过墙,False,False,True,miss
fd-stk,亮,True,True,True,not-blocked-now
fd-tasks,亮,True,True,True,not-blocked-now
fd-tusky,亮,True,True,True,not-blocked-now
fd-tutanota,unknown,False,False,True,hit
fd-uhabits,亮,False,False,True,unknown
fd-wifianalyzer,unknown,False,False,True,hit
firefox,过墙,False,False,True,hit
localsend,过墙,False,False,True,miss
markor,亮,True,True,True,not-blocked-now
mcdonalds,过墙,False,False,True,miss
mindustry,过墙,False,False,True,miss
newpipe,亮,True,True,True,not-blocked-now
noice,亮,False,False,True,miss
ooniprobe,亮,True,True,True,not-blocked-now
opencamera,过墙,False,False,True,miss
ppsspp,unknown,False,False,True,hit
subwaysurfers,unknown,False,False,True,hit
termux,unknown,False,False,True,unknown
toutiao,unknown,False,False,True,hit
vlc,过墙,False,False,True,miss
wikipedia,亮,False,False,True,miss
x,不变,False,False,True,hit
