app,apk_sha256,family,policy,reference_count,startup_reference_count,startup_reachable,manifest_gap_count,verdict,runtime_null_or_missing_implementation,evidence,provider_evidence
burgerking,635fe97c7cb00bbcd5ee0d1e00815addef23a930ef2225c6d7e3dd5c376c4502,service-foreground-null,stub_ok,6,0,unknown,0,conditional-runtime-requirement,unknown,evidence/reachability-burgerking.json.gz,
burgerking,635fe97c7cb00bbcd5ee0d1e00815addef23a930ef2225c6d7e3dd5c376c4502,battery-service-null,stub_ok,4,0,unknown,0,conditional-runtime-requirement,unknown,evidence/reachability-burgerking.json.gz,
burgerking,635fe97c7cb00bbcd5ee0d1e00815addef23a930ef2225c6d7e3dd5c376c4502,vibrator-info-null,stub_ok,6,0,unknown,0,conditional-runtime-requirement,unknown,evidence/reachability-burgerking.json.gz,
burgerking,635fe97c7cb00bbcd5ee0d1e00815addef23a930ef2225c6d7e3dd5c376c4502,pendingintent-null,stub_ok,32,0,unknown,0,conditional-runtime-requirement,unknown,evidence/reachability-burgerking.json.gz,
burgerking,635fe97c7cb00bbcd5ee0d1e00815addef23a930ef2225c6d7e3dd5c376c4502,alarm-initialization-null,stub_ok,15,0,unknown,0,conditional-runtime-requirement,unknown,evidence/reachability-burgerking.json.gz,
burgerking,635fe97c7cb00bbcd5ee0d1e00815addef23a930ef2225c6d7e3dd5c376c4502,process-cpu-jni,needs_real,0,0,unknown,0,no-static-evidence,unknown,evidence/reachability-burgerking.json.gz,
burgerking,635fe97c7cb00bbcd5ee0d1e00815addef23a930ef2225c6d7e3dd5c376c4502,documents-provider-permission,needs_real,0,0,unknown,0,no-static-evidence,unknown,evidence/reachability-burgerking.json.gz,evidence/providers-burgerking.json
burgerking,635fe97c7cb00bbcd5ee0d1e00815addef23a930ef2225c6d7e3dd5c376c4502,storage-initializer,needs_real,7,0,unknown,0,conditional-runtime-requirement,unknown,evidence/reachability-burgerking.json.gz,
fd-android,1e4a2e23a4bff8c8d96eae7ed809f1ebd05a4ab24650ab792c226749dd51d936,service-foreground-null,stub_ok,9,0,unknown,0,conditional-runtime-requirement,unknown,evidence/reachability-fd-android.json.gz,
fd-android,1e4a2e23a4bff8c8d96eae7ed809f1ebd05a4ab24650ab792c226749dd51d936,battery-service-null,stub_ok,0,0,unknown,0,no-static-evidence,unknown,evidence/reachability-fd-android.json.gz,
fd-android,1e4a2e23a4bff8c8d96eae7ed809f1ebd05a4ab24650ab792c226749dd51d936,vibrator-info-null,stub_ok,3,0,unknown,0,conditional-runtime-requirement,unknown,evidence/reachability-fd-android.json.gz,
fd-android,1e4a2e23a4bff8c8d96eae7ed809f1ebd05a4ab24650ab792c226749dd51d936,pendingintent-null,stub_ok,7,3,yes-static,0,conditional-runtime-requirement,unknown,evidence/reachability-fd-android.json.gz,
fd-android,1e4a2e23a4bff8c8d96eae7ed809f1ebd05a4ab24650ab792c226749dd51d936,alarm-initialization-null,stub_ok,8,0,unknown,0,conditional-runtime-requirement,unknown,evidence/reachability-fd-android.json.gz,
fd-android,1e4a2e23a4bff8c8d96eae7ed809f1ebd05a4ab24650ab792c226749dd51d936,process-cpu-jni,needs_real,0,0,unknown,0,no-static-evidence,unknown,evidence/reachability-fd-android.json.gz,
fd-android,1e4a2e23a4bff8c8d96eae7ed809f1ebd05a4ab24650ab792c226749dd51d936,documents-provider-permission,needs_real,0,0,unknown,0,no-static-evidence,unknown,evidence/reachability-fd-android.json.gz,evidence/providers-fd-android.json
fd-android,1e4a2e23a4bff8c8d96eae7ed809f1ebd05a4ab24650ab792c226749dd51d936,storage-initializer,needs_real,1,0,unknown,0,conditional-runtime-requirement,unknown,evidence/reachability-fd-android.json.gz,
fd-binaryeye,428c26249c706bd79610d03a1a985dcc0efd9dd5469fc9be92c703459a4d5f93,service-foreground-null,stub_ok,0,0,unknown,0,no-static-evidence,unknown,evidence/reachability-fd-binaryeye.json.gz,
fd-binaryeye,428c26249c706bd79610d03a1a985dcc0efd9dd5469fc9be92c703459a4d5f93,battery-service-null,stub_ok,0,0,unknown,0,no-static-evidence,unknown,evidence/reachability-fd-binaryeye.json.gz,
fd-binaryeye,428c26249c706bd79610d03a1a985dcc0efd9dd5469fc9be92c703459a4d5f93,vibrator-info-null,stub_ok,3,0,unknown,0,conditional-runtime-requirement,unknown,evidence/reachability-fd-binaryeye.json.gz,
fd-binaryeye,428c26249c706bd79610d03a1a985dcc0efd9dd5469fc9be92c703459a4d5f93,pendingintent-null,stub_ok,2,0,unknown,0,conditional-runtime-requirement,unknown,evidence/reachability-fd-binaryeye.json.gz,
fd-binaryeye,428c26249c706bd79610d03a1a985dcc0efd9dd5469fc9be92c703459a4d5f93,alarm-initialization-null,stub_ok,0,0,unknown,0,no-static-evidence,unknown,evidence/reachability-fd-binaryeye.json.gz,
fd-binaryeye,428c26249c706bd79610d03a1a985dcc0efd9dd5469fc9be92c703459a4d5f93,process-cpu-jni,needs_real,0,0,unknown,0,no-static-evidence,unknown,evidence/reachability-fd-binaryeye.json.gz,
fd-binaryeye,428c26249c706bd79610d03a1a985dcc0efd9dd5469fc9be92c703459a4d5f93,documents-provider-permission,needs_real,0,0,unknown,0,no-static-evidence,unknown,evidence/reachability-fd-binaryeye.json.gz,evidence/providers-fd-binaryeye.json
fd-binaryeye,428c26249c706bd79610d03a1a985dcc0efd9dd5469fc9be92c703459a4d5f93,storage-initializer,needs_real,2,0,unknown,0,conditional-runtime-requirement,unknown,evidence/reachability-fd-binaryeye.json.gz,
fd-catima,4f01f40d06d82fc5b8cfbbc5eccd083151a86564fbd4fa420eb54aaebf668b71,service-foreground-null,stub_ok,2,0,unknown,0,conditional-runtime-requirement,unknown,evidence/reachability-fd-catima.json.gz,
fd-catima,4f01f40d06d82fc5b8cfbbc5eccd083151a86564fbd4fa420eb54aaebf668b71,battery-service-null,stub_ok,0,0,unknown,0,no-static-evidence,unknown,evidence/reachability-fd-catima.json.gz,
fd-catima,4f01f40d06d82fc5b8cfbbc5eccd083151a86564fbd4fa420eb54aaebf668b71,vibrator-info-null,stub_ok,0,0,unknown,0,no-static-evidence,unknown,evidence/reachability-fd-catima.json.gz,
fd-catima,4f01f40d06d82fc5b8cfbbc5eccd083151a86564fbd4fa420eb54aaebf668b71,pendingintent-null,stub_ok,8,1,yes-static,0,conditional-runtime-requirement,unknown,evidence/reachability-fd-catima.json.gz,
fd-catima,4f01f40d06d82fc5b8cfbbc5eccd083151a86564fbd4fa420eb54aaebf668b71,alarm-initialization-null,stub_ok,0,0,unknown,0,no-static-evidence,unknown,evidence/reachability-fd-catima.json.gz,
fd-catima,4f01f40d06d82fc5b8cfbbc5eccd083151a86564fbd4fa420eb54aaebf668b71,process-cpu-jni,needs_real,0,0,unknown,0,no-static-evidence,unknown,evidence/reachability-fd-catima.json.gz,
fd-catima,4f01f40d06d82fc5b8cfbbc5eccd083151a86564fbd4fa420eb54aaebf668b71,documents-provider-permission,needs_real,0,0,unknown,0,no-static-evidence,unknown,evidence/reachability-fd-catima.json.gz,evidence/providers-fd-catima.json
fd-catima,4f01f40d06d82fc5b8cfbbc5eccd083151a86564fbd4fa420eb54aaebf668b71,storage-initializer,needs_real,2,0,unknown,0,conditional-runtime-requirement,unknown,evidence/reachability-fd-catima.json.gz,
fd-etar,dae01d93c8920aa63845868db2190bcc4aa6ff8410b1289de1ce27b1bb89c599,service-foreground-null,stub_ok,9,0,unknown,0,conditional-runtime-requirement,unknown,evidence/reachability-fd-etar.json.gz,
fd-etar,dae01d93c8920aa63845868db2190bcc4aa6ff8410b1289de1ce27b1bb89c599,battery-service-null,stub_ok,0,0,unknown,0,no-static-evidence,unknown,evidence/reachability-fd-etar.json.gz,
fd-etar,dae01d93c8920aa63845868db2190bcc4aa6ff8410b1289de1ce27b1bb89c599,vibrator-info-null,stub_ok,1,0,unknown,0,conditional-runtime-requirement,unknown,evidence/reachability-fd-etar.json.gz,
fd-etar,dae01d93c8920aa63845868db2190bcc4aa6ff8410b1289de1ce27b1bb89c599,pendingintent-null,stub_ok,22,0,unknown,0,conditional-runtime-requirement,unknown,evidence/reachability-fd-etar.json.gz,
fd-etar,dae01d93c8920aa63845868db2190bcc4aa6ff8410b1289de1ce27b1bb89c599,alarm-initialization-null,stub_ok,11,1,yes-static,0,conditional-runtime-requirement,unknown,evidence/reachability-fd-etar.json.gz,
fd-etar,dae01d93c8920aa63845868db2190bcc4aa6ff8410b1289de1ce27b1bb89c599,process-cpu-jni,needs_real,0,0,unknown,0,no-static-evidence,unknown,evidence/reachability-fd-etar.json.gz,
fd-etar,dae01d93c8920aa63845868db2190bcc4aa6ff8410b1289de1ce27b1bb89c599,documents-provider-permission,needs_real,0,0,unknown,0,no-static-evidence,unknown,evidence/reachability-fd-etar.json.gz,evidence/providers-fd-etar.json
fd-etar,dae01d93c8920aa63845868db2190bcc4aa6ff8410b1289de1ce27b1bb89c599,storage-initializer,needs_real,1,0,unknown,0,conditional-runtime-requirement,unknown,evidence/reachability-fd-etar.json.gz,
fd-fennec_fdroid,27f2951376ca1085e0933066c902fdfe4d260916d381e233475c5fd6964f5745,service-foreground-null,stub_ok,21,0,unknown,0,conditional-runtime-requirement,unknown,evidence/reachability-fd-fennec_fdroid.json.gz,
fd-fennec_fdroid,27f2951376ca1085e0933066c902fdfe4d260916d381e233475c5fd6964f5745,battery-service-null,stub_ok,0,0,unknown,0,no-static-evidence,unknown,evidence/reachability-fd-fennec_fdroid.json.gz,
fd-fennec_fdroid,27f2951376ca1085e0933066c902fdfe4d260916d381e233475c5fd6964f5745,vibrator-info-null,stub_ok,4,0,unknown,0,conditional-runtime-requirement,unknown,evidence/reachability-fd-fennec_fdroid.json.gz,
fd-fennec_fdroid,27f2951376ca1085e0933066c902fdfe4d260916d381e233475c5fd6964f5745,pendingintent-null,stub_ok,44,0,unknown,0,conditional-runtime-requirement,unknown,evidence/reachability-fd-fennec_fdroid.json.gz,
fd-fennec_fdroid,27f2951376ca1085e0933066c902fdfe4d260916d381e233475c5fd6964f5745,alarm-initialization-null,stub_ok,1,0,unknown,0,conditional-runtime-requirement,unknown,evidence/reachability-fd-fennec_fdroid.json.gz,
fd-fennec_fdroid,27f2951376ca1085e0933066c902fdfe4d260916d381e233475c5fd6964f5745,process-cpu-jni,needs_real,2,2,yes-static,0,conditional-runtime-requirement,unknown,evidence/reachability-fd-fennec_fdroid.json.gz,
fd-fennec_fdroid,27f2951376ca1085e0933066c902fdfe4d260916d381e233475c5fd6964f5745,documents-provider-permission,needs_real,0,0,unknown,0,no-static-evidence,unknown,evidence/reachability-fd-fennec_fdroid.json.gz,evidence/providers-fd-fennec_fdroid.json
fd-fennec_fdroid,27f2951376ca1085e0933066c902fdfe4d260916d381e233475c5fd6964f5745,storage-initializer,needs_real,5,0,unknown,0,conditional-runtime-requirement,unknown,evidence/reachability-fd-fennec_fdroid.json.gz,
fd-fluffychat,edcdf6171c09ab39ed76447c1ee11c66503d922dfe4f36f2dd429f2f9c652481,service-foreground-null,stub_ok,5,0,unknown,0,conditional-runtime-requirement,unknown,evidence/reachability-fd-fluffychat.json.gz,
fd-fluffychat,edcdf6171c09ab39ed76447c1ee11c66503d922dfe4f36f2dd429f2f9c652481,battery-service-null,stub_ok,0,0,unknown,0,no-static-evidence,unknown,evidence/reachability-fd-fluffychat.json.gz,
fd-fluffychat,edcdf6171c09ab39ed76447c1ee11c66503d922dfe4f36f2dd429f2f9c652481,vibrator-info-null,stub_ok,1,0,unknown,0,conditional-runtime-requirement,unknown,evidence/reachability-fd-fluffychat.json.gz,
fd-fluffychat,edcdf6171c09ab39ed76447c1ee11c66503d922dfe4f36f2dd429f2f9c652481,pendingintent-null,stub_ok,16,0,unknown,0,conditional-runtime-requirement,unknown,evidence/reachability-fd-fluffychat.json.gz,
fd-fluffychat,edcdf6171c09ab39ed76447c1ee11c66503d922dfe4f36f2dd429f2f9c652481,alarm-initialization-null,stub_ok,13,0,unknown,0,conditional-runtime-requirement,unknown,evidence/reachability-fd-fluffychat.json.gz,
fd-fluffychat,edcdf6171c09ab39ed76447c1ee11c66503d922dfe4f36f2dd429f2f9c652481,process-cpu-jni,needs_real,0,0,unknown,0,no-static-evidence,unknown,evidence/reachability-fd-fluffychat.json.gz,
fd-fluffychat,edcdf6171c09ab39ed76447c1ee11c66503d922dfe4f36f2dd429f2f9c652481,documents-provider-permission,needs_real,0,0,unknown,0,no-static-evidence,unknown,evidence/reachability-fd-fluffychat.json.gz,evidence/providers-fd-fluffychat.json
fd-fluffychat,edcdf6171c09ab39ed76447c1ee11c66503d922dfe4f36f2dd429f2f9c652481,storage-initializer,needs_real,5,0,unknown,0,conditional-runtime-requirement,unknown,evidence/reachability-fd-fluffychat.json.gz,
fd-immich,36b0d1368881ad6388b011d9a5bb91f7bd6133371d1eb585390c80232b9f22ea,service-foreground-null,stub_ok,10,0,unknown,0,conditional-runtime-requirement,unknown,evidence/reachability-fd-immich.json.gz,
fd-immich,36b0d1368881ad6388b011d9a5bb91f7bd6133371d1eb585390c80232b9f22ea,battery-service-null,stub_ok,0,0,unknown,0,no-static-evidence,unknown,evidence/reachability-fd-immich.json.gz,
fd-immich,36b0d1368881ad6388b011d9a5bb91f7bd6133371d1eb585390c80232b9f22ea,vibrator-info-null,stub_ok,1,0,unknown,0,conditional-runtime-requirement,unknown,evidence/reachability-fd-immich.json.gz,
fd-immich,36b0d1368881ad6388b011d9a5bb91f7bd6133371d1eb585390c80232b9f22ea,pendingintent-null,stub_ok,19,0,unknown,0,conditional-runtime-requirement,unknown,evidence/reachability-fd-immich.json.gz,
fd-immich,36b0d1368881ad6388b011d9a5bb91f7bd6133371d1eb585390c80232b9f22ea,alarm-initialization-null,stub_ok,11,0,unknown,0,conditional-runtime-requirement,unknown,evidence/reachability-fd-immich.json.gz,
fd-immich,36b0d1368881ad6388b011d9a5bb91f7bd6133371d1eb585390c80232b9f22ea,process-cpu-jni,needs_real,0,0,unknown,0,no-static-evidence,unknown,evidence/reachability-fd-immich.json.gz,
fd-immich,36b0d1368881ad6388b011d9a5bb91f7bd6133371d1eb585390c80232b9f22ea,documents-provider-permission,needs_real,0,0,unknown,0,no-static-evidence,unknown,evidence/reachability-fd-immich.json.gz,evidence/providers-fd-immich.json
fd-immich,36b0d1368881ad6388b011d9a5bb91f7bd6133371d1eb585390c80232b9f22ea,storage-initializer,needs_real,6,0,unknown,0,conditional-runtime-requirement,unknown,evidence/reachability-fd-immich.json.gz,
fd-k9,92cd3a81c7a8d066e517a50932fe85424de7752cb72e76032174d53ec36a2741,service-foreground-null,stub_ok,9,0,unknown,0,conditional-runtime-requirement,unknown,evidence/reachability-fd-k9.json.gz,
fd-k9,92cd3a81c7a8d066e517a50932fe85424de7752cb72e76032174d53ec36a2741,battery-service-null,stub_ok,0,0,unknown,0,no-static-evidence,unknown,evidence/reachability-fd-k9.json.gz,
fd-k9,92cd3a81c7a8d066e517a50932fe85424de7752cb72e76032174d53ec36a2741,vibrator-info-null,stub_ok,3,0,unknown,0,conditional-runtime-requirement,unknown,evidence/reachability-fd-k9.json.gz,
fd-k9,92cd3a81c7a8d066e517a50932fe85424de7752cb72e76032174d53ec36a2741,pendingintent-null,stub_ok,7,3,yes-static,0,conditional-runtime-requirement,unknown,evidence/reachability-fd-k9.json.gz,
fd-k9,92cd3a81c7a8d066e517a50932fe85424de7752cb72e76032174d53ec36a2741,alarm-initialization-null,stub_ok,8,0,unknown,0,conditional-runtime-requirement,unknown,evidence/reachability-fd-k9.json.gz,
fd-k9,92cd3a81c7a8d066e517a50932fe85424de7752cb72e76032174d53ec36a2741,process-cpu-jni,needs_real,0,0,unknown,0,no-static-evidence,unknown,evidence/reachability-fd-k9.json.gz,
fd-k9,92cd3a81c7a8d066e517a50932fe85424de7752cb72e76032174d53ec36a2741,documents-provider-permission,needs_real,0,0,unknown,0,no-static-evidence,unknown,evidence/reachability-fd-k9.json.gz,evidence/providers-fd-k9.json
fd-k9,92cd3a81c7a8d066e517a50932fe85424de7752cb72e76032174d53ec36a2741,storage-initializer,needs_real,1,0,unknown,0,conditional-runtime-requirement,unknown,evidence/reachability-fd-k9.json.gz,
fd-kitchenowl,c7fbb7a62636fc74f33ce443e4a844979782fd5ff3616d4c9cf80e0cf93645e1,service-foreground-null,stub_ok,0,0,unknown,0,no-static-evidence,unknown,evidence/reachability-fd-kitchenowl.json.gz,
fd-kitchenowl,c7fbb7a62636fc74f33ce443e4a844979782fd5ff3616d4c9cf80e0cf93645e1,battery-service-null,stub_ok,0,0,unknown,0,no-static-evidence,unknown,evidence/reachability-fd-kitchenowl.json.gz,
fd-kitchenowl,c7fbb7a62636fc74f33ce443e4a844979782fd5ff3616d4c9cf80e0cf93645e1,vibrator-info-null,stub_ok,0,0,unknown,0,no-static-evidence,unknown,evidence/reachability-fd-kitchenowl.json.gz,
fd-kitchenowl,c7fbb7a62636fc74f33ce443e4a844979782fd5ff3616d4c9cf80e0cf93645e1,pendingintent-null,stub_ok,4,0,unknown,0,conditional-runtime-requirement,unknown,evidence/reachability-fd-kitchenowl.json.gz,
fd-kitchenowl,c7fbb7a62636fc74f33ce443e4a844979782fd5ff3616d4c9cf80e0cf93645e1,alarm-initialization-null,stub_ok,6,0,unknown,0,conditional-runtime-requirement,unknown,evidence/reachability-fd-kitchenowl.json.gz,
fd-kitchenowl,c7fbb7a62636fc74f33ce443e4a844979782fd5ff3616d4c9cf80e0cf93645e1,process-cpu-jni,needs_real,0,0,unknown,0,no-static-evidence,unknown,evidence/reachability-fd-kitchenowl.json.gz,
fd-kitchenowl,c7fbb7a62636fc74f33ce443e4a844979782fd5ff3616d4c9cf80e0cf93645e1,documents-provider-permission,needs_real,0,0,unknown,0,no-static-evidence,unknown,evidence/reachability-fd-kitchenowl.json.gz,evidence/providers-fd-kitchenowl.json
fd-kitchenowl,c7fbb7a62636fc74f33ce443e4a844979782fd5ff3616d4c9cf80e0cf93645e1,storage-initializer,needs_real,3,0,unknown,0,conditional-runtime-requirement,unknown,evidence/reachability-fd-kitchenowl.json.gz,
fd-libre,25f986a8cae2c2086c939b0ca17f10d1cafdf82e7db20679810cb93018e6a39a,service-foreground-null,stub_ok,6,0,unknown,0,conditional-runtime-requirement,unknown,evidence/reachability-fd-libre.json.gz,
fd-libre,25f986a8cae2c2086c939b0ca17f10d1cafdf82e7db20679810cb93018e6a39a,battery-service-null,stub_ok,0,0,unknown,0,no-static-evidence,unknown,evidence/reachability-fd-libre.json.gz,
fd-libre,25f986a8cae2c2086c939b0ca17f10d1cafdf82e7db20679810cb93018e6a39a,vibrator-info-null,stub_ok,0,0,unknown,0,no-static-evidence,unknown,evidence/reachability-fd-libre.json.gz,
fd-libre,25f986a8cae2c2086c939b0ca17f10d1cafdf82e7db20679810cb93018e6a39a,pendingintent-null,stub_ok,8,0,unknown,0,conditional-runtime-requirement,unknown,evidence/reachability-fd-libre.json.gz,
fd-libre,25f986a8cae2c2086c939b0ca17f10d1cafdf82e7db20679810cb93018e6a39a,alarm-initialization-null,stub_ok,3,0,unknown,0,conditional-runtime-requirement,unknown,evidence/reachability-fd-libre.json.gz,
fd-libre,25f986a8cae2c2086c939b0ca17f10d1cafdf82e7db20679810cb93018e6a39a,process-cpu-jni,needs_real,0,0,unknown,0,no-static-evidence,unknown,evidence/reachability-fd-libre.json.gz,
fd-libre,25f986a8cae2c2086c939b0ca17f10d1cafdf82e7db20679810cb93018e6a39a,documents-provider-permission,needs_real,0,0,unknown,0,no-static-evidence,unknown,evidence/reachability-fd-libre.json.gz,evidence/providers-fd-libre.json
fd-libre,25f986a8cae2c2086c939b0ca17f10d1cafdf82e7db20679810cb93018e6a39a,storage-initializer,needs_real,3,3,yes-static,0,conditional-runtime-requirement,unknown,evidence/reachability-fd-libre.json.gz,
fd-minetest,87a136d408ed560d3d56e55ca2ac780deb7a8941635b16960c88831fb33f9233,service-foreground-null,stub_ok,2,0,unknown,0,conditional-runtime-requirement,unknown,evidence/reachability-fd-minetest.json.gz,
fd-minetest,87a136d408ed560d3d56e55ca2ac780deb7a8941635b16960c88831fb33f9233,battery-service-null,stub_ok,0,0,unknown,0,no-static-evidence,unknown,evidence/reachability-fd-minetest.json.gz,
fd-minetest,87a136d408ed560d3d56e55ca2ac780deb7a8941635b16960c88831fb33f9233,vibrator-info-null,stub_ok,6,0,unknown,0,conditional-runtime-requirement,unknown,evidence/reachability-fd-minetest.json.gz,
fd-minetest,87a136d408ed560d3d56e55ca2ac780deb7a8941635b16960c88831fb33f9233,pendingintent-null,stub_ok,5,0,unknown,0,conditional-runtime-requirement,unknown,evidence/reachability-fd-minetest.json.gz,
fd-minetest,87a136d408ed560d3d56e55ca2ac780deb7a8941635b16960c88831fb33f9233,alarm-initialization-null,stub_ok,5,0,unknown,0,conditional-runtime-requirement,unknown,evidence/reachability-fd-minetest.json.gz,
fd-minetest,87a136d408ed560d3d56e55ca2ac780deb7a8941635b16960c88831fb33f9233,process-cpu-jni,needs_real,0,0,unknown,0,no-static-evidence,unknown,evidence/reachability-fd-minetest.json.gz,
fd-minetest,87a136d408ed560d3d56e55ca2ac780deb7a8941635b16960c88831fb33f9233,documents-provider-permission,needs_real,1,1,yes-static,0,conditional-runtime-requirement,unknown,evidence/reachability-fd-minetest.json.gz,evidence/providers-fd-minetest.json
fd-minetest,87a136d408ed560d3d56e55ca2ac780deb7a8941635b16960c88831fb33f9233,storage-initializer,needs_real,1,0,unknown,0,conditional-runtime-requirement,unknown,evidence/reachability-fd-minetest.json.gz,
fd-mobile,f9f4b3ab46cc9434df811194c2d4351417f4db83a4c1a0facd0a662d69533f7f,service-foreground-null,stub_ok,18,0,unknown,0,conditional-runtime-requirement,unknown,evidence/reachability-fd-mobile.json.gz,
fd-mobile,f9f4b3ab46cc9434df811194c2d4351417f4db83a4c1a0facd0a662d69533f7f,battery-service-null,stub_ok,0,0,unknown,0,no-static-evidence,unknown,evidence/reachability-fd-mobile.json.gz,
fd-mobile,f9f4b3ab46cc9434df811194c2d4351417f4db83a4c1a0facd0a662d69533f7f,vibrator-info-null,stub_ok,1,0,unknown,0,conditional-runtime-requirement,unknown,evidence/reachability-fd-mobile.json.gz,
fd-mobile,f9f4b3ab46cc9434df811194c2d4351417f4db83a4c1a0facd0a662d69533f7f,pendingintent-null,stub_ok,22,0,unknown,0,conditional-runtime-requirement,unknown,evidence/reachability-fd-mobile.json.gz,
fd-mobile,f9f4b3ab46cc9434df811194c2d4351417f4db83a4c1a0facd0a662d69533f7f,alarm-initialization-null,stub_ok,3,0,unknown,0,conditional-runtime-requirement,unknown,evidence/reachability-fd-mobile.json.gz,
fd-mobile,f9f4b3ab46cc9434df811194c2d4351417f4db83a4c1a0facd0a662d69533f7f,process-cpu-jni,needs_real,0,0,unknown,0,no-static-evidence,unknown,evidence/reachability-fd-mobile.json.gz,
fd-mobile,f9f4b3ab46cc9434df811194c2d4351417f4db83a4c1a0facd0a662d69533f7f,documents-provider-permission,needs_real,0,0,unknown,0,no-static-evidence,unknown,evidence/reachability-fd-mobile.json.gz,evidence/providers-fd-mobile.json
fd-mobile,f9f4b3ab46cc9434df811194c2d4351417f4db83a4c1a0facd0a662d69533f7f,storage-initializer,needs_real,1,0,unknown,0,conditional-runtime-requirement,unknown,evidence/reachability-fd-mobile.json.gz,
fd-saber,5e2e3691288fdac77f988bbe26a3c557942b4fd5b4151f37ef0b8f6352127092,service-foreground-null,stub_ok,7,0,unknown,0,conditional-runtime-requirement,unknown,evidence/reachability-fd-saber.json.gz,
fd-saber,5e2e3691288fdac77f988bbe26a3c557942b4fd5b4151f37ef0b8f6352127092,battery-service-null,stub_ok,0,0,unknown,0,no-static-evidence,unknown,evidence/reachability-fd-saber.json.gz,
fd-saber,5e2e3691288fdac77f988bbe26a3c557942b4fd5b4151f37ef0b8f6352127092,vibrator-info-null,stub_ok,0,0,unknown,0,no-static-evidence,unknown,evidence/reachability-fd-saber.json.gz,
fd-saber,5e2e3691288fdac77f988bbe26a3c557942b4fd5b4151f37ef0b8f6352127092,pendingintent-null,stub_ok,9,0,unknown,0,conditional-runtime-requirement,unknown,evidence/reachability-fd-saber.json.gz,
fd-saber,5e2e3691288fdac77f988bbe26a3c557942b4fd5b4151f37ef0b8f6352127092,alarm-initialization-null,stub_ok,2,0,unknown,0,conditional-runtime-requirement,unknown,evidence/reachability-fd-saber.json.gz,
fd-saber,5e2e3691288fdac77f988bbe26a3c557942b4fd5b4151f37ef0b8f6352127092,process-cpu-jni,needs_real,0,0,unknown,0,no-static-evidence,unknown,evidence/reachability-fd-saber.json.gz,
fd-saber,5e2e3691288fdac77f988bbe26a3c557942b4fd5b4151f37ef0b8f6352127092,documents-provider-permission,needs_real,0,0,unknown,0,no-static-evidence,unknown,evidence/reachability-fd-saber.json.gz,evidence/providers-fd-saber.json
fd-saber,5e2e3691288fdac77f988bbe26a3c557942b4fd5b4151f37ef0b8f6352127092,storage-initializer,needs_real,6,0,unknown,0,conditional-runtime-requirement,unknown,evidence/reachability-fd-saber.json.gz,
fd-stk,4a01fa9b566a694f0576d86ef84cc867c7dc37ef446e7cbbbb2449e7bbb9d3c6,service-foreground-null,stub_ok,0,0,unknown,0,no-static-evidence,unknown,evidence/reachability-fd-stk.json.gz,
fd-stk,4a01fa9b566a694f0576d86ef84cc867c7dc37ef446e7cbbbb2449e7bbb9d3c6,battery-service-null,stub_ok,0,0,unknown,0,no-static-evidence,unknown,evidence/reachability-fd-stk.json.gz,
fd-stk,4a01fa9b566a694f0576d86ef84cc867c7dc37ef446e7cbbbb2449e7bbb9d3c6,vibrator-info-null,stub_ok,6,0,unknown,0,conditional-runtime-requirement,unknown,evidence/reachability-fd-stk.json.gz,
fd-stk,4a01fa9b566a694f0576d86ef84cc867c7dc37ef446e7cbbbb2449e7bbb9d3c6,pendingintent-null,stub_ok,1,0,unknown,0,conditional-runtime-requirement,unknown,evidence/reachability-fd-stk.json.gz,
fd-stk,4a01fa9b566a694f0576d86ef84cc867c7dc37ef446e7cbbbb2449e7bbb9d3c6,alarm-initialization-null,stub_ok,0,0,unknown,0,no-static-evidence,unknown,evidence/reachability-fd-stk.json.gz,
fd-stk,4a01fa9b566a694f0576d86ef84cc867c7dc37ef446e7cbbbb2449e7bbb9d3c6,process-cpu-jni,needs_real,0,0,unknown,0,no-static-evidence,unknown,evidence/reachability-fd-stk.json.gz,
fd-stk,4a01fa9b566a694f0576d86ef84cc867c7dc37ef446e7cbbbb2449e7bbb9d3c6,documents-provider-permission,needs_real,0,0,unknown,0,no-static-evidence,unknown,evidence/reachability-fd-stk.json.gz,evidence/providers-fd-stk.json
fd-stk,4a01fa9b566a694f0576d86ef84cc867c7dc37ef446e7cbbbb2449e7bbb9d3c6,storage-initializer,needs_real,0,0,unknown,0,no-static-evidence,unknown,evidence/reachability-fd-stk.json.gz,
localsend,82ec3568fba2aa5295b9aae8b76f701d7a4703d86b9f8bad749472038fbaeab3,service-foreground-null,stub_ok,3,0,unknown,0,conditional-runtime-requirement,unknown,evidence/reachability-localsend.json.gz,
localsend,82ec3568fba2aa5295b9aae8b76f701d7a4703d86b9f8bad749472038fbaeab3,battery-service-null,stub_ok,0,0,unknown,0,no-static-evidence,unknown,evidence/reachability-localsend.json.gz,
localsend,82ec3568fba2aa5295b9aae8b76f701d7a4703d86b9f8bad749472038fbaeab3,vibrator-info-null,stub_ok,0,0,unknown,0,no-static-evidence,unknown,evidence/reachability-localsend.json.gz,
localsend,82ec3568fba2aa5295b9aae8b76f701d7a4703d86b9f8bad749472038fbaeab3,pendingintent-null,stub_ok,8,0,unknown,0,conditional-runtime-requirement,unknown,evidence/reachability-localsend.json.gz,
localsend,82ec3568fba2aa5295b9aae8b76f701d7a4703d86b9f8bad749472038fbaeab3,alarm-initialization-null,stub_ok,4,0,unknown,0,conditional-runtime-requirement,unknown,evidence/reachability-localsend.json.gz,
localsend,82ec3568fba2aa5295b9aae8b76f701d7a4703d86b9f8bad749472038fbaeab3,process-cpu-jni,needs_real,0,0,unknown,0,no-static-evidence,unknown,evidence/reachability-localsend.json.gz,
localsend,82ec3568fba2aa5295b9aae8b76f701d7a4703d86b9f8bad749472038fbaeab3,documents-provider-permission,needs_real,0,0,unknown,0,no-static-evidence,unknown,evidence/reachability-localsend.json.gz,evidence/providers-localsend.json
localsend,82ec3568fba2aa5295b9aae8b76f701d7a4703d86b9f8bad749472038fbaeab3,storage-initializer,needs_real,8,0,unknown,0,conditional-runtime-requirement,unknown,evidence/reachability-localsend.json.gz,
mindustry,96f8dacbd2de964a26079dcd1928b3e5ca7d9b99207571acc802f7c7cff34508,service-foreground-null,stub_ok,0,0,unknown,0,no-static-evidence,unknown,evidence/reachability-mindustry.json.gz,
mindustry,96f8dacbd2de964a26079dcd1928b3e5ca7d9b99207571acc802f7c7cff34508,battery-service-null,stub_ok,0,0,unknown,0,no-static-evidence,unknown,evidence/reachability-mindustry.json.gz,
mindustry,96f8dacbd2de964a26079dcd1928b3e5ca7d9b99207571acc802f7c7cff34508,vibrator-info-null,stub_ok,4,0,unknown,0,conditional-runtime-requirement,unknown,evidence/reachability-mindustry.json.gz,
mindustry,96f8dacbd2de964a26079dcd1928b3e5ca7d9b99207571acc802f7c7cff34508,pendingintent-null,stub_ok,0,0,unknown,0,no-static-evidence,unknown,evidence/reachability-mindustry.json.gz,
mindustry,96f8dacbd2de964a26079dcd1928b3e5ca7d9b99207571acc802f7c7cff34508,alarm-initialization-null,stub_ok,0,0,unknown,0,no-static-evidence,unknown,evidence/reachability-mindustry.json.gz,
mindustry,96f8dacbd2de964a26079dcd1928b3e5ca7d9b99207571acc802f7c7cff34508,process-cpu-jni,needs_real,0,0,unknown,0,no-static-evidence,unknown,evidence/reachability-mindustry.json.gz,
mindustry,96f8dacbd2de964a26079dcd1928b3e5ca7d9b99207571acc802f7c7cff34508,documents-provider-permission,needs_real,0,0,unknown,0,no-static-evidence,unknown,evidence/reachability-mindustry.json.gz,evidence/providers-mindustry.json
mindustry,96f8dacbd2de964a26079dcd1928b3e5ca7d9b99207571acc802f7c7cff34508,storage-initializer,needs_real,1,1,yes-static,0,conditional-runtime-requirement,unknown,evidence/reachability-mindustry.json.gz,
noice,bbb21d7321668031774b5fc2e44ce632d7b2538853e09083a258f127631e845d,service-foreground-null,stub_ok,10,1,yes-static,0,conditional-runtime-requirement,unknown,evidence/reachability-noice.json.gz,
noice,bbb21d7321668031774b5fc2e44ce632d7b2538853e09083a258f127631e845d,battery-service-null,stub_ok,0,0,unknown,0,no-static-evidence,unknown,evidence/reachability-noice.json.gz,
noice,bbb21d7321668031774b5fc2e44ce632d7b2538853e09083a258f127631e845d,vibrator-info-null,stub_ok,6,0,unknown,0,conditional-runtime-requirement,unknown,evidence/reachability-noice.json.gz,
noice,bbb21d7321668031774b5fc2e44ce632d7b2538853e09083a258f127631e845d,pendingintent-null,stub_ok,24,0,unknown,0,conditional-runtime-requirement,unknown,evidence/reachability-noice.json.gz,
noice,bbb21d7321668031774b5fc2e44ce632d7b2538853e09083a258f127631e845d,alarm-initialization-null,stub_ok,10,0,unknown,0,conditional-runtime-requirement,unknown,evidence/reachability-noice.json.gz,
noice,bbb21d7321668031774b5fc2e44ce632d7b2538853e09083a258f127631e845d,process-cpu-jni,needs_real,0,0,unknown,0,no-static-evidence,unknown,evidence/reachability-noice.json.gz,
noice,bbb21d7321668031774b5fc2e44ce632d7b2538853e09083a258f127631e845d,documents-provider-permission,needs_real,0,0,unknown,0,no-static-evidence,unknown,evidence/reachability-noice.json.gz,evidence/providers-noice.json
noice,bbb21d7321668031774b5fc2e44ce632d7b2538853e09083a258f127631e845d,storage-initializer,needs_real,0,0,unknown,0,no-static-evidence,unknown,evidence/reachability-noice.json.gz,
ooniprobe,7a5bc50be59ad5ed7526dd510a2128a6dc92ba08bd272e3645622783ba91a319,service-foreground-null,stub_ok,6,0,unknown,0,conditional-runtime-requirement,unknown,evidence/reachability-ooniprobe.json.gz,
ooniprobe,7a5bc50be59ad5ed7526dd510a2128a6dc92ba08bd272e3645622783ba91a319,battery-service-null,stub_ok,0,0,unknown,0,no-static-evidence,unknown,evidence/reachability-ooniprobe.json.gz,
ooniprobe,7a5bc50be59ad5ed7526dd510a2128a6dc92ba08bd272e3645622783ba91a319,vibrator-info-null,stub_ok,0,0,unknown,0,no-static-evidence,unknown,evidence/reachability-ooniprobe.json.gz,
ooniprobe,7a5bc50be59ad5ed7526dd510a2128a6dc92ba08bd272e3645622783ba91a319,pendingintent-null,stub_ok,5,0,unknown,0,conditional-runtime-requirement,unknown,evidence/reachability-ooniprobe.json.gz,
ooniprobe,7a5bc50be59ad5ed7526dd510a2128a6dc92ba08bd272e3645622783ba91a319,alarm-initialization-null,stub_ok,1,0,unknown,0,conditional-runtime-requirement,unknown,evidence/reachability-ooniprobe.json.gz,
ooniprobe,7a5bc50be59ad5ed7526dd510a2128a6dc92ba08bd272e3645622783ba91a319,process-cpu-jni,needs_real,0,0,unknown,0,no-static-evidence,unknown,evidence/reachability-ooniprobe.json.gz,
ooniprobe,7a5bc50be59ad5ed7526dd510a2128a6dc92ba08bd272e3645622783ba91a319,documents-provider-permission,needs_real,0,0,unknown,0,no-static-evidence,unknown,evidence/reachability-ooniprobe.json.gz,evidence/providers-ooniprobe.json
ooniprobe,7a5bc50be59ad5ed7526dd510a2128a6dc92ba08bd272e3645622783ba91a319,storage-initializer,needs_real,1,1,yes-static,0,conditional-runtime-requirement,unknown,evidence/reachability-ooniprobe.json.gz,
opencamera,ca5672ca8c7174554ca0b07b5b26e505817a05142f571cf2abe67e790c30249c,service-foreground-null,stub_ok,7,0,unknown,0,conditional-runtime-requirement,unknown,evidence/reachability-opencamera.json.gz,
opencamera,ca5672ca8c7174554ca0b07b5b26e505817a05142f571cf2abe67e790c30249c,battery-service-null,stub_ok,0,0,unknown,0,no-static-evidence,unknown,evidence/reachability-opencamera.json.gz,
opencamera,ca5672ca8c7174554ca0b07b5b26e505817a05142f571cf2abe67e790c30249c,vibrator-info-null,stub_ok,0,0,unknown,0,no-static-evidence,unknown,evidence/reachability-opencamera.json.gz,
opencamera,ca5672ca8c7174554ca0b07b5b26e505817a05142f571cf2abe67e790c30249c,pendingintent-null,stub_ok,12,0,unknown,0,conditional-runtime-requirement,unknown,evidence/reachability-opencamera.json.gz,
opencamera,ca5672ca8c7174554ca0b07b5b26e505817a05142f571cf2abe67e790c30249c,alarm-initialization-null,stub_ok,5,0,unknown,0,conditional-runtime-requirement,unknown,evidence/reachability-opencamera.json.gz,
opencamera,ca5672ca8c7174554ca0b07b5b26e505817a05142f571cf2abe67e790c30249c,process-cpu-jni,needs_real,0,0,unknown,0,no-static-evidence,unknown,evidence/reachability-opencamera.json.gz,
opencamera,ca5672ca8c7174554ca0b07b5b26e505817a05142f571cf2abe67e790c30249c,documents-provider-permission,needs_real,0,0,unknown,0,no-static-evidence,unknown,evidence/reachability-opencamera.json.gz,evidence/providers-opencamera.json
opencamera,ca5672ca8c7174554ca0b07b5b26e505817a05142f571cf2abe67e790c30249c,storage-initializer,needs_real,3,1,yes-static,0,conditional-runtime-requirement,unknown,evidence/reachability-opencamera.json.gz,
wikipedia,eba82a0f77940d8a6be5bd2e53723675a59859a6c8a51be5e50bd034fc77101f,service-foreground-null,stub_ok,6,0,unknown,0,conditional-runtime-requirement,unknown,evidence/reachability-wikipedia.json.gz,
wikipedia,eba82a0f77940d8a6be5bd2e53723675a59859a6c8a51be5e50bd034fc77101f,battery-service-null,stub_ok,0,0,unknown,0,no-static-evidence,unknown,evidence/reachability-wikipedia.json.gz,
wikipedia,eba82a0f77940d8a6be5bd2e53723675a59859a6c8a51be5e50bd034fc77101f,vibrator-info-null,stub_ok,2,0,unknown,0,conditional-runtime-requirement,unknown,evidence/reachability-wikipedia.json.gz,
wikipedia,eba82a0f77940d8a6be5bd2e53723675a59859a6c8a51be5e50bd034fc77101f,pendingintent-null,stub_ok,20,1,yes-static,0,conditional-runtime-requirement,unknown,evidence/reachability-wikipedia.json.gz,
wikipedia,eba82a0f77940d8a6be5bd2e53723675a59859a6c8a51be5e50bd034fc77101f,alarm-initialization-null,stub_ok,10,1,yes-static,0,conditional-runtime-requirement,unknown,evidence/reachability-wikipedia.json.gz,
wikipedia,eba82a0f77940d8a6be5bd2e53723675a59859a6c8a51be5e50bd034fc77101f,process-cpu-jni,needs_real,0,0,unknown,0,no-static-evidence,unknown,evidence/reachability-wikipedia.json.gz,
wikipedia,eba82a0f77940d8a6be5bd2e53723675a59859a6c8a51be5e50bd034fc77101f,documents-provider-permission,needs_real,0,0,unknown,0,no-static-evidence,unknown,evidence/reachability-wikipedia.json.gz,evidence/providers-wikipedia.json
wikipedia,eba82a0f77940d8a6be5bd2e53723675a59859a6c8a51be5e50bd034fc77101f,storage-initializer,needs_real,1,0,unknown,0,conditional-runtime-requirement,unknown,evidence/reachability-wikipedia.json.gz,
termux,e6265a57eb5ca363808488e3b01955958bed93bc0c8a0d281849b363b11027ec,service-foreground-null,stub_ok,4,0,unknown,0,conditional-runtime-requirement,unknown,evidence/reachability-termux.json.gz,
termux,e6265a57eb5ca363808488e3b01955958bed93bc0c8a0d281849b363b11027ec,battery-service-null,stub_ok,0,0,unknown,0,no-static-evidence,unknown,evidence/reachability-termux.json.gz,
termux,e6265a57eb5ca363808488e3b01955958bed93bc0c8a0d281849b363b11027ec,vibrator-info-null,stub_ok,2,0,unknown,0,conditional-runtime-requirement,unknown,evidence/reachability-termux.json.gz,
termux,e6265a57eb5ca363808488e3b01955958bed93bc0c8a0d281849b363b11027ec,pendingintent-null,stub_ok,8,0,unknown,0,conditional-runtime-requirement,unknown,evidence/reachability-termux.json.gz,
termux,e6265a57eb5ca363808488e3b01955958bed93bc0c8a0d281849b363b11027ec,alarm-initialization-null,stub_ok,0,0,unknown,0,no-static-evidence,unknown,evidence/reachability-termux.json.gz,
termux,e6265a57eb5ca363808488e3b01955958bed93bc0c8a0d281849b363b11027ec,process-cpu-jni,needs_real,0,0,unknown,0,no-static-evidence,unknown,evidence/reachability-termux.json.gz,
termux,e6265a57eb5ca363808488e3b01955958bed93bc0c8a0d281849b363b11027ec,documents-provider-permission,needs_real,1,1,yes-static,0,conditional-runtime-requirement,unknown,evidence/reachability-termux.json.gz,evidence/providers-termux.json
termux,e6265a57eb5ca363808488e3b01955958bed93bc0c8a0d281849b363b11027ec,storage-initializer,needs_real,10,0,unknown,0,conditional-runtime-requirement,unknown,evidence/reachability-termux.json.gz,
antennapod,3f43a4337a693cdb49141afe06cb596e88c796009ed77bff51e9444ce2d1ebfc,service-foreground-null,stub_ok,11,0,unknown,0,conditional-runtime-requirement,unknown,evidence/reachability-antennapod.json.gz,
antennapod,3f43a4337a693cdb49141afe06cb596e88c796009ed77bff51e9444ce2d1ebfc,battery-service-null,stub_ok,0,0,unknown,0,no-static-evidence,unknown,evidence/reachability-antennapod.json.gz,
antennapod,3f43a4337a693cdb49141afe06cb596e88c796009ed77bff51e9444ce2d1ebfc,vibrator-info-null,stub_ok,5,0,unknown,0,conditional-runtime-requirement,unknown,evidence/reachability-antennapod.json.gz,
antennapod,3f43a4337a693cdb49141afe06cb596e88c796009ed77bff51e9444ce2d1ebfc,pendingintent-null,stub_ok,30,0,unknown,0,conditional-runtime-requirement,unknown,evidence/reachability-antennapod.json.gz,
antennapod,3f43a4337a693cdb49141afe06cb596e88c796009ed77bff51e9444ce2d1ebfc,alarm-initialization-null,stub_ok,3,0,unknown,0,conditional-runtime-requirement,unknown,evidence/reachability-antennapod.json.gz,
antennapod,3f43a4337a693cdb49141afe06cb596e88c796009ed77bff51e9444ce2d1ebfc,process-cpu-jni,needs_real,0,0,unknown,0,no-static-evidence,unknown,evidence/reachability-antennapod.json.gz,
antennapod,3f43a4337a693cdb49141afe06cb596e88c796009ed77bff51e9444ce2d1ebfc,documents-provider-permission,needs_real,0,0,unknown,0,no-static-evidence,unknown,evidence/reachability-antennapod.json.gz,evidence/providers-antennapod.json
antennapod,3f43a4337a693cdb49141afe06cb596e88c796009ed77bff51e9444ce2d1ebfc,storage-initializer,needs_real,1,0,unknown,0,conditional-runtime-requirement,unknown,evidence/reachability-antennapod.json.gz,
aegis,0eecec45de0da3ff1358004b51e2960d9178551643a6ed44f6496ea9ec999c19,service-foreground-null,stub_ok,0,0,unknown,0,no-static-evidence,unknown,evidence/reachability-aegis.json.gz,
aegis,0eecec45de0da3ff1358004b51e2960d9178551643a6ed44f6496ea9ec999c19,battery-service-null,stub_ok,0,0,unknown,0,no-static-evidence,unknown,evidence/reachability-aegis.json.gz,
aegis,0eecec45de0da3ff1358004b51e2960d9178551643a6ed44f6496ea9ec999c19,vibrator-info-null,stub_ok,2,0,unknown,0,conditional-runtime-requirement,unknown,evidence/reachability-aegis.json.gz,
aegis,0eecec45de0da3ff1358004b51e2960d9178551643a6ed44f6496ea9ec999c19,pendingintent-null,stub_ok,3,0,unknown,0,conditional-runtime-requirement,unknown,evidence/reachability-aegis.json.gz,
aegis,0eecec45de0da3ff1358004b51e2960d9178551643a6ed44f6496ea9ec999c19,alarm-initialization-null,stub_ok,0,0,unknown,0,no-static-evidence,unknown,evidence/reachability-aegis.json.gz,
aegis,0eecec45de0da3ff1358004b51e2960d9178551643a6ed44f6496ea9ec999c19,process-cpu-jni,needs_real,0,0,unknown,0,no-static-evidence,unknown,evidence/reachability-aegis.json.gz,
aegis,0eecec45de0da3ff1358004b51e2960d9178551643a6ed44f6496ea9ec999c19,documents-provider-permission,needs_real,0,0,unknown,0,no-static-evidence,unknown,evidence/reachability-aegis.json.gz,evidence/providers-aegis.json
aegis,0eecec45de0da3ff1358004b51e2960d9178551643a6ed44f6496ea9ec999c19,storage-initializer,needs_real,1,0,unknown,0,conditional-runtime-requirement,unknown,evidence/reachability-aegis.json.gz,
fd-AppManager,e1f6ba10812c74016ad626e11e27a1ae450aec2c0964a11466abb9e7a9c8ef84,service-foreground-null,stub_ok,7,0,unknown,0,conditional-runtime-requirement,unknown,evidence/reachability-fd-AppManager.json.gz,
fd-AppManager,e1f6ba10812c74016ad626e11e27a1ae450aec2c0964a11466abb9e7a9c8ef84,battery-service-null,stub_ok,0,0,unknown,0,no-static-evidence,unknown,evidence/reachability-fd-AppManager.json.gz,
fd-AppManager,e1f6ba10812c74016ad626e11e27a1ae450aec2c0964a11466abb9e7a9c8ef84,vibrator-info-null,stub_ok,0,0,unknown,0,no-static-evidence,unknown,evidence/reachability-fd-AppManager.json.gz,
fd-AppManager,e1f6ba10812c74016ad626e11e27a1ae450aec2c0964a11466abb9e7a9c8ef84,pendingintent-null,stub_ok,6,0,unknown,0,conditional-runtime-requirement,unknown,evidence/reachability-fd-AppManager.json.gz,
fd-AppManager,e1f6ba10812c74016ad626e11e27a1ae450aec2c0964a11466abb9e7a9c8ef84,alarm-initialization-null,stub_ok,7,0,unknown,0,conditional-runtime-requirement,unknown,evidence/reachability-fd-AppManager.json.gz,
fd-AppManager,e1f6ba10812c74016ad626e11e27a1ae450aec2c0964a11466abb9e7a9c8ef84,process-cpu-jni,needs_real,0,0,unknown,0,no-static-evidence,unknown,evidence/reachability-fd-AppManager.json.gz,
fd-AppManager,e1f6ba10812c74016ad626e11e27a1ae450aec2c0964a11466abb9e7a9c8ef84,documents-provider-permission,needs_real,0,0,unknown,0,no-static-evidence,unknown,evidence/reachability-fd-AppManager.json.gz,evidence/providers-fd-AppManager.json
fd-AppManager,e1f6ba10812c74016ad626e11e27a1ae450aec2c0964a11466abb9e7a9c8ef84,storage-initializer,needs_real,8,1,yes-static,0,conditional-runtime-requirement,unknown,evidence/reachability-fd-AppManager.json.gz,
fd-auxio,c2053d36c28dbe74de40eadcd8978ec874c465ed3352bba655d4b2b364780b45,service-foreground-null,stub_ok,5,2,yes-static,0,conditional-runtime-requirement,unknown,evidence/reachability-fd-auxio.json.gz,
fd-auxio,c2053d36c28dbe74de40eadcd8978ec874c465ed3352bba655d4b2b364780b45,battery-service-null,stub_ok,0,0,unknown,0,no-static-evidence,unknown,evidence/reachability-fd-auxio.json.gz,
fd-auxio,c2053d36c28dbe74de40eadcd8978ec874c465ed3352bba655d4b2b364780b45,vibrator-info-null,stub_ok,0,0,unknown,0,no-static-evidence,unknown,evidence/reachability-fd-auxio.json.gz,
fd-auxio,c2053d36c28dbe74de40eadcd8978ec874c465ed3352bba655d4b2b364780b45,pendingintent-null,stub_ok,3,0,unknown,0,conditional-runtime-requirement,unknown,evidence/reachability-fd-auxio.json.gz,
fd-auxio,c2053d36c28dbe74de40eadcd8978ec874c465ed3352bba655d4b2b364780b45,alarm-initialization-null,stub_ok,0,0,unknown,0,no-static-evidence,unknown,evidence/reachability-fd-auxio.json.gz,
fd-auxio,c2053d36c28dbe74de40eadcd8978ec874c465ed3352bba655d4b2b364780b45,process-cpu-jni,needs_real,0,0,unknown,0,no-static-evidence,unknown,evidence/reachability-fd-auxio.json.gz,
fd-auxio,c2053d36c28dbe74de40eadcd8978ec874c465ed3352bba655d4b2b364780b45,documents-provider-permission,needs_real,0,0,unknown,0,no-static-evidence,unknown,evidence/reachability-fd-auxio.json.gz,evidence/providers-fd-auxio.json
fd-auxio,c2053d36c28dbe74de40eadcd8978ec874c465ed3352bba655d4b2b364780b45,storage-initializer,needs_real,2,0,unknown,0,conditional-runtime-requirement,unknown,evidence/reachability-fd-auxio.json.gz,
fd-com-amaze-filemanager,35e0338dac1bf026f22d91e1b096c1c6eff1424ad7d6be52a7f8d3fe50987530,service-foreground-null,stub_ok,11,0,unknown,0,conditional-runtime-requirement,unknown,evidence/reachability-fd-com-amaze-filemanager.json.gz,
fd-com-amaze-filemanager,35e0338dac1bf026f22d91e1b096c1c6eff1424ad7d6be52a7f8d3fe50987530,battery-service-null,stub_ok,0,0,unknown,0,no-static-evidence,unknown,evidence/reachability-fd-com-amaze-filemanager.json.gz,
fd-com-amaze-filemanager,35e0338dac1bf026f22d91e1b096c1c6eff1424ad7d6be52a7f8d3fe50987530,vibrator-info-null,stub_ok,0,0,unknown,0,no-static-evidence,unknown,evidence/reachability-fd-com-amaze-filemanager.json.gz,
fd-com-amaze-filemanager,35e0338dac1bf026f22d91e1b096c1c6eff1424ad7d6be52a7f8d3fe50987530,pendingintent-null,stub_ok,15,0,unknown,0,conditional-runtime-requirement,unknown,evidence/reachability-fd-com-amaze-filemanager.json.gz,
fd-com-amaze-filemanager,35e0338dac1bf026f22d91e1b096c1c6eff1424ad7d6be52a7f8d3fe50987530,alarm-initialization-null,stub_ok,1,0,unknown,0,conditional-runtime-requirement,unknown,evidence/reachability-fd-com-amaze-filemanager.json.gz,
fd-com-amaze-filemanager,35e0338dac1bf026f22d91e1b096c1c6eff1424ad7d6be52a7f8d3fe50987530,process-cpu-jni,needs_real,0,0,unknown,0,no-static-evidence,unknown,evidence/reachability-fd-com-amaze-filemanager.json.gz,
fd-com-amaze-filemanager,35e0338dac1bf026f22d91e1b096c1c6eff1424ad7d6be52a7f8d3fe50987530,documents-provider-permission,needs_real,0,0,unknown,0,no-static-evidence,unknown,evidence/reachability-fd-com-amaze-filemanager.json.gz,evidence/providers-fd-com-amaze-filemanager.json
fd-com-amaze-filemanager,35e0338dac1bf026f22d91e1b096c1c6eff1424ad7d6be52a7f8d3fe50987530,storage-initializer,needs_real,21,9,yes-static,0,conditional-runtime-requirement,unknown,evidence/reachability-fd-com-amaze-filemanager.json.gz,
fd-com-kunzisoft-keepass-libre,862f87a30baef06181f049adf7c460611605b25a807eaf3c25841a9dd84bed9e,service-foreground-null,stub_ok,2,0,unknown,0,conditional-runtime-requirement,unknown,evidence/reachability-fd-com-kunzisoft-keepass-libre.json.gz,
fd-com-kunzisoft-keepass-libre,862f87a30baef06181f049adf7c460611605b25a807eaf3c25841a9dd84bed9e,battery-service-null,stub_ok,0,0,unknown,0,no-static-evidence,unknown,evidence/reachability-fd-com-kunzisoft-keepass-libre.json.gz,
fd-com-kunzisoft-keepass-libre,862f87a30baef06181f049adf7c460611605b25a807eaf3c25841a9dd84bed9e,vibrator-info-null,stub_ok,0,0,unknown,0,no-static-evidence,unknown,evidence/reachability-fd-com-kunzisoft-keepass-libre.json.gz,
fd-com-kunzisoft-keepass-libre,862f87a30baef06181f049adf7c460611605b25a807eaf3c25841a9dd84bed9e,pendingintent-null,stub_ok,23,0,unknown,0,conditional-runtime-requirement,unknown,evidence/reachability-fd-com-kunzisoft-keepass-libre.json.gz,
fd-com-kunzisoft-keepass-libre,862f87a30baef06181f049adf7c460611605b25a807eaf3c25841a9dd84bed9e,alarm-initialization-null,stub_ok,12,0,unknown,0,conditional-runtime-requirement,unknown,evidence/reachability-fd-com-kunzisoft-keepass-libre.json.gz,
fd-com-kunzisoft-keepass-libre,862f87a30baef06181f049adf7c460611605b25a807eaf3c25841a9dd84bed9e,process-cpu-jni,needs_real,0,0,unknown,0,no-static-evidence,unknown,evidence/reachability-fd-com-kunzisoft-keepass-libre.json.gz,
fd-com-kunzisoft-keepass-libre,862f87a30baef06181f049adf7c460611605b25a807eaf3c25841a9dd84bed9e,documents-provider-permission,needs_real,0,0,unknown,0,no-static-evidence,unknown,evidence/reachability-fd-com-kunzisoft-keepass-libre.json.gz,evidence/providers-fd-com-kunzisoft-keepass-libre.json
fd-com-kunzisoft-keepass-libre,862f87a30baef06181f049adf7c460611605b25a807eaf3c25841a9dd84bed9e,storage-initializer,needs_real,1,0,unknown,0,conditional-runtime-requirement,unknown,evidence/reachability-fd-com-kunzisoft-keepass-libre.json.gz,
fd-droidify,da3070f3f18bdbed1eab666677afd39e4b19a60c70f0bfca68a5730147f81f10,service-foreground-null,stub_ok,9,3,yes-static,0,conditional-runtime-requirement,unknown,evidence/reachability-fd-droidify.json.gz,
fd-droidify,da3070f3f18bdbed1eab666677afd39e4b19a60c70f0bfca68a5730147f81f10,battery-service-null,stub_ok,0,0,unknown,0,no-static-evidence,unknown,evidence/reachability-fd-droidify.json.gz,
fd-droidify,da3070f3f18bdbed1eab666677afd39e4b19a60c70f0bfca68a5730147f81f10,vibrator-info-null,stub_ok,0,0,unknown,0,no-static-evidence,unknown,evidence/reachability-fd-droidify.json.gz,
fd-droidify,da3070f3f18bdbed1eab666677afd39e4b19a60c70f0bfca68a5730147f81f10,pendingintent-null,stub_ok,11,2,yes-static,0,conditional-runtime-requirement,unknown,evidence/reachability-fd-droidify.json.gz,
fd-droidify,da3070f3f18bdbed1eab666677afd39e4b19a60c70f0bfca68a5730147f81f10,alarm-initialization-null,stub_ok,1,0,unknown,0,conditional-runtime-requirement,unknown,evidence/reachability-fd-droidify.json.gz,
fd-droidify,da3070f3f18bdbed1eab666677afd39e4b19a60c70f0bfca68a5730147f81f10,process-cpu-jni,needs_real,0,0,unknown,0,no-static-evidence,unknown,evidence/reachability-fd-droidify.json.gz,
fd-droidify,da3070f3f18bdbed1eab666677afd39e4b19a60c70f0bfca68a5730147f81f10,documents-provider-permission,needs_real,0,0,unknown,0,no-static-evidence,unknown,evidence/reachability-fd-droidify.json.gz,evidence/providers-fd-droidify.json
fd-droidify,da3070f3f18bdbed1eab666677afd39e4b19a60c70f0bfca68a5730147f81f10,storage-initializer,needs_real,0,0,unknown,0,no-static-evidence,unknown,evidence/reachability-fd-droidify.json.gz,
fd-fitness,e1708c7c4256748a5825e3f898a6898dac8a0988f6499c78d63ea48bbf8f352b,service-foreground-null,stub_ok,9,0,unknown,0,conditional-runtime-requirement,unknown,evidence/reachability-fd-fitness.json.gz,
fd-fitness,e1708c7c4256748a5825e3f898a6898dac8a0988f6499c78d63ea48bbf8f352b,battery-service-null,stub_ok,0,0,unknown,0,no-static-evidence,unknown,evidence/reachability-fd-fitness.json.gz,
fd-fitness,e1708c7c4256748a5825e3f898a6898dac8a0988f6499c78d63ea48bbf8f352b,vibrator-info-null,stub_ok,2,0,unknown,0,conditional-runtime-requirement,unknown,evidence/reachability-fd-fitness.json.gz,
fd-fitness,e1708c7c4256748a5825e3f898a6898dac8a0988f6499c78d63ea48bbf8f352b,pendingintent-null,stub_ok,5,0,unknown,0,conditional-runtime-requirement,unknown,evidence/reachability-fd-fitness.json.gz,
fd-fitness,e1708c7c4256748a5825e3f898a6898dac8a0988f6499c78d63ea48bbf8f352b,alarm-initialization-null,stub_ok,1,0,unknown,0,conditional-runtime-requirement,unknown,evidence/reachability-fd-fitness.json.gz,
fd-fitness,e1708c7c4256748a5825e3f898a6898dac8a0988f6499c78d63ea48bbf8f352b,process-cpu-jni,needs_real,0,0,unknown,0,no-static-evidence,unknown,evidence/reachability-fd-fitness.json.gz,
fd-fitness,e1708c7c4256748a5825e3f898a6898dac8a0988f6499c78d63ea48bbf8f352b,documents-provider-permission,needs_real,0,0,unknown,0,no-static-evidence,unknown,evidence/reachability-fd-fitness.json.gz,evidence/providers-fd-fitness.json
fd-fitness,e1708c7c4256748a5825e3f898a6898dac8a0988f6499c78d63ea48bbf8f352b,storage-initializer,needs_real,1,0,unknown,0,conditional-runtime-requirement,unknown,evidence/reachability-fd-fitness.json.gz,
fd-netguard,158b4308da0006298d22ed557adbff24b282fddeb1bc0b3468829a60f405a8c4,service-foreground-null,stub_ok,19,0,unknown,0,conditional-runtime-requirement,unknown,evidence/reachability-fd-netguard.json.gz,
fd-netguard,158b4308da0006298d22ed557adbff24b282fddeb1bc0b3468829a60f405a8c4,battery-service-null,stub_ok,0,0,unknown,0,no-static-evidence,unknown,evidence/reachability-fd-netguard.json.gz,
fd-netguard,158b4308da0006298d22ed557adbff24b282fddeb1bc0b3468829a60f405a8c4,vibrator-info-null,stub_ok,3,0,unknown,0,conditional-runtime-requirement,unknown,evidence/reachability-fd-netguard.json.gz,
fd-netguard,158b4308da0006298d22ed557adbff24b282fddeb1bc0b3468829a60f405a8c4,pendingintent-null,stub_ok,9,0,unknown,0,conditional-runtime-requirement,unknown,evidence/reachability-fd-netguard.json.gz,
fd-netguard,158b4308da0006298d22ed557adbff24b282fddeb1bc0b3468829a60f405a8c4,alarm-initialization-null,stub_ok,10,0,unknown,0,conditional-runtime-requirement,unknown,evidence/reachability-fd-netguard.json.gz,
fd-netguard,158b4308da0006298d22ed557adbff24b282fddeb1bc0b3468829a60f405a8c4,process-cpu-jni,needs_real,0,0,unknown,0,no-static-evidence,unknown,evidence/reachability-fd-netguard.json.gz,
fd-netguard,158b4308da0006298d22ed557adbff24b282fddeb1bc0b3468829a60f405a8c4,documents-provider-permission,needs_real,0,0,unknown,0,no-static-evidence,unknown,evidence/reachability-fd-netguard.json.gz,evidence/providers-fd-netguard.json
fd-netguard,158b4308da0006298d22ed557adbff24b282fddeb1bc0b3468829a60f405a8c4,storage-initializer,needs_real,0,0,unknown,0,no-static-evidence,unknown,evidence/reachability-fd-netguard.json.gz,
fd-noice,8e11b3136977e9f5dc897de85c26add9a219ea61884feabcbcd4e33566d5d2ca,service-foreground-null,stub_ok,12,2,yes-static,0,conditional-runtime-requirement,unknown,evidence/reachability-fd-noice.json.gz,
fd-noice,8e11b3136977e9f5dc897de85c26add9a219ea61884feabcbcd4e33566d5d2ca,battery-service-null,stub_ok,0,0,unknown,0,no-static-evidence,unknown,evidence/reachability-fd-noice.json.gz,
fd-noice,8e11b3136977e9f5dc897de85c26add9a219ea61884feabcbcd4e33566d5d2ca,vibrator-info-null,stub_ok,6,0,unknown,0,conditional-runtime-requirement,unknown,evidence/reachability-fd-noice.json.gz,
fd-noice,8e11b3136977e9f5dc897de85c26add9a219ea61884feabcbcd4e33566d5d2ca,pendingintent-null,stub_ok,29,0,unknown,0,conditional-runtime-requirement,unknown,evidence/reachability-fd-noice.json.gz,
fd-noice,8e11b3136977e9f5dc897de85c26add9a219ea61884feabcbcd4e33566d5d2ca,alarm-initialization-null,stub_ok,10,0,unknown,0,conditional-runtime-requirement,unknown,evidence/reachability-fd-noice.json.gz,
fd-noice,8e11b3136977e9f5dc897de85c26add9a219ea61884feabcbcd4e33566d5d2ca,process-cpu-jni,needs_real,0,0,unknown,0,no-static-evidence,unknown,evidence/reachability-fd-noice.json.gz,
fd-noice,8e11b3136977e9f5dc897de85c26add9a219ea61884feabcbcd4e33566d5d2ca,documents-provider-permission,needs_real,0,0,unknown,0,no-static-evidence,unknown,evidence/reachability-fd-noice.json.gz,evidence/providers-fd-noice.json
fd-noice,8e11b3136977e9f5dc897de85c26add9a219ea61884feabcbcd4e33566d5d2ca,storage-initializer,needs_real,0,0,unknown,0,no-static-evidence,unknown,evidence/reachability-fd-noice.json.gz,
