component	head
base/security/selinux_adapter	076693eb976352d9cd36925cf9f0c926ae881509
base/startup/appspawn	2ba4bb44c67f8a89f89018b7187b05cfe2370c01
base/startup/init	39832394932b880b6fc0b1331d175ad1e2422dc3
build	02787d333f1027df3df59b0702d523b96e34e2d3
foundation/ability/ability_runtime	f5bca0ae447680fb30448dbfeb84fbc8e20529ca
foundation/arkui/ui_lite	7588cb40bf2ef874096cf591f936a0a810910c6b
foundation/bundlemanager/bundle_framework	c11e1e3142ef108c319a87e2d073719ca06b22b5
foundation/graphic/graphic_2d	e8bbf7588b64f4d54c25216f9244a000322b28fb
foundation/graphic/graphic_surface	57dff00e296dd7d44679170ca4ac6d9cf2990742
third_party/icu	fe8defd298b4ae508563f03b482eb529c403308e
third_party/musl	9c60bf9524fd727fc52903ddd625caf75f891ded
third_party/skia	4a34b63af50e09a57229ede6776c5cc1c262b4ed
vendor/hihope	4416cc98a68a15ea4f8cad06bbb1d5497cd60c85
