path,verdict,5ea34a45,5cd1e3dd,61b06572,historical_reference_sha256,reference_scope
/system/android/framework/adapter-mainline-stubs.jar,equal,beb369a1173eec0ce6cb070487ea100e50e7f1612e0144bf2be273ca21d7db25,beb369a1173eec0ce6cb070487ea100e50e7f1612e0144bf2be273ca21d7db25,beb369a1173eec0ce6cb070487ea100e50e7f1612e0144bf2be273ca21d7db25,not_pinned,byte difference requires component review
/system/android/framework/apache-xml.jar,equal,f79af065bdd621156cd62482dd2a455608971fbd9b2c4a82744f3301f7bc9f1f,f79af065bdd621156cd62482dd2a455608971fbd9b2c4a82744f3301f7bc9f1f,f79af065bdd621156cd62482dd2a455608971fbd9b2c4a82744f3301f7bc9f1f,not_pinned,byte difference requires component review
/system/android/framework/arm64/boot-adapter-mainline-stubs.art,equal,fd96c12667a94dd8ffa70e068b115430365e61f3a0a8d2745554d61aa2537bd8,fd96c12667a94dd8ffa70e068b115430365e61f3a0a8d2745554d61aa2537bd8,fd96c12667a94dd8ffa70e068b115430365e61f3a0a8d2745554d61aa2537bd8,not_pinned,byte difference requires component review
/system/android/framework/arm64/boot-adapter-mainline-stubs.oat,equal,27b36360cb7706e54e5f60ef18fdb9ced4652159a04d461d3e4caef76d6318b4,27b36360cb7706e54e5f60ef18fdb9ced4652159a04d461d3e4caef76d6318b4,27b36360cb7706e54e5f60ef18fdb9ced4652159a04d461d3e4caef76d6318b4,not_pinned,byte difference requires component review
/system/android/framework/arm64/boot-adapter-mainline-stubs.vdex,equal,998c2af8919e7f030a38b0df5c0e67f64093a269d9f53e2771784814decc8afe,998c2af8919e7f030a38b0df5c0e67f64093a269d9f53e2771784814decc8afe,998c2af8919e7f030a38b0df5c0e67f64093a269d9f53e2771784814decc8afe,not_pinned,byte difference requires component review
/system/android/framework/arm64/boot-apache-xml.art,equal,be0b335d698c0564de84113193fd1f923f43b22db9bf2fe05207b22161a3fdc2,be0b335d698c0564de84113193fd1f923f43b22db9bf2fe05207b22161a3fdc2,be0b335d698c0564de84113193fd1f923f43b22db9bf2fe05207b22161a3fdc2,not_pinned,byte difference requires component review
/system/android/framework/arm64/boot-apache-xml.oat,equal,9fbc55d5bf5936afe2fddab82674a533c3aedaa722f451942043f403a1700f0f,9fbc55d5bf5936afe2fddab82674a533c3aedaa722f451942043f403a1700f0f,9fbc55d5bf5936afe2fddab82674a533c3aedaa722f451942043f403a1700f0f,not_pinned,byte difference requires component review
/system/android/framework/arm64/boot-apache-xml.vdex,equal,5cdf56053f7118ec232a8dee49fd0fe53816d82a3f6587a1a335964871970f83,5cdf56053f7118ec232a8dee49fd0fe53816d82a3f6587a1a335964871970f83,5cdf56053f7118ec232a8dee49fd0fe53816d82a3f6587a1a335964871970f83,not_pinned,byte difference requires component review
/system/android/framework/arm64/boot-bouncycastle.art,equal,0dcf0f58a1251db24dddf69661e00511445e100faa4c93737ada32a2098ff060,0dcf0f58a1251db24dddf69661e00511445e100faa4c93737ada32a2098ff060,0dcf0f58a1251db24dddf69661e00511445e100faa4c93737ada32a2098ff060,not_pinned,byte difference requires component review
/system/android/framework/arm64/boot-bouncycastle.oat,equal,932abb2bd802663c7b4abdb8fe79b8f8a8cc870678c1fb2a72fb3e16dd5547fb,932abb2bd802663c7b4abdb8fe79b8f8a8cc870678c1fb2a72fb3e16dd5547fb,932abb2bd802663c7b4abdb8fe79b8f8a8cc870678c1fb2a72fb3e16dd5547fb,not_pinned,byte difference requires component review
/system/android/framework/arm64/boot-bouncycastle.vdex,equal,51d42e85675ee72420775bf9e532ab3c3ba1dd8e41832037c2f225076fec0d67,51d42e85675ee72420775bf9e532ab3c3ba1dd8e41832037c2f225076fec0d67,51d42e85675ee72420775bf9e532ab3c3ba1dd8e41832037c2f225076fec0d67,not_pinned,byte difference requires component review
/system/android/framework/arm64/boot-core-icu4j.art,equal,339040032b0d7a3802acd8e17ddb65646de9005acdb3029ee5a1644f9f0e3d06,339040032b0d7a3802acd8e17ddb65646de9005acdb3029ee5a1644f9f0e3d06,339040032b0d7a3802acd8e17ddb65646de9005acdb3029ee5a1644f9f0e3d06,not_pinned,byte difference requires component review
/system/android/framework/arm64/boot-core-icu4j.oat,equal,4a8423844f08042edefc604852c5f38e86934f81f8833040e7ad0ab7241fa82f,4a8423844f08042edefc604852c5f38e86934f81f8833040e7ad0ab7241fa82f,4a8423844f08042edefc604852c5f38e86934f81f8833040e7ad0ab7241fa82f,not_pinned,byte difference requires component review
/system/android/framework/arm64/boot-core-icu4j.vdex,equal,8da239f3c7c297f0cc88d0a6ebe6644004fe98713a22bc81b1b5ee4159ac48ab,8da239f3c7c297f0cc88d0a6ebe6644004fe98713a22bc81b1b5ee4159ac48ab,8da239f3c7c297f0cc88d0a6ebe6644004fe98713a22bc81b1b5ee4159ac48ab,not_pinned,byte difference requires component review
/system/android/framework/arm64/boot-core-libart.art,equal,4bdcfdf6b1cd1110cf1843b46956562b9452933fb3f7e5df3f020b38e19c26a9,4bdcfdf6b1cd1110cf1843b46956562b9452933fb3f7e5df3f020b38e19c26a9,4bdcfdf6b1cd1110cf1843b46956562b9452933fb3f7e5df3f020b38e19c26a9,not_pinned,byte difference requires component review
/system/android/framework/arm64/boot-core-libart.oat,equal,daa3a327e1d8fc1dcaf3e0fc5a87c6a0f20a3de3373334c6a87bf849b58b97cf,daa3a327e1d8fc1dcaf3e0fc5a87c6a0f20a3de3373334c6a87bf849b58b97cf,daa3a327e1d8fc1dcaf3e0fc5a87c6a0f20a3de3373334c6a87bf849b58b97cf,not_pinned,byte difference requires component review
/system/android/framework/arm64/boot-core-libart.vdex,equal,a5a90304c7b061360829f822bea0690dc8f8a5350fc5d9c83696158d0b9b17ad,a5a90304c7b061360829f822bea0690dc8f8a5350fc5d9c83696158d0b9b17ad,a5a90304c7b061360829f822bea0690dc8f8a5350fc5d9c83696158d0b9b17ad,not_pinned,byte difference requires component review
/system/android/framework/arm64/boot-framework.art,equal,e129d601041ffa6bf3560a4d00881c90c4bd1091f195ca185698851155608310,e129d601041ffa6bf3560a4d00881c90c4bd1091f195ca185698851155608310,e129d601041ffa6bf3560a4d00881c90c4bd1091f195ca185698851155608310,not_pinned,byte difference requires component review
/system/android/framework/arm64/boot-framework.oat,equal,0ff275fa856c9a7e404b3e03460aa3b514268e9ee8a3910e0549f0750cc2d7c0,0ff275fa856c9a7e404b3e03460aa3b514268e9ee8a3910e0549f0750cc2d7c0,0ff275fa856c9a7e404b3e03460aa3b514268e9ee8a3910e0549f0750cc2d7c0,not_pinned,byte difference requires component review
/system/android/framework/arm64/boot-framework.vdex,equal,531de30496b0780d6b3bf1dcc94f15f243be855d313a9526839bb741a64d9957,531de30496b0780d6b3bf1dcc94f15f243be855d313a9526839bb741a64d9957,531de30496b0780d6b3bf1dcc94f15f243be855d313a9526839bb741a64d9957,not_pinned,byte difference requires component review
/system/android/framework/arm64/boot-oh-adapter-framework.art,equal,0b259a12b49bb7044669c9939a590964068ded11c79b60b6f9a7bf18343b1c7c,0b259a12b49bb7044669c9939a590964068ded11c79b60b6f9a7bf18343b1c7c,0b259a12b49bb7044669c9939a590964068ded11c79b60b6f9a7bf18343b1c7c,not_pinned,byte difference requires component review
/system/android/framework/arm64/boot-oh-adapter-framework.oat,equal,82c341aa072b8dbbc2913132536e39995c9c4c3e99319007d1077c456294c1bf,82c341aa072b8dbbc2913132536e39995c9c4c3e99319007d1077c456294c1bf,82c341aa072b8dbbc2913132536e39995c9c4c3e99319007d1077c456294c1bf,not_pinned,byte difference requires component review
/system/android/framework/arm64/boot-oh-adapter-framework.vdex,equal,5e0557427f19acd3adca6166a79b288535a92b370fa48ff1e2aa3accdc4f8925,5e0557427f19acd3adca6166a79b288535a92b370fa48ff1e2aa3accdc4f8925,5e0557427f19acd3adca6166a79b288535a92b370fa48ff1e2aa3accdc4f8925,not_pinned,byte difference requires component review
/system/android/framework/arm64/boot-okhttp.art,equal,882f3e75354a45a9552bf81a1d286d5eb8b1d760e9d70ddda22e33e9a4fcf5ee,882f3e75354a45a9552bf81a1d286d5eb8b1d760e9d70ddda22e33e9a4fcf5ee,882f3e75354a45a9552bf81a1d286d5eb8b1d760e9d70ddda22e33e9a4fcf5ee,not_pinned,byte difference requires component review
/system/android/framework/arm64/boot-okhttp.oat,equal,332e3d8c2ee56cc6241943cdeb94fa19fec86c2d14ddd018ec8ee7cdaecc18a1,332e3d8c2ee56cc6241943cdeb94fa19fec86c2d14ddd018ec8ee7cdaecc18a1,332e3d8c2ee56cc6241943cdeb94fa19fec86c2d14ddd018ec8ee7cdaecc18a1,not_pinned,byte difference requires component review
/system/android/framework/arm64/boot-okhttp.vdex,equal,bfad17177cb49196cb3f1895a620f8dbbed367e97120f2406f7d5d0c4426027a,bfad17177cb49196cb3f1895a620f8dbbed367e97120f2406f7d5d0c4426027a,bfad17177cb49196cb3f1895a620f8dbbed367e97120f2406f7d5d0c4426027a,not_pinned,byte difference requires component review
/system/android/framework/arm64/boot.art,equal,2e4f8049b77c915ac8ffe7bde981f971bf2bab3fb87ae71b11f60f4cc50649ac,2e4f8049b77c915ac8ffe7bde981f971bf2bab3fb87ae71b11f60f4cc50649ac,2e4f8049b77c915ac8ffe7bde981f971bf2bab3fb87ae71b11f60f4cc50649ac,not_pinned,byte difference requires component review
/system/android/framework/arm64/boot.oat,equal,25d92cf7df9c86ca4bbc81c1e2f44a5c6c64798506247239e07a30f651b9e78c,25d92cf7df9c86ca4bbc81c1e2f44a5c6c64798506247239e07a30f651b9e78c,25d92cf7df9c86ca4bbc81c1e2f44a5c6c64798506247239e07a30f651b9e78c,not_pinned,byte difference requires component review
/system/android/framework/arm64/boot.vdex,equal,23c1f5b05f1b103f5d74e4570f3faf29869c7027f930dd81ba2c7355ebc210b8,23c1f5b05f1b103f5d74e4570f3faf29869c7027f930dd81ba2c7355ebc210b8,23c1f5b05f1b103f5d74e4570f3faf29869c7027f930dd81ba2c7355ebc210b8,not_pinned,byte difference requires component review
/system/android/framework/boot.art,equal,2e4f8049b77c915ac8ffe7bde981f971bf2bab3fb87ae71b11f60f4cc50649ac,2e4f8049b77c915ac8ffe7bde981f971bf2bab3fb87ae71b11f60f4cc50649ac,2e4f8049b77c915ac8ffe7bde981f971bf2bab3fb87ae71b11f60f4cc50649ac,not_pinned,byte difference requires component review
/system/android/framework/bouncycastle.jar,equal,8b15216d690fce5a144259014dd91f9d918816c959c5414a4785e3719795bc20,8b15216d690fce5a144259014dd91f9d918816c959c5414a4785e3719795bc20,8b15216d690fce5a144259014dd91f9d918816c959c5414a4785e3719795bc20,not_pinned,byte difference requires component review
/system/android/framework/core-icu4j.jar,equal,f31e34e244b6dc90a1fe28b26508447e62d898943cdf72ebbd0a4f540ad731d2,f31e34e244b6dc90a1fe28b26508447e62d898943cdf72ebbd0a4f540ad731d2,f31e34e244b6dc90a1fe28b26508447e62d898943cdf72ebbd0a4f540ad731d2,not_pinned,byte difference requires component review
/system/android/framework/core-libart.jar,equal,4e767490d696dbe351bef9217a13b75f3c3d848947477d041c38ff2cbfc1c8b1,4e767490d696dbe351bef9217a13b75f3c3d848947477d041c38ff2cbfc1c8b1,4e767490d696dbe351bef9217a13b75f3c3d848947477d041c38ff2cbfc1c8b1,not_pinned,byte difference requires component review
/system/android/framework/core-oj.jar,equal,e5b187702b82f830d18f838406c75f4a375d494bc541c3916d74228564c9fb6d,e5b187702b82f830d18f838406c75f4a375d494bc541c3916d74228564c9fb6d,e5b187702b82f830d18f838406c75f4a375d494bc541c3916d74228564c9fb6d,not_pinned,byte difference requires component review
/system/android/framework/framework-classes.dex.jar,equal,713842d9e29b15226d9098035691da2b13067aaf1e17cd85927c8c2da5ba0378,713842d9e29b15226d9098035691da2b13067aaf1e17cd85927c8c2da5ba0378,713842d9e29b15226d9098035691da2b13067aaf1e17cd85927c8c2da5ba0378,not_pinned,byte difference requires component review
/system/android/framework/framework-res-package.jar,equal,76a157c084f9b90dae195191d2159901434f11f815e3e2d9eea02ded486e7770,76a157c084f9b90dae195191d2159901434f11f815e3e2d9eea02ded486e7770,76a157c084f9b90dae195191d2159901434f11f815e3e2d9eea02ded486e7770,not_pinned,byte difference requires component review
/system/android/framework/framework-res.apk,equal,76a157c084f9b90dae195191d2159901434f11f815e3e2d9eea02ded486e7770,76a157c084f9b90dae195191d2159901434f11f815e3e2d9eea02ded486e7770,76a157c084f9b90dae195191d2159901434f11f815e3e2d9eea02ded486e7770,not_pinned,byte difference requires component review
/system/android/framework/framework.jar,equal,3e106350d882cd1f2f6d71c3cc4e9f124412d16f50a2dcb160007c34e6dde9af,3e106350d882cd1f2f6d71c3cc4e9f124412d16f50a2dcb160007c34e6dde9af,3e106350d882cd1f2f6d71c3cc4e9f124412d16f50a2dcb160007c34e6dde9af,not_pinned,byte difference requires component review
/system/android/framework/oh-adapter-framework.jar,equal,f38ec31259dbfdd20c3c7b95b61364ed85f2c67c440366546ffbc130e6773a50,f38ec31259dbfdd20c3c7b95b61364ed85f2c67c440366546ffbc130e6773a50,f38ec31259dbfdd20c3c7b95b61364ed85f2c67c440366546ffbc130e6773a50,not_pinned,byte difference requires component review
/system/android/framework/oh-adapter-runtime.jar,different,250958dc3f133b67fb38c5da3caf81714fd6958e2247556e327d917b1f0d3146,d5000c4e19e74e3ec7a72300ed425fa2c5ba521aa4b04cb6e688e165e6ba5554,250958dc3f133b67fb38c5da3caf81714fd6958e2247556e327d917b1f0d3146,250958dc3f133b67fb38c5da3caf81714fd6958e2247556e327d917b1f0d3146,known alias/main-looper baseline; B7 is a separately promoted profile
/system/android/framework/okhttp.jar,equal,d510981adcb7f5b6d9b7fb167fb4cc83e67f88c164ff3007c6f4c046ea9552a6,d510981adcb7f5b6d9b7fb167fb4cc83e67f88c164ff3007c6f4c046ea9552a6,d510981adcb7f5b6d9b7fb167fb4cc83e67f88c164ff3007c6f4c046ea9552a6,not_pinned,byte difference requires component review
/system/android/lib64/libandroid.so,equal,9ccf64f8d1f6e1748665057273eaa4c2770098934d39afa160f2c6b4c18b06db,9ccf64f8d1f6e1748665057273eaa4c2770098934d39afa160f2c6b4c18b06db,9ccf64f8d1f6e1748665057273eaa4c2770098934d39afa160f2c6b4c18b06db,not_pinned,byte difference requires component review
/system/android/lib64/libandroidfw.so,equal,14b51c422c5d41231c29515e7ac16e492bed0a988c69150e068031fbbf8bff73,14b51c422c5d41231c29515e7ac16e492bed0a988c69150e068031fbbf8bff73,14b51c422c5d41231c29515e7ac16e492bed0a988c69150e068031fbbf8bff73,not_pinned,byte difference requires component review
/system/android/lib64/libandroidio.so,equal,c462f43f06d2ba028d4ae3e90001a5a81399c0824c95aafc99a01f6d9c170503,c462f43f06d2ba028d4ae3e90001a5a81399c0824c95aafc99a01f6d9c170503,c462f43f06d2ba028d4ae3e90001a5a81399c0824c95aafc99a01f6d9c170503,not_pinned,byte difference requires component review
/system/android/lib64/libapp_native_loader.so,equal,a9caa67f397ed4e7bd8ee47784aecb7f6966eaa9afd65c498597947ccc8f04b6,a9caa67f397ed4e7bd8ee47784aecb7f6966eaa9afd65c498597947ccc8f04b6,a9caa67f397ed4e7bd8ee47784aecb7f6966eaa9afd65c498597947ccc8f04b6,not_pinned,byte difference requires component review
/system/android/lib64/libappexecfwk_base.z.so,equal,b8889d4f9848272966acdc5009ecc95724c7c562876c3ed259f1f3e7e77a97d8,b8889d4f9848272966acdc5009ecc95724c7c562876c3ed259f1f3e7e77a97d8,b8889d4f9848272966acdc5009ecc95724c7c562876c3ed259f1f3e7e77a97d8,not_pinned,byte difference requires component review
/system/android/lib64/libart.so,equal,59e1bb45294b9dd587dc9b81bad719b60675aa98c9c6cfced426449bcad0fe5f,59e1bb45294b9dd587dc9b81bad719b60675aa98c9c6cfced426449bcad0fe5f,59e1bb45294b9dd587dc9b81bad719b60675aa98c9c6cfced426449bcad0fe5f,not_pinned,byte difference requires component review
/system/android/lib64/libartbase.so,equal,0337079d803592c3acc9c995f62e06753d2c35e0eacc5af96a06923cc982121f,0337079d803592c3acc9c995f62e06753d2c35e0eacc5af96a06923cc982121f,0337079d803592c3acc9c995f62e06753d2c35e0eacc5af96a06923cc982121f,not_pinned,byte difference requires component review
/system/android/lib64/libartpalette-system.so,equal,0dce5cd6ba606a0db7444cd16900773c92978f878f21dec3eb6861af4d215ebf,0dce5cd6ba606a0db7444cd16900773c92978f878f21dec3eb6861af4d215ebf,0dce5cd6ba606a0db7444cd16900773c92978f878f21dec3eb6861af4d215ebf,not_pinned,byte difference requires component review
/system/android/lib64/libartpalette.so,equal,c159e52c8b59c6144f641f9268961357b7c4a541de6847f14577904ad849061c,c159e52c8b59c6144f641f9268961357b7c4a541de6847f14577904ad849061c,c159e52c8b59c6144f641f9268961357b7c4a541de6847f14577904ad849061c,not_pinned,byte difference requires component review
/system/android/lib64/libbase.so,equal,6687427f8d92ca365f04abf66e5e253fb8d8214480b02740768a64017fef9585,6687427f8d92ca365f04abf66e5e253fb8d8214480b02740768a64017fef9585,6687427f8d92ca365f04abf66e5e253fb8d8214480b02740768a64017fef9585,not_pinned,byte difference requires component review
/system/android/lib64/libbionic_compat.so,equal,aa7e77f943ab4edd791590ca6b739120249b1ad6eb40e1ece7710ba206742a08,aa7e77f943ab4edd791590ca6b739120249b1ad6eb40e1ece7710ba206742a08,aa7e77f943ab4edd791590ca6b739120249b1ad6eb40e1ece7710ba206742a08,not_pinned,byte difference requires component review
/system/android/lib64/libcrypto.so,equal,0ca9ced4ac01ba5901fa1f86c413a30499df1b9e53991bbe7143fc407b444e88,0ca9ced4ac01ba5901fa1f86c413a30499df1b9e53991bbe7143fc407b444e88,0ca9ced4ac01ba5901fa1f86c413a30499df1b9e53991bbe7143fc407b444e88,not_pinned,byte difference requires component review
/system/android/lib64/libcutils.so,equal,dac8122813fb2de82912ed95dcfd2071ad80d978602dec09eb45156f201f3a0b,dac8122813fb2de82912ed95dcfd2071ad80d978602dec09eb45156f201f3a0b,dac8122813fb2de82912ed95dcfd2071ad80d978602dec09eb45156f201f3a0b,not_pinned,byte difference requires component review
/system/android/lib64/libdexfile.so,equal,2b98d5be919d78596c81854bbccf7cea584d09f77fdc9870f45e65525372add5,2b98d5be919d78596c81854bbccf7cea584d09f77fdc9870f45e65525372add5,2b98d5be919d78596c81854bbccf7cea584d09f77fdc9870f45e65525372add5,not_pinned,byte difference requires component review
/system/android/lib64/libelffile.so,equal,e11af0bf655d0582711ab39bd4b7ab77dbafcf584f21d10a3c0cd136e69c6f6b,e11af0bf655d0582711ab39bd4b7ab77dbafcf584f21d10a3c0cd136e69c6f6b,e11af0bf655d0582711ab39bd4b7ab77dbafcf584f21d10a3c0cd136e69c6f6b,not_pinned,byte difference requires component review
/system/android/lib64/libexpat.so,equal,838960f8c2f3d8a3f1a00ca40ecdf9cb1fd5171b35edcb92b24e90bd4d8b7c9c,838960f8c2f3d8a3f1a00ca40ecdf9cb1fd5171b35edcb92b24e90bd4d8b7c9c,838960f8c2f3d8a3f1a00ca40ecdf9cb1fd5171b35edcb92b24e90bd4d8b7c9c,not_pinned,byte difference requires component review
/system/android/lib64/libft2.so,equal,8e1de240283ec60c9be7da368a04d8fbc062e13c0bd6bb26218b8dc96fd193e0,8e1de240283ec60c9be7da368a04d8fbc062e13c0bd6bb26218b8dc96fd193e0,8e1de240283ec60c9be7da368a04d8fbc062e13c0bd6bb26218b8dc96fd193e0,not_pinned,byte difference requires component review
/system/android/lib64/libharfbuzz_ng.so,equal,644bcae8ade4c53fcdb576f2add6627f27c094bbffef79924552113deafe14b4,644bcae8ade4c53fcdb576f2add6627f27c094bbffef79924552113deafe14b4,644bcae8ade4c53fcdb576f2add6627f27c094bbffef79924552113deafe14b4,not_pinned,byte difference requires component review
/system/android/lib64/libhwui.so,equal,be59260f93b3debe1ad64cc8e7b6b0575e5be04794b46f8eb876436d1ebc9b74,be59260f93b3debe1ad64cc8e7b6b0575e5be04794b46f8eb876436d1ebc9b74,be59260f93b3debe1ad64cc8e7b6b0575e5be04794b46f8eb876436d1ebc9b74,not_pinned,byte difference requires component review
/system/android/lib64/libicu_jni.so,equal,4261c09eeda033f3de8a083ffd8896058ddcfc83d4f109990c0e680862591a1c,4261c09eeda033f3de8a083ffd8896058ddcfc83d4f109990c0e680862591a1c,4261c09eeda033f3de8a083ffd8896058ddcfc83d4f109990c0e680862591a1c,not_pinned,byte difference requires component review
/system/android/lib64/libicui18n.so,equal,40766b549f49b1dc5d405ad2d8465ce841eafb19a926c7924ab7078079bbbb86,40766b549f49b1dc5d405ad2d8465ce841eafb19a926c7924ab7078079bbbb86,40766b549f49b1dc5d405ad2d8465ce841eafb19a926c7924ab7078079bbbb86,not_pinned,byte difference requires component review
/system/android/lib64/libicui18n.z.so,equal,40766b549f49b1dc5d405ad2d8465ce841eafb19a926c7924ab7078079bbbb86,40766b549f49b1dc5d405ad2d8465ce841eafb19a926c7924ab7078079bbbb86,40766b549f49b1dc5d405ad2d8465ce841eafb19a926c7924ab7078079bbbb86,not_pinned,byte difference requires component review
/system/android/lib64/libicuuc.so,equal,f74827d992d25ffe481873f1b7f4416d97820c443f16bd715102455dbafbcf6f,f74827d992d25ffe481873f1b7f4416d97820c443f16bd715102455dbafbcf6f,f74827d992d25ffe481873f1b7f4416d97820c443f16bd715102455dbafbcf6f,not_pinned,byte difference requires component review
/system/android/lib64/libicuuc.z.so,equal,f74827d992d25ffe481873f1b7f4416d97820c443f16bd715102455dbafbcf6f,f74827d992d25ffe481873f1b7f4416d97820c443f16bd715102455dbafbcf6f,f74827d992d25ffe481873f1b7f4416d97820c443f16bd715102455dbafbcf6f,not_pinned,byte difference requires component review
/system/android/lib64/libjavacore.so,equal,43d8103f41a65d1f68ad74213cb0e458f549b76bb8d322b8579b8c1a116518ec,43d8103f41a65d1f68ad74213cb0e458f549b76bb8d322b8579b8c1a116518ec,43d8103f41a65d1f68ad74213cb0e458f549b76bb8d322b8579b8c1a116518ec,not_pinned,byte difference requires component review
/system/android/lib64/liblog.so,equal,cc3eb850fc316b31fc3dd4ea4cc3b9b0871432f3bc8750f60a9b5efbde63d94e,cc3eb850fc316b31fc3dd4ea4cc3b9b0871432f3bc8750f60a9b5efbde63d94e,cc3eb850fc316b31fc3dd4ea4cc3b9b0871432f3bc8750f60a9b5efbde63d94e,not_pinned,byte difference requires component review
/system/android/lib64/liblz4.so,equal,462ed4d033527d7eb68307200125bb7df789d1acb75a20e0a4ada325a8297bfc,462ed4d033527d7eb68307200125bb7df789d1acb75a20e0a4ada325a8297bfc,462ed4d033527d7eb68307200125bb7df789d1acb75a20e0a4ada325a8297bfc,not_pinned,byte difference requires component review
/system/android/lib64/liblzma.so,equal,239bdf61bcc8c971ef65c6e688c87048d01781d4ab8707546668f5d5e4cc7d40,239bdf61bcc8c971ef65c6e688c87048d01781d4ab8707546668f5d5e4cc7d40,239bdf61bcc8c971ef65c6e688c87048d01781d4ab8707546668f5d5e4cc7d40,not_pinned,byte difference requires component review
/system/android/lib64/libminikin.so,equal,1d688d8f6829bbb3a63ab83234791a9a1436c37731a4aaebd8c277d278401d2a,1d688d8f6829bbb3a63ab83234791a9a1436c37731a4aaebd8c277d278401d2a,1d688d8f6829bbb3a63ab83234791a9a1436c37731a4aaebd8c277d278401d2a,not_pinned,byte difference requires component review
/system/android/lib64/libnativebridge.so,equal,3d703049db98b61e2336b224095a2da6c80f1d8bec007e57de9468fe3b72f150,3d703049db98b61e2336b224095a2da6c80f1d8bec007e57de9468fe3b72f150,3d703049db98b61e2336b224095a2da6c80f1d8bec007e57de9468fe3b72f150,not_pinned,byte difference requires component review
/system/android/lib64/libnativehelper.so,equal,6a5a32e3928aae323b4b758d1e171e42d4107d974925cfc1bd92e791a453219a,6a5a32e3928aae323b4b758d1e171e42d4107d974925cfc1bd92e791a453219a,6a5a32e3928aae323b4b758d1e171e42d4107d974925cfc1bd92e791a453219a,not_pinned,byte difference requires component review
/system/android/lib64/libnativeloader.so,equal,fde6f31c6f8911bd5be165d69bc248f47699be435240dc855fa7528c0ba73ccd,fde6f31c6f8911bd5be165d69bc248f47699be435240dc855fa7528c0ba73ccd,fde6f31c6f8911bd5be165d69bc248f47699be435240dc855fa7528c0ba73ccd,not_pinned,byte difference requires component review
/system/android/lib64/liboh_adapter_bridge.so,equal,84695d62f515cfec6bb317c959ec55b1d5085bf82303f792a764cf549a22267a,84695d62f515cfec6bb317c959ec55b1d5085bf82303f792a764cf549a22267a,84695d62f515cfec6bb317c959ec55b1d5085bf82303f792a764cf549a22267a,84695d62f515cfec6bb317c959ec55b1d5085bf82303f792a764cf549a22267a,historically accepted HelloWorld/ZigZag baseline; not a fresh board observation
/system/android/lib64/liboh_android_runtime.so,equal,9ccf64f8d1f6e1748665057273eaa4c2770098934d39afa160f2c6b4c18b06db,9ccf64f8d1f6e1748665057273eaa4c2770098934d39afa160f2c6b4c18b06db,9ccf64f8d1f6e1748665057273eaa4c2770098934d39afa160f2c6b4c18b06db,9ccf64f8d1f6e1748665057273eaa4c2770098934d39afa160f2c6b4c18b06db,historically accepted HelloWorld/ZigZag baseline; not a fresh board observation
/system/android/lib64/liboh_hwui_shim.so,equal,e97315493ba9edffc638bf25f65e559d7af647af3905b938a636e398cda9ce53,e97315493ba9edffc638bf25f65e559d7af647af3905b938a636e398cda9ce53,e97315493ba9edffc638bf25f65e559d7af647af3905b938a636e398cda9ce53,not_pinned,byte difference requires component review
/system/android/lib64/liboh_inet_permit.so,equal,71c2f9ccd17dbeaae6cb5ce1182adaa2738af204dda8e147287867e6a2e70999,71c2f9ccd17dbeaae6cb5ce1182adaa2738af204dda8e147287867e6a2e70999,71c2f9ccd17dbeaae6cb5ce1182adaa2738af204dda8e147287867e6a2e70999,not_pinned,byte difference requires component review
/system/android/lib64/liboh_skia_rtti_shim.so,equal,ba12b45ad5c957e57731a15ba8bba6c623282cd02c50c8b1d860f45cbaf78515,ba12b45ad5c957e57731a15ba8bba6c623282cd02c50c8b1d860f45cbaf78515,ba12b45ad5c957e57731a15ba8bba6c623282cd02c50c8b1d860f45cbaf78515,not_pinned,byte difference requires component review
/system/android/lib64/libopenjdk.so,equal,078d0bced16936c7b1bdd0b9663968c8345064b68557dabd3dcae589e99fe167,078d0bced16936c7b1bdd0b9663968c8345064b68557dabd3dcae589e99fe167,078d0bced16936c7b1bdd0b9663968c8345064b68557dabd3dcae589e99fe167,not_pinned,byte difference requires component review
/system/android/lib64/libopenjdkjvm.so,equal,7e9e9da07aa2adee39503fd693ad219b6c7f82886acd9fbed96f2d85322a234e,7e9e9da07aa2adee39503fd693ad219b6c7f82886acd9fbed96f2d85322a234e,7e9e9da07aa2adee39503fd693ad219b6c7f82886acd9fbed96f2d85322a234e,not_pinned,byte difference requires component review
/system/android/lib64/libprofile.so,equal,8f6e3a19c6e40a95b14121c7391fba875361c6d3926d9368c3e6d93b38f2a32b,8f6e3a19c6e40a95b14121c7391fba875361c6d3926d9368c3e6d93b38f2a32b,8f6e3a19c6e40a95b14121c7391fba875361c6d3926d9368c3e6d93b38f2a32b,not_pinned,byte difference requires component review
/system/android/lib64/libshared_libz.z.so,equal,ab0820c6a33c58f2b5aa6d7b5f967f0eae42319baa2d7a42b779d1583f8a14fc,ab0820c6a33c58f2b5aa6d7b5f967f0eae42319baa2d7a42b779d1583f8a14fc,ab0820c6a33c58f2b5aa6d7b5f967f0eae42319baa2d7a42b779d1583f8a14fc,not_pinned,byte difference requires component review
/system/android/lib64/libsigchain.so,equal,6d5d5538ff45c057208186f5cb74b9b5c2402d693aa2756a99327fd4b9f8c400,6d5d5538ff45c057208186f5cb74b9b5c2402d693aa2756a99327fd4b9f8c400,6d5d5538ff45c057208186f5cb74b9b5c2402d693aa2756a99327fd4b9f8c400,not_pinned,byte difference requires component review
/system/android/lib64/libtinyxml2.so,equal,5fea0e71b936ef7e19250089db9040d968123c763dcd5e23b67ed4070b716997,5fea0e71b936ef7e19250089db9040d968123c763dcd5e23b67ed4070b716997,5fea0e71b936ef7e19250089db9040d968123c763dcd5e23b67ed4070b716997,not_pinned,byte difference requires component review
/system/android/lib64/libunwindstack.so,equal,dd19e2562016a7d0dc8f17faf9bbbbad4c48ca6b9a970ce6e30b0e882f3ed53a,dd19e2562016a7d0dc8f17faf9bbbbad4c48ca6b9a970ce6e30b0e882f3ed53a,dd19e2562016a7d0dc8f17faf9bbbbad4c48ca6b9a970ce6e30b0e882f3ed53a,not_pinned,byte difference requires component review
/system/android/lib64/libutils.so,equal,d2122565c44876c52191a847206de1eef8ede63d4464fda488be0000157448fe,d2122565c44876c52191a847206de1eef8ede63d4464fda488be0000157448fe,d2122565c44876c52191a847206de1eef8ede63d4464fda488be0000157448fe,not_pinned,byte difference requires component review
/system/android/lib64/libvixl.so,equal,0b957841cdb590d2b4bef849f79df7bc795e243c759896f33c4621dc02fc6b7e,0b957841cdb590d2b4bef849f79df7bc795e243c759896f33c4621dc02fc6b7e,0b957841cdb590d2b4bef849f79df7bc795e243c759896f33c4621dc02fc6b7e,not_pinned,byte difference requires component review
/system/android/lib64/libwestlake_android_runtime_provider.so,equal,3aa5d169ff17f4a680384691920d6b0168a45b306aff7dbf257b6eae6969bf2f,3aa5d169ff17f4a680384691920d6b0168a45b306aff7dbf257b6eae6969bf2f,3aa5d169ff17f4a680384691920d6b0168a45b306aff7dbf257b6eae6969bf2f,not_pinned,byte difference requires component review
/system/android/lib64/libwestlake_bionic_pthread_bridge.so,equal,db31d6d81c543860449e4e13f94dda6d39acde94ce00e34e7087a4d796e88fc6,db31d6d81c543860449e4e13f94dda6d39acde94ce00e34e7087a4d796e88fc6,db31d6d81c543860449e4e13f94dda6d39acde94ce00e34e7087a4d796e88fc6,not_pinned,byte difference requires component review
/system/android/lib64/libwestlake_thread_guard_registry.so,equal,674d3ef3b9b00b367e389b539df4ae71bf2a12e3dd25dba962d6fcc7f240f063,674d3ef3b9b00b367e389b539df4ae71bf2a12e3dd25dba962d6fcc7f240f063,674d3ef3b9b00b367e389b539df4ae71bf2a12e3dd25dba962d6fcc7f240f063,not_pinned,byte difference requires component review
/system/android/lib64/libziparchive.so,equal,62c36cf5e2a99d23748119bfa6f16bae4c25e5c02d7965744568dcafe0c86cae,62c36cf5e2a99d23748119bfa6f16bae4c25e5c02d7965744568dcafe0c86cae,62c36cf5e2a99d23748119bfa6f16bae4c25e5c02d7965744568dcafe0c86cae,not_pinned,byte difference requires component review
/system/bin/appspawn-x,equal,b7205719b3139164d5b7c3ff50c1235784cc0b090cb5420cd8d1ccbd57ca55d2,b7205719b3139164d5b7c3ff50c1235784cc0b090cb5420cd8d1ccbd57ca55d2,b7205719b3139164d5b7c3ff50c1235784cc0b090cb5420cd8d1ccbd57ca55d2,1f6cf53be7b3225a6d0a2b5f66278c32f5d9f5f99a0f56ece3f57a630db4d908,historically accepted HelloWorld/ZigZag baseline; not a fresh board observation
/system/lib64/appspawn/appspawn/libappspawn_ace.z.so,equal,96abf3bd5e0833f2f9f83e19736e0d82a128fb17cc3f182aa950bd8ead71af22,96abf3bd5e0833f2f9f83e19736e0d82a128fb17cc3f182aa950bd8ead71af22,96abf3bd5e0833f2f9f83e19736e0d82a128fb17cc3f182aa950bd8ead71af22,not_pinned,byte difference requires component review
/system/lib64/appspawn/common/libappspawn_common.z.so,equal,9caa7c11bfe1bd755aebfe6c6bf41e9cec40c34d239c16de3eb91d2b7be45279,9caa7c11bfe1bd755aebfe6c6bf41e9cec40c34d239c16de3eb91d2b7be45279,9caa7c11bfe1bd755aebfe6c6bf41e9cec40c34d239c16de3eb91d2b7be45279,not_pinned,byte difference requires component review
/system/lib64/appspawn/common/libappspawn_sandbox.z.so,equal,b50bb2be3dcda2f4217f257b18d81dede010ed1f11fccc7ca5358b3c00c16ded,b50bb2be3dcda2f4217f257b18d81dede010ed1f11fccc7ca5358b3c00c16ded,b50bb2be3dcda2f4217f257b18d81dede010ed1f11fccc7ca5358b3c00c16ded,not_pinned,byte difference requires component review
/system/lib64/appspawn/libappspawn_asan.z.so,equal,f7e8dea52385fa1935c92c9ee10dea4bbb48b8f698f90af302476eafdc309d50,f7e8dea52385fa1935c92c9ee10dea4bbb48b8f698f90af302476eafdc309d50,f7e8dea52385fa1935c92c9ee10dea4bbb48b8f698f90af302476eafdc309d50,not_pinned,byte difference requires component review
/system/lib64/appspawn/libwestlake_android_child.z.so,equal,03aa62166ad085091f21c9ee68798a10d88e2336eee26b342a0fa62b44c571d2,03aa62166ad085091f21c9ee68798a10d88e2336eee26b342a0fa62b44c571d2,03aa62166ad085091f21c9ee68798a10d88e2336eee26b342a0fa62b44c571d2,0976dee89c0464cd6aeaf7d4c3c4afd1466926b7d69dc8e01d4910f92bf12e40,historically accepted HelloWorld/ZigZag baseline; not a fresh board observation
/system/lib64/appspawn/nativespawn/libnativespawn.z.so,equal,13b866135f6eb33702811371719c116bc2e5e44e135dca91796a8773d61c0f83,13b866135f6eb33702811371719c116bc2e5e44e135dca91796a8773d61c0f83,13b866135f6eb33702811371719c116bc2e5e44e135dca91796a8773d61c0f83,not_pinned,byte difference requires component review
/system/lib64/appspawn/nwebspawn/libappspawn_nweb.z.so,equal,f98886278c4732e7bcc6710c67dd095d6143483f06269bae75be79fcc4cc8b97,f98886278c4732e7bcc6710c67dd095d6143483f06269bae75be79fcc4cc8b97,f98886278c4732e7bcc6710c67dd095d6143483f06269bae75be79fcc4cc8b97,not_pinned,byte difference requires component review
/system/lib64/libapk_installer.so,different,675536e8a43ac747cbffc0e130d5681ba7bcf2bd3fd305f3d0d357ca797a793d,1ebf78ab2bbe4573dfbe146b9f99e6b06e3a581fb9d16721c2272bc18e6cdfa5,675536e8a43ac747cbffc0e130d5681ba7bcf2bd3fd305f3d0d357ca797a793d,675536e8a43ac747cbffc0e130d5681ba7bcf2bd3fd305f3d0d357ca797a793d,"known labels baseline, with known missing-icon rejection; B7 fallback installer requires separate promotion"
/system/lib64/platformsdk/libapk_installer.so,different,675536e8a43ac747cbffc0e130d5681ba7bcf2bd3fd305f3d0d357ca797a793d,1ebf78ab2bbe4573dfbe146b9f99e6b06e3a581fb9d16721c2272bc18e6cdfa5,675536e8a43ac747cbffc0e130d5681ba7bcf2bd3fd305f3d0d357ca797a793d,675536e8a43ac747cbffc0e130d5681ba7bcf2bd3fd305f3d0d357ca797a793d,"known labels baseline, with known missing-icon rejection; B7 fallback installer requires separate promotion"
/system/lib64/westlake/route-a/6cb40cd610ec29a69e320b8cc7d766ccffc675cbd7e94b709cc5d2462b9cddb0/libapp_native_loader.so,equal,a3d4b80d943dd78972e5689a29810406f97056e0ce8f040d2ec24ac3618d9929,a3d4b80d943dd78972e5689a29810406f97056e0ce8f040d2ec24ac3618d9929,a3d4b80d943dd78972e5689a29810406f97056e0ce8f040d2ec24ac3618d9929,not_pinned,byte difference requires component review
/system/lib64/westlake/route-a/6cb40cd610ec29a69e320b8cc7d766ccffc675cbd7e94b709cc5d2462b9cddb0/libart.so,equal,59e1bb45294b9dd587dc9b81bad719b60675aa98c9c6cfced426449bcad0fe5f,59e1bb45294b9dd587dc9b81bad719b60675aa98c9c6cfced426449bcad0fe5f,59e1bb45294b9dd587dc9b81bad719b60675aa98c9c6cfced426449bcad0fe5f,not_pinned,byte difference requires component review
/system/lib64/westlake/route-a/6cb40cd610ec29a69e320b8cc7d766ccffc675cbd7e94b709cc5d2462b9cddb0/libartbase.so,equal,75c0f18372207ea54cd735b86eae7f0e0797e026136c0d07050520b8199f85b1,75c0f18372207ea54cd735b86eae7f0e0797e026136c0d07050520b8199f85b1,75c0f18372207ea54cd735b86eae7f0e0797e026136c0d07050520b8199f85b1,not_pinned,byte difference requires component review
/system/lib64/westlake/route-a/6cb40cd610ec29a69e320b8cc7d766ccffc675cbd7e94b709cc5d2462b9cddb0/libartpalette-system.so,equal,0dce5cd6ba606a0db7444cd16900773c92978f878f21dec3eb6861af4d215ebf,0dce5cd6ba606a0db7444cd16900773c92978f878f21dec3eb6861af4d215ebf,0dce5cd6ba606a0db7444cd16900773c92978f878f21dec3eb6861af4d215ebf,not_pinned,byte difference requires component review
/system/lib64/westlake/route-a/6cb40cd610ec29a69e320b8cc7d766ccffc675cbd7e94b709cc5d2462b9cddb0/libartpalette.so,equal,a5c5603dbdceab7063b7d87b905bdc4fde23a688483b13d1b37b12f36c3c516c,a5c5603dbdceab7063b7d87b905bdc4fde23a688483b13d1b37b12f36c3c516c,a5c5603dbdceab7063b7d87b905bdc4fde23a688483b13d1b37b12f36c3c516c,not_pinned,byte difference requires component review
/system/lib64/westlake/route-a/6cb40cd610ec29a69e320b8cc7d766ccffc675cbd7e94b709cc5d2462b9cddb0/libbase.so,equal,4549ad71eb77bfcc95a60f2f5a33941e953f434284b3f9d85d37e883f7238833,4549ad71eb77bfcc95a60f2f5a33941e953f434284b3f9d85d37e883f7238833,4549ad71eb77bfcc95a60f2f5a33941e953f434284b3f9d85d37e883f7238833,not_pinned,byte difference requires component review
/system/lib64/westlake/route-a/6cb40cd610ec29a69e320b8cc7d766ccffc675cbd7e94b709cc5d2462b9cddb0/libbionic_compat.so,equal,aa7e77f943ab4edd791590ca6b739120249b1ad6eb40e1ece7710ba206742a08,aa7e77f943ab4edd791590ca6b739120249b1ad6eb40e1ece7710ba206742a08,aa7e77f943ab4edd791590ca6b739120249b1ad6eb40e1ece7710ba206742a08,not_pinned,byte difference requires component review
/system/lib64/westlake/route-a/6cb40cd610ec29a69e320b8cc7d766ccffc675cbd7e94b709cc5d2462b9cddb0/libcutils.so,equal,91fbd71976c737ecf0a6db3293c83cf06366d6cd2504812e8fcbad4fc9201e39,91fbd71976c737ecf0a6db3293c83cf06366d6cd2504812e8fcbad4fc9201e39,91fbd71976c737ecf0a6db3293c83cf06366d6cd2504812e8fcbad4fc9201e39,not_pinned,byte difference requires component review
/system/lib64/westlake/route-a/6cb40cd610ec29a69e320b8cc7d766ccffc675cbd7e94b709cc5d2462b9cddb0/libdexfile.so,equal,a7fdc521910f94064f179f1155898c757f03913f26e447a8f910b4fd5a7210f8,a7fdc521910f94064f179f1155898c757f03913f26e447a8f910b4fd5a7210f8,a7fdc521910f94064f179f1155898c757f03913f26e447a8f910b4fd5a7210f8,not_pinned,byte difference requires component review
/system/lib64/westlake/route-a/6cb40cd610ec29a69e320b8cc7d766ccffc675cbd7e94b709cc5d2462b9cddb0/libelffile.so,equal,15fe84f6be925e5012a66e9992d6e3958d8cd6a8de80817976aca495771c95fe,15fe84f6be925e5012a66e9992d6e3958d8cd6a8de80817976aca495771c95fe,15fe84f6be925e5012a66e9992d6e3958d8cd6a8de80817976aca495771c95fe,not_pinned,byte difference requires component review
/system/lib64/westlake/route-a/6cb40cd610ec29a69e320b8cc7d766ccffc675cbd7e94b709cc5d2462b9cddb0/liblog.so,equal,a2530a4bfdcdfc94df02c6e60821282dc273007b300970915a8cb85835d30c4c,a2530a4bfdcdfc94df02c6e60821282dc273007b300970915a8cb85835d30c4c,a2530a4bfdcdfc94df02c6e60821282dc273007b300970915a8cb85835d30c4c,not_pinned,byte difference requires component review
/system/lib64/westlake/route-a/6cb40cd610ec29a69e320b8cc7d766ccffc675cbd7e94b709cc5d2462b9cddb0/liblz4.so,equal,66b01d03ef1d0aadbf325ca4e7c158d2ca0a4d775976bde5e0d58c971e7e221c,66b01d03ef1d0aadbf325ca4e7c158d2ca0a4d775976bde5e0d58c971e7e221c,66b01d03ef1d0aadbf325ca4e7c158d2ca0a4d775976bde5e0d58c971e7e221c,not_pinned,byte difference requires component review
/system/lib64/westlake/route-a/6cb40cd610ec29a69e320b8cc7d766ccffc675cbd7e94b709cc5d2462b9cddb0/liblzma.so,equal,239bdf61bcc8c971ef65c6e688c87048d01781d4ab8707546668f5d5e4cc7d40,239bdf61bcc8c971ef65c6e688c87048d01781d4ab8707546668f5d5e4cc7d40,239bdf61bcc8c971ef65c6e688c87048d01781d4ab8707546668f5d5e4cc7d40,not_pinned,byte difference requires component review
/system/lib64/westlake/route-a/6cb40cd610ec29a69e320b8cc7d766ccffc675cbd7e94b709cc5d2462b9cddb0/libnativebridge.so,equal,516d703bdc7e06b6f0ab4900eccbf625c56b244fe3516a98e6eded00f5671afd,516d703bdc7e06b6f0ab4900eccbf625c56b244fe3516a98e6eded00f5671afd,516d703bdc7e06b6f0ab4900eccbf625c56b244fe3516a98e6eded00f5671afd,not_pinned,byte difference requires component review
/system/lib64/westlake/route-a/6cb40cd610ec29a69e320b8cc7d766ccffc675cbd7e94b709cc5d2462b9cddb0/libnativehelper.so,equal,fe2ef89f2a7763ab7294b659bcc86bac95b64577eb81089eecd93285a4451256,fe2ef89f2a7763ab7294b659bcc86bac95b64577eb81089eecd93285a4451256,fe2ef89f2a7763ab7294b659bcc86bac95b64577eb81089eecd93285a4451256,not_pinned,byte difference requires component review
/system/lib64/westlake/route-a/6cb40cd610ec29a69e320b8cc7d766ccffc675cbd7e94b709cc5d2462b9cddb0/libnativeloader.so,equal,fde6f31c6f8911bd5be165d69bc248f47699be435240dc855fa7528c0ba73ccd,fde6f31c6f8911bd5be165d69bc248f47699be435240dc855fa7528c0ba73ccd,fde6f31c6f8911bd5be165d69bc248f47699be435240dc855fa7528c0ba73ccd,not_pinned,byte difference requires component review
/system/lib64/westlake/route-a/6cb40cd610ec29a69e320b8cc7d766ccffc675cbd7e94b709cc5d2462b9cddb0/libopenjdkjvm.so,equal,8b462862921f3fbca7e4306523d851b2ae00564094a6f5ca1b6658c7c6b457a8,8b462862921f3fbca7e4306523d851b2ae00564094a6f5ca1b6658c7c6b457a8,8b462862921f3fbca7e4306523d851b2ae00564094a6f5ca1b6658c7c6b457a8,not_pinned,byte difference requires component review
/system/lib64/westlake/route-a/6cb40cd610ec29a69e320b8cc7d766ccffc675cbd7e94b709cc5d2462b9cddb0/libprofile.so,equal,86bfcad43fd830487eb19c69f861de4624d3df03c0b858cd02d6daa926c221a9,86bfcad43fd830487eb19c69f861de4624d3df03c0b858cd02d6daa926c221a9,86bfcad43fd830487eb19c69f861de4624d3df03c0b858cd02d6daa926c221a9,not_pinned,byte difference requires component review
/system/lib64/westlake/route-a/6cb40cd610ec29a69e320b8cc7d766ccffc675cbd7e94b709cc5d2462b9cddb0/libshared_libz.z.so,equal,ab0820c6a33c58f2b5aa6d7b5f967f0eae42319baa2d7a42b779d1583f8a14fc,ab0820c6a33c58f2b5aa6d7b5f967f0eae42319baa2d7a42b779d1583f8a14fc,ab0820c6a33c58f2b5aa6d7b5f967f0eae42319baa2d7a42b779d1583f8a14fc,not_pinned,byte difference requires component review
/system/lib64/westlake/route-a/6cb40cd610ec29a69e320b8cc7d766ccffc675cbd7e94b709cc5d2462b9cddb0/libsigchain.so,equal,6d5d5538ff45c057208186f5cb74b9b5c2402d693aa2756a99327fd4b9f8c400,6d5d5538ff45c057208186f5cb74b9b5c2402d693aa2756a99327fd4b9f8c400,6d5d5538ff45c057208186f5cb74b9b5c2402d693aa2756a99327fd4b9f8c400,not_pinned,byte difference requires component review
/system/lib64/westlake/route-a/6cb40cd610ec29a69e320b8cc7d766ccffc675cbd7e94b709cc5d2462b9cddb0/libtinyxml2.so,equal,67498c971c75ff885fea3555360bc6c1928745a0579bc149c3b3523770722a5a,67498c971c75ff885fea3555360bc6c1928745a0579bc149c3b3523770722a5a,67498c971c75ff885fea3555360bc6c1928745a0579bc149c3b3523770722a5a,not_pinned,byte difference requires component review
/system/lib64/westlake/route-a/6cb40cd610ec29a69e320b8cc7d766ccffc675cbd7e94b709cc5d2462b9cddb0/libunwindstack.so,equal,d2c1cbc70d097855b9196ec87f80c09d6f24e674ee16a3c517629df999c66965,d2c1cbc70d097855b9196ec87f80c09d6f24e674ee16a3c517629df999c66965,d2c1cbc70d097855b9196ec87f80c09d6f24e674ee16a3c517629df999c66965,not_pinned,byte difference requires component review
/system/lib64/westlake/route-a/6cb40cd610ec29a69e320b8cc7d766ccffc675cbd7e94b709cc5d2462b9cddb0/libutils.so,equal,e20f30688c6c02b838fcf98e75855fad7dca7d7d0d7bedae5293496c65205f34,e20f30688c6c02b838fcf98e75855fad7dca7d7d0d7bedae5293496c65205f34,e20f30688c6c02b838fcf98e75855fad7dca7d7d0d7bedae5293496c65205f34,not_pinned,byte difference requires component review
/system/lib64/westlake/route-a/6cb40cd610ec29a69e320b8cc7d766ccffc675cbd7e94b709cc5d2462b9cddb0/libvixl.so,equal,9de4006120a7064e9106e54e3432a8ae10e1b5eb3cd67fb92d43b097317851cf,9de4006120a7064e9106e54e3432a8ae10e1b5eb3cd67fb92d43b097317851cf,9de4006120a7064e9106e54e3432a8ae10e1b5eb3cd67fb92d43b097317851cf,not_pinned,byte difference requires component review
/system/lib64/westlake/route-a/6cb40cd610ec29a69e320b8cc7d766ccffc675cbd7e94b709cc5d2462b9cddb0/libwestlake_android_runtime_provider.so,equal,3aa5d169ff17f4a680384691920d6b0168a45b306aff7dbf257b6eae6969bf2f,3aa5d169ff17f4a680384691920d6b0168a45b306aff7dbf257b6eae6969bf2f,3aa5d169ff17f4a680384691920d6b0168a45b306aff7dbf257b6eae6969bf2f,not_pinned,byte difference requires component review
/system/lib64/westlake/route-a/6cb40cd610ec29a69e320b8cc7d766ccffc675cbd7e94b709cc5d2462b9cddb0/libwestlake_art_abort_bridge.so,equal,429a226c2150182d8da0f3e62968c36eda283e17ce301bb6eeb269d2a07e9852,429a226c2150182d8da0f3e62968c36eda283e17ce301bb6eeb269d2a07e9852,429a226c2150182d8da0f3e62968c36eda283e17ce301bb6eeb269d2a07e9852,not_pinned,byte difference requires component review
/system/lib64/westlake/route-a/6cb40cd610ec29a69e320b8cc7d766ccffc675cbd7e94b709cc5d2462b9cddb0/libwestlake_bionic_pthread_bridge.so,equal,cce31e656e233b665c9ad16051ade7292319b326787ee55d3aa9327960b3316a,cce31e656e233b665c9ad16051ade7292319b326787ee55d3aa9327960b3316a,cce31e656e233b665c9ad16051ade7292319b326787ee55d3aa9327960b3316a,not_pinned,byte difference requires component review
/system/lib64/westlake/route-a/6cb40cd610ec29a69e320b8cc7d766ccffc675cbd7e94b709cc5d2462b9cddb0/libwestlake_thread_guard_registry.so,equal,674d3ef3b9b00b367e389b539df4ae71bf2a12e3dd25dba962d6fcc7f240f063,674d3ef3b9b00b367e389b539df4ae71bf2a12e3dd25dba962d6fcc7f240f063,674d3ef3b9b00b367e389b539df4ae71bf2a12e3dd25dba962d6fcc7f240f063,not_pinned,byte difference requires component review
/system/lib64/westlake/route-a/6cb40cd610ec29a69e320b8cc7d766ccffc675cbd7e94b709cc5d2462b9cddb0/libziparchive.so,equal,e9fda6bcea152003418431c0153ab4e39d92ea5a4b2a54b9165c7ee544cef894,e9fda6bcea152003418431c0153ab4e39d92ea5a4b2a54b9165c7ee544cef894,e9fda6bcea152003418431c0153ab4e39d92ea5a4b2a54b9165c7ee544cef894,not_pinned,byte difference requires component review
/system/lib64/westlake/route-a/74e6f75976087d7890088b29c08482f17573a588fa5857cb6ca39264838ce16d/libapp_native_loader.so,equal,a3d4b80d943dd78972e5689a29810406f97056e0ce8f040d2ec24ac3618d9929,a3d4b80d943dd78972e5689a29810406f97056e0ce8f040d2ec24ac3618d9929,a3d4b80d943dd78972e5689a29810406f97056e0ce8f040d2ec24ac3618d9929,not_pinned,byte difference requires component review
/system/lib64/westlake/route-a/74e6f75976087d7890088b29c08482f17573a588fa5857cb6ca39264838ce16d/libart.so,equal,59e1bb45294b9dd587dc9b81bad719b60675aa98c9c6cfced426449bcad0fe5f,59e1bb45294b9dd587dc9b81bad719b60675aa98c9c6cfced426449bcad0fe5f,59e1bb45294b9dd587dc9b81bad719b60675aa98c9c6cfced426449bcad0fe5f,not_pinned,byte difference requires component review
/system/lib64/westlake/route-a/74e6f75976087d7890088b29c08482f17573a588fa5857cb6ca39264838ce16d/libartbase.so,equal,75c0f18372207ea54cd735b86eae7f0e0797e026136c0d07050520b8199f85b1,75c0f18372207ea54cd735b86eae7f0e0797e026136c0d07050520b8199f85b1,75c0f18372207ea54cd735b86eae7f0e0797e026136c0d07050520b8199f85b1,not_pinned,byte difference requires component review
/system/lib64/westlake/route-a/74e6f75976087d7890088b29c08482f17573a588fa5857cb6ca39264838ce16d/libartpalette-system.so,equal,0dce5cd6ba606a0db7444cd16900773c92978f878f21dec3eb6861af4d215ebf,0dce5cd6ba606a0db7444cd16900773c92978f878f21dec3eb6861af4d215ebf,0dce5cd6ba606a0db7444cd16900773c92978f878f21dec3eb6861af4d215ebf,not_pinned,byte difference requires component review
/system/lib64/westlake/route-a/74e6f75976087d7890088b29c08482f17573a588fa5857cb6ca39264838ce16d/libartpalette.so,equal,a5c5603dbdceab7063b7d87b905bdc4fde23a688483b13d1b37b12f36c3c516c,a5c5603dbdceab7063b7d87b905bdc4fde23a688483b13d1b37b12f36c3c516c,a5c5603dbdceab7063b7d87b905bdc4fde23a688483b13d1b37b12f36c3c516c,not_pinned,byte difference requires component review
/system/lib64/westlake/route-a/74e6f75976087d7890088b29c08482f17573a588fa5857cb6ca39264838ce16d/libbase.so,equal,4549ad71eb77bfcc95a60f2f5a33941e953f434284b3f9d85d37e883f7238833,4549ad71eb77bfcc95a60f2f5a33941e953f434284b3f9d85d37e883f7238833,4549ad71eb77bfcc95a60f2f5a33941e953f434284b3f9d85d37e883f7238833,not_pinned,byte difference requires component review
/system/lib64/westlake/route-a/74e6f75976087d7890088b29c08482f17573a588fa5857cb6ca39264838ce16d/libbionic_compat.so,equal,aa7e77f943ab4edd791590ca6b739120249b1ad6eb40e1ece7710ba206742a08,aa7e77f943ab4edd791590ca6b739120249b1ad6eb40e1ece7710ba206742a08,aa7e77f943ab4edd791590ca6b739120249b1ad6eb40e1ece7710ba206742a08,not_pinned,byte difference requires component review
/system/lib64/westlake/route-a/74e6f75976087d7890088b29c08482f17573a588fa5857cb6ca39264838ce16d/libcutils.so,equal,91fbd71976c737ecf0a6db3293c83cf06366d6cd2504812e8fcbad4fc9201e39,91fbd71976c737ecf0a6db3293c83cf06366d6cd2504812e8fcbad4fc9201e39,91fbd71976c737ecf0a6db3293c83cf06366d6cd2504812e8fcbad4fc9201e39,not_pinned,byte difference requires component review
/system/lib64/westlake/route-a/74e6f75976087d7890088b29c08482f17573a588fa5857cb6ca39264838ce16d/libdexfile.so,equal,a7fdc521910f94064f179f1155898c757f03913f26e447a8f910b4fd5a7210f8,a7fdc521910f94064f179f1155898c757f03913f26e447a8f910b4fd5a7210f8,a7fdc521910f94064f179f1155898c757f03913f26e447a8f910b4fd5a7210f8,not_pinned,byte difference requires component review
/system/lib64/westlake/route-a/74e6f75976087d7890088b29c08482f17573a588fa5857cb6ca39264838ce16d/libelffile.so,equal,15fe84f6be925e5012a66e9992d6e3958d8cd6a8de80817976aca495771c95fe,15fe84f6be925e5012a66e9992d6e3958d8cd6a8de80817976aca495771c95fe,15fe84f6be925e5012a66e9992d6e3958d8cd6a8de80817976aca495771c95fe,not_pinned,byte difference requires component review
/system/lib64/westlake/route-a/74e6f75976087d7890088b29c08482f17573a588fa5857cb6ca39264838ce16d/liblog.so,equal,a2530a4bfdcdfc94df02c6e60821282dc273007b300970915a8cb85835d30c4c,a2530a4bfdcdfc94df02c6e60821282dc273007b300970915a8cb85835d30c4c,a2530a4bfdcdfc94df02c6e60821282dc273007b300970915a8cb85835d30c4c,not_pinned,byte difference requires component review
/system/lib64/westlake/route-a/74e6f75976087d7890088b29c08482f17573a588fa5857cb6ca39264838ce16d/liblz4.so,equal,66b01d03ef1d0aadbf325ca4e7c158d2ca0a4d775976bde5e0d58c971e7e221c,66b01d03ef1d0aadbf325ca4e7c158d2ca0a4d775976bde5e0d58c971e7e221c,66b01d03ef1d0aadbf325ca4e7c158d2ca0a4d775976bde5e0d58c971e7e221c,not_pinned,byte difference requires component review
/system/lib64/westlake/route-a/74e6f75976087d7890088b29c08482f17573a588fa5857cb6ca39264838ce16d/liblzma.so,equal,239bdf61bcc8c971ef65c6e688c87048d01781d4ab8707546668f5d5e4cc7d40,239bdf61bcc8c971ef65c6e688c87048d01781d4ab8707546668f5d5e4cc7d40,239bdf61bcc8c971ef65c6e688c87048d01781d4ab8707546668f5d5e4cc7d40,not_pinned,byte difference requires component review
/system/lib64/westlake/route-a/74e6f75976087d7890088b29c08482f17573a588fa5857cb6ca39264838ce16d/libnativebridge.so,equal,516d703bdc7e06b6f0ab4900eccbf625c56b244fe3516a98e6eded00f5671afd,516d703bdc7e06b6f0ab4900eccbf625c56b244fe3516a98e6eded00f5671afd,516d703bdc7e06b6f0ab4900eccbf625c56b244fe3516a98e6eded00f5671afd,not_pinned,byte difference requires component review
/system/lib64/westlake/route-a/74e6f75976087d7890088b29c08482f17573a588fa5857cb6ca39264838ce16d/libnativehelper.so,equal,fe2ef89f2a7763ab7294b659bcc86bac95b64577eb81089eecd93285a4451256,fe2ef89f2a7763ab7294b659bcc86bac95b64577eb81089eecd93285a4451256,fe2ef89f2a7763ab7294b659bcc86bac95b64577eb81089eecd93285a4451256,not_pinned,byte difference requires component review
/system/lib64/westlake/route-a/74e6f75976087d7890088b29c08482f17573a588fa5857cb6ca39264838ce16d/libnativeloader.so,different,fde6f31c6f8911bd5be165d69bc248f47699be435240dc855fa7528c0ba73ccd,fde6f31c6f8911bd5be165d69bc248f47699be435240dc855fa7528c0ba73ccd,eddeb87ef17754b28f83cd732fe5b606504005af0c77b21923ac62c20e3c34ea,not_pinned,byte difference requires component review
/system/lib64/westlake/route-a/74e6f75976087d7890088b29c08482f17573a588fa5857cb6ca39264838ce16d/libopenjdkjvm.so,equal,8b462862921f3fbca7e4306523d851b2ae00564094a6f5ca1b6658c7c6b457a8,8b462862921f3fbca7e4306523d851b2ae00564094a6f5ca1b6658c7c6b457a8,8b462862921f3fbca7e4306523d851b2ae00564094a6f5ca1b6658c7c6b457a8,not_pinned,byte difference requires component review
/system/lib64/westlake/route-a/74e6f75976087d7890088b29c08482f17573a588fa5857cb6ca39264838ce16d/libprofile.so,equal,86bfcad43fd830487eb19c69f861de4624d3df03c0b858cd02d6daa926c221a9,86bfcad43fd830487eb19c69f861de4624d3df03c0b858cd02d6daa926c221a9,86bfcad43fd830487eb19c69f861de4624d3df03c0b858cd02d6daa926c221a9,not_pinned,byte difference requires component review
/system/lib64/westlake/route-a/74e6f75976087d7890088b29c08482f17573a588fa5857cb6ca39264838ce16d/libshared_libz.z.so,equal,ab0820c6a33c58f2b5aa6d7b5f967f0eae42319baa2d7a42b779d1583f8a14fc,ab0820c6a33c58f2b5aa6d7b5f967f0eae42319baa2d7a42b779d1583f8a14fc,ab0820c6a33c58f2b5aa6d7b5f967f0eae42319baa2d7a42b779d1583f8a14fc,not_pinned,byte difference requires component review
/system/lib64/westlake/route-a/74e6f75976087d7890088b29c08482f17573a588fa5857cb6ca39264838ce16d/libsigchain.so,equal,ea7becd0203fdcb03cc0d61a493ef8e4a12ef3ca3b4ca9b61be3f02103865ba2,ea7becd0203fdcb03cc0d61a493ef8e4a12ef3ca3b4ca9b61be3f02103865ba2,ea7becd0203fdcb03cc0d61a493ef8e4a12ef3ca3b4ca9b61be3f02103865ba2,not_pinned,byte difference requires component review
/system/lib64/westlake/route-a/74e6f75976087d7890088b29c08482f17573a588fa5857cb6ca39264838ce16d/libtinyxml2.so,equal,67498c971c75ff885fea3555360bc6c1928745a0579bc149c3b3523770722a5a,67498c971c75ff885fea3555360bc6c1928745a0579bc149c3b3523770722a5a,67498c971c75ff885fea3555360bc6c1928745a0579bc149c3b3523770722a5a,not_pinned,byte difference requires component review
/system/lib64/westlake/route-a/74e6f75976087d7890088b29c08482f17573a588fa5857cb6ca39264838ce16d/libunwindstack.so,equal,d2c1cbc70d097855b9196ec87f80c09d6f24e674ee16a3c517629df999c66965,d2c1cbc70d097855b9196ec87f80c09d6f24e674ee16a3c517629df999c66965,d2c1cbc70d097855b9196ec87f80c09d6f24e674ee16a3c517629df999c66965,not_pinned,byte difference requires component review
/system/lib64/westlake/route-a/74e6f75976087d7890088b29c08482f17573a588fa5857cb6ca39264838ce16d/libutils.so,equal,e20f30688c6c02b838fcf98e75855fad7dca7d7d0d7bedae5293496c65205f34,e20f30688c6c02b838fcf98e75855fad7dca7d7d0d7bedae5293496c65205f34,e20f30688c6c02b838fcf98e75855fad7dca7d7d0d7bedae5293496c65205f34,not_pinned,byte difference requires component review
/system/lib64/westlake/route-a/74e6f75976087d7890088b29c08482f17573a588fa5857cb6ca39264838ce16d/libvixl.so,equal,9de4006120a7064e9106e54e3432a8ae10e1b5eb3cd67fb92d43b097317851cf,9de4006120a7064e9106e54e3432a8ae10e1b5eb3cd67fb92d43b097317851cf,9de4006120a7064e9106e54e3432a8ae10e1b5eb3cd67fb92d43b097317851cf,not_pinned,byte difference requires component review
/system/lib64/westlake/route-a/74e6f75976087d7890088b29c08482f17573a588fa5857cb6ca39264838ce16d/libwestlake_android_runtime_provider.so,different,80c9aee0f39b860b1ce8d72af106e4fde49c0dbf41ef1b426c1e3103086d9b2f,80c9aee0f39b860b1ce8d72af106e4fde49c0dbf41ef1b426c1e3103086d9b2f,6787ea7d3c4ec0a382621360e3434885b0167446e22217a439b8d17745e54630,80c9aee0f39b860b1ce8d72af106e4fde49c0dbf41ef1b426c1e3103086d9b2f,historically accepted HelloWorld/ZigZag baseline; not a fresh board observation
/system/lib64/westlake/route-a/74e6f75976087d7890088b29c08482f17573a588fa5857cb6ca39264838ce16d/libwestlake_bionic_pthread_bridge.so,equal,cce31e656e233b665c9ad16051ade7292319b326787ee55d3aa9327960b3316a,cce31e656e233b665c9ad16051ade7292319b326787ee55d3aa9327960b3316a,cce31e656e233b665c9ad16051ade7292319b326787ee55d3aa9327960b3316a,not_pinned,byte difference requires component review
/system/lib64/westlake/route-a/74e6f75976087d7890088b29c08482f17573a588fa5857cb6ca39264838ce16d/libwestlake_thread_guard_registry.so,equal,674d3ef3b9b00b367e389b539df4ae71bf2a12e3dd25dba962d6fcc7f240f063,674d3ef3b9b00b367e389b539df4ae71bf2a12e3dd25dba962d6fcc7f240f063,674d3ef3b9b00b367e389b539df4ae71bf2a12e3dd25dba962d6fcc7f240f063,not_pinned,byte difference requires component review
/system/lib64/westlake/route-a/74e6f75976087d7890088b29c08482f17573a588fa5857cb6ca39264838ce16d/libziparchive.so,equal,e9fda6bcea152003418431c0153ab4e39d92ea5a4b2a54b9165c7ee544cef894,e9fda6bcea152003418431c0153ab4e39d92ea5a4b2a54b9165c7ee544cef894,e9fda6bcea152003418431c0153ab4e39d92ea5a4b2a54b9165c7ee544cef894,not_pinned,byte difference requires component review
