consumer	needed	class
libapp_native_loader.so	libc.so	approved_external
libart.so	libc.so	approved_external
libart.so	libbionic_compat.so	internal_provider
libart.so	liblog.so	internal_provider
libart.so	libbase.so	internal_provider
libart.so	libcutils.so	internal_provider
libart.so	libutils.so	internal_provider
libart.so	libnativehelper.so	internal_provider
libart.so	libsigchain.so	internal_provider
libart.so	libdexfile.so	internal_provider
libart.so	libartbase.so	internal_provider
libart.so	libartpalette.so	internal_provider
libart.so	libvixl.so	internal_provider
libart.so	liblz4.so	internal_provider
libart.so	libziparchive.so	internal_provider
libart.so	libelffile.so	internal_provider
libart.so	libnativebridge.so	internal_provider
libart.so	libnativeloader.so	internal_provider
libart.so	libprofile.so	internal_provider
libart.so	libtinyxml2.so	internal_provider
libart.so	libunwindstack.so	internal_provider
libart.so	libc++.so	approved_external
libartbase.so	libc.so	approved_external
libartbase.so	libziparchive.so	internal_provider
libartbase.so	libtinyxml2.so	internal_provider
libartbase.so	libbase.so	internal_provider
libartbase.so	libc++.so	approved_external
libartpalette-system.so	libc.so	approved_external
libartpalette-system.so	libbase.so	internal_provider
libartpalette-system.so	liblog.so	internal_provider
libartpalette-system.so	libbionic_compat.so	internal_provider
libartpalette-system.so	libc++.so	approved_external
libartpalette.so	libc.so	approved_external
libartpalette.so	liblog.so	internal_provider
libartpalette.so	libbionic_compat.so	internal_provider
libartpalette.so	libc++.so	approved_external
libbase.so	libc.so	approved_external
libbase.so	liblog.so	internal_provider
libbase.so	libbionic_compat.so	internal_provider
libbase.so	libc++.so	approved_external
libbionic_compat.so	libc.so	approved_external
libbionic_compat.so	libbegetutil.z.so	approved_external
libbionic_compat.so	libc++.so	approved_external
libcutils.so	libc.so	approved_external
libcutils.so	liblog.so	internal_provider
libcutils.so	libbase.so	internal_provider
libcutils.so	libbionic_compat.so	internal_provider
libcutils.so	libc++.so	approved_external
libdexfile.so	libc.so	approved_external
libdexfile.so	libartbase.so	internal_provider
libdexfile.so	libartpalette.so	internal_provider
libdexfile.so	libziparchive.so	internal_provider
libdexfile.so	libbase.so	internal_provider
libdexfile.so	liblog.so	internal_provider
libdexfile.so	libbionic_compat.so	internal_provider
libdexfile.so	libshared_libz.z.so	approved_external
libdexfile.so	libc++.so	approved_external
libelffile.so	libc.so	approved_external
libelffile.so	libartbase.so	internal_provider
libelffile.so	libbase.so	internal_provider
libelffile.so	liblog.so	internal_provider
libelffile.so	liblzma.so	internal_provider
libelffile.so	libc++.so	approved_external
liblog.so	libc.so	approved_external
liblog.so	libbionic_compat.so	internal_provider
liblog.so	libhilog.so	approved_external
liblog.so	libc++.so	approved_external
liblz4.so	libc.so	approved_external
liblz4.so	libbionic_compat.so	internal_provider
liblz4.so	libc++.so	approved_external
liblzma.so	libc.so	approved_external
liblzma.so	libbionic_compat.so	internal_provider
liblzma.so	libc++.so	approved_external
libnativebridge.so	libc.so	approved_external
libnativebridge.so	libbase.so	internal_provider
libnativebridge.so	liblog.so	internal_provider
libnativebridge.so	libc++.so	approved_external
libnativehelper.so	libc.so	approved_external
libnativehelper.so	libbionic_compat.so	internal_provider
libnativehelper.so	liblog.so	internal_provider
libnativehelper.so	libc++.so	approved_external
libnativeloader.so	libc.so	approved_external
libnativeloader.so	libapp_native_loader.so	internal_provider
libnativeloader.so	libc++.so	approved_external
libprofile.so	libc.so	approved_external
libprofile.so	libbase.so	internal_provider
libprofile.so	liblog.so	internal_provider
libprofile.so	libartbase.so	internal_provider
libprofile.so	libartpalette.so	internal_provider
libprofile.so	libdexfile.so	internal_provider
libprofile.so	libziparchive.so	internal_provider
libprofile.so	libshared_libz.z.so	approved_external
libprofile.so	libc++.so	approved_external
libsigchain.so	libc.so	approved_external
libsigchain.so	libbionic_compat.so	internal_provider
libsigchain.so	libc++.so	approved_external
libtinyxml2.so	libc.so	approved_external
libtinyxml2.so	libc++.so	approved_external
libunwindstack.so	libc.so	approved_external
libunwindstack.so	libbase.so	internal_provider
libunwindstack.so	liblog.so	internal_provider
libunwindstack.so	libdexfile.so	internal_provider
libunwindstack.so	liblzma.so	internal_provider
libunwindstack.so	libc++.so	approved_external
libutils.so	libc.so	approved_external
libutils.so	libcutils.so	internal_provider
libutils.so	liblog.so	internal_provider
libutils.so	libbionic_compat.so	internal_provider
libutils.so	libc++.so	approved_external
libvixl.so	libc.so	approved_external
libvixl.so	libbionic_compat.so	internal_provider
libvixl.so	libc++.so	approved_external
libziparchive.so	libc.so	approved_external
libziparchive.so	libbase.so	internal_provider
libziparchive.so	liblog.so	internal_provider
libziparchive.so	libbionic_compat.so	internal_provider
libziparchive.so	libshared_libz.z.so	approved_external
libziparchive.so	libc++.so	approved_external
