consumer	symbol	direct_owner	initial_closure_owners	all_file_set_owners	size	type	bytes_sha256
libprofile.so	PaletteTraceBegin	libartpalette.so	libartpalette.so	libartpalette-system.so,libartpalette.so	116	2	cf02872edd5df8cf5b063cfdc1d143f77afa422ed90b6bd85a836941b4112f6c
libprofile.so	PaletteTraceEnd	libartpalette.so	libartpalette.so	libartpalette-system.so,libartpalette.so	108	2	d078184ada08c2f80d84b12d1c017e79599d5b1a47d8ec2b6698bf00b625bead
libprofile.so	_ZN9unix_file6FdFile12ClearContentEv	libartbase.so	libartbase.so	libartbase.so	212	2	aa376e88d244715cff274deb40eb296cbd7aa7f9dee07a5b2ccf6c56a6d1def4
libprofile.so	_ZNK9unix_file6FdFile2FdEv	libartbase.so	libartbase.so	libartbase.so	8	2	3bd3b1d8b6ab2c04c0413bebd37e2e8ad1ccbe0b9ecfaf21d58d998e01648454
libunwindstack.so	ADexFile_Error_toString	libdexfile.so	libdexfile.so	libdexfile.so	36	2	5e1daa936c806f24faff1f8260f2b96a63b2ab0a52baff612150e14cbbb11d06
libunwindstack.so	ADexFile_Method_getClassDescriptor	libdexfile.so	libdexfile.so	libdexfile.so	176	2	94e0cb2ce3f1446729d12b343a59e251151beb8ca954e263f7465f18d06a968e
libunwindstack.so	ADexFile_Method_getCodeOffset	libdexfile.so	libdexfile.so	libdexfile.so	20	2	90492a584c7a71aa0984a996827749787514bb0515a244e8cc2081b1d1436333
libunwindstack.so	ADexFile_Method_getName	libdexfile.so	libdexfile.so	libdexfile.so	168	2	ff41c300c72dde50e0c44363c0ef17dbfd5139e1c0ac5cecfada79deba4ffebd
libunwindstack.so	ADexFile_Method_getQualifiedName	libdexfile.so	libdexfile.so	libdexfile.so	140	2	3f8d51e572dc70dc4db80872fd6fe16abf15d5f33599128c2911dba0cbd5f99e
libunwindstack.so	ADexFile_create	libdexfile.so	libdexfile.so	libdexfile.so	764	2	93ad3179d4ceb901360ec48859e5f6159819e7dc6550f849cd3d23ecf8e8b287
libunwindstack.so	ADexFile_destroy	libdexfile.so	libdexfile.so	libdexfile.so	96	2	974d9705ff139256d19988614e1ea559d4e5377084e84845fa3dd1525872104b
libunwindstack.so	ADexFile_findMethodAtOffset	libdexfile.so	libdexfile.so	libdexfile.so	148	2	64d307f82a5df4d55b1e91ea7ac05f8dd6eb2f5375f544e6e41c01c785ff3272
libunwindstack.so	ADexFile_forEachMethod	libdexfile.so	libdexfile.so	libdexfile.so	572	2	b6284e3d6ae59790659c9a1d55aa0df3df9eceac448028a205a054740bfacdc4
libunwindstack.so	_ZN11unwindstack14CreateDexFilesENS_8ArchEnumERNSt3__h10shared_ptrINS_6MemoryEEENS1_6vectorINS1_12basic_stringIcNS1_11char_traitsIcEENS1_9allocatorIcEEEENSA_ISC_EEEE	libunwindstack.so	libunwindstack.so	libunwindstack.so	292	2	07282cb134e2e843e67f28f87e2871b181e7d38cc32047f0e45b07e0b0630426
libunwindstack.so	_ZN11unwindstack20DemangleNameIfNeededERKNSt3__h12basic_stringIcNS0_11char_traitsIcEENS0_9allocatorIcEEEE	libunwindstack.so	libunwindstack.so	libunwindstack.so	296	2	a2b505aabe986c3197b2d7da0142d8315fda1a27d13c13e844187f1a590ba772
libunwindstack.so	_ZN11unwindstack7DexFile15GetFunctionNameEmPNS_12SharedStringEPm	libunwindstack.so	libunwindstack.so	libunwindstack.so	344	2	cfaa5b8913d1ed07fd29452ad0e0dbecb0e3db3bc9d38ce004d65f1bfe23106e
libunwindstack.so	_ZN11unwindstack7DexFile6CreateEmmPNS_6MemoryEPNS_7MapInfoE	libunwindstack.so	libunwindstack.so	libunwindstack.so	928	2	e3a9979bd0ac5c47c19f89781ffaf8b84229a6e182944d39c4d407e4971da9e6
libunwindstack.so	_ZN7art_api3dex14LoadLibdexfileEv	libunwindstack.so	libunwindstack.so	libunwindstack.so	4	2	110f46b5b35c069160560c6ad6786f647dd44e8760a52a46fc22dbbcd7630b91
libunwindstack.so	_ZN7art_api3dex17TryLoadLibdexfileEPNSt3__h12basic_stringIcNS1_11char_traitsIcEENS1_9allocatorIcEEEE	libunwindstack.so	libunwindstack.so	libunwindstack.so	8	2	5103ba3de080c52a046485f800433848701faa49ab8f60241a80987ca249d7ac
libunwindstack.so	_ZN7art_api3dex17g_ADexFile_createE	libunwindstack.so	libunwindstack.so	libunwindstack.so	8	1	af5570f5a1810b7af78caf4bc70a660f0df51e42baf91d4de5b2328de0e83dfc
libunwindstack.so	_ZN7art_api3dex18g_ADexFile_destroyE	libunwindstack.so	libunwindstack.so	libunwindstack.so	8	1	af5570f5a1810b7af78caf4bc70a660f0df51e42baf91d4de5b2328de0e83dfc
libunwindstack.so	_ZN7art_api3dex29g_ADexFile_findMethodAtOffsetE	libunwindstack.so	libunwindstack.so	libunwindstack.so	8	1	af5570f5a1810b7af78caf4bc70a660f0df51e42baf91d4de5b2328de0e83dfc
libunwindstack.so	_ZN7art_api3dex31g_ADexFile_Method_getCodeOffsetE	libunwindstack.so	libunwindstack.so	libunwindstack.so	8	1	af5570f5a1810b7af78caf4bc70a660f0df51e42baf91d4de5b2328de0e83dfc
libunwindstack.so	_ZN7art_api3dex34g_ADexFile_Method_getQualifiedNameE	libunwindstack.so	libunwindstack.so	libunwindstack.so	8	1	af5570f5a1810b7af78caf4bc70a660f0df51e42baf91d4de5b2328de0e83dfc
