key,estimated_seconds,basis
aegis,46.688336,historical_completion_interval
anki,54.455835,historical_completion_interval
antennapod,50.442444,historical_completion_interval
burgerking,83.265338,historical_completion_interval
fd-AppManager,47.169506,historical_completion_interval
fd-android,46.96309,historical_completion_interval
fd-api,48.043798,historical_completion_interval
fd-app,50.077653,historical_completion_interval
fd-auxio,52.287106,historical_completion_interval
fd-binaryeye,51.850175,historical_completion_interval
fd-breezyweather,45.153708,historical_completion_interval
fd-calendar,51.592989,historical_completion_interval
fd-catima,45.340208,historical_completion_interval
fd-client,53.085675,historical_completion_interval
fd-com-amaze-filemanager,50.110686,historical_completion_interval
fd-com-kunzisoft-keepass-libre,45.124151,historical_completion_interval
fd-droidify,52.271621,historical_completion_interval
fd-etar,39.910679,historical_completion_interval
fd-feeder,52.133466,historical_completion_interval
fd-fennec_fdroid,68.434559,historical_completion_interval
fd-filemanager,45.709277,historical_completion_interval
fd-fitness,50.768971,historical_completion_interval
fd-fluffychat,58.924811,historical_completion_interval
fd-gallery,61.929544,historical_completion_interval
fd-im-vector-app,66.825855,historical_completion_interval
fd-immich,58.89217,historical_completion_interval
fd-k9,51.053248,historical_completion_interval
fd-kitchenowl,45.746124,historical_completion_interval
fd-libre,55.86809,historical_completion_interval
fd-libretube,47.332907,historical_completion_interval
fd-meet,52.383248,historical_completion_interval
fd-minetest,50.808283,historical_completion_interval
fd-mobile,49.771945,historical_completion_interval
fd-mpv,60.97544,historical_completion_interval
fd-musicplayer,42.540668,historical_completion_interval
fd-netguard,40.933526,historical_completion_interval
fd-noice,42.800663,historical_completion_interval
fd-notes,49.523633,historical_completion_interval
fd-organicmaps,50.653137,historical_completion_interval
fd-plus,58.540292,historical_completion_interval
fd-reader,49.695909,historical_completion_interval
fd-saber,50.793696,historical_completion_interval
fd-seal,50.54779,cohort_median_fallback
fd-shatteredpixeldungeon,49.570535,historical_completion_interval
fd-stk,55.507773,historical_completion_interval
fd-tasks,57.419307,historical_completion_interval
fd-tusky,50.375017,historical_completion_interval
fd-tutanota,55.115947,historical_completion_interval
fd-uhabits,47.256092,historical_completion_interval
fd-wifianalyzer,41.907016,historical_completion_interval
firefox,69.72072,historical_completion_interval
localsend,57.612066,historical_completion_interval
markor,43.656525,historical_completion_interval
mcdonalds,67.266452,historical_completion_interval
mindustry,54.071029,historical_completion_interval
newpipe,42.525482,historical_completion_interval
noice,43.010363,historical_completion_interval
ooniprobe,49.051529,historical_completion_interval
opencamera,42.986476,historical_completion_interval
ppsspp,49.525126,historical_completion_interval
subwaysurfers,50.54779,cohort_median_fallback
termux,48.781095,historical_completion_interval
toutiao,50.54779,cohort_median_fallback
vlc,59.099805,historical_completion_interval
wikipedia,50.54779,cohort_median_fallback
x,114.882084,historical_completion_interval
