name,sha256,path,source_commits,source_paths,recipe,recipe_sha256
appspawn-x,d977bd15da1ad193990a7aeb841c93940c28462e66dce1ec5b6bd7b31d3a02e8,/Users/zhaoyue/orca/workspaces/westlake-jni-gapfill-c5ed50d5/package-61b-ce-9e14bf20/payload/runtime/appspawn-x,2e5bdd73c5afa46693e159812554a2644f482d3e,/Users/zhaoyue/orca/workspaces/westlake-harness-bms-deploy/benchmark/2026-09-29-wikipedia-line/network-groups/appspawn_service.c,/Users/zhaoyue/orca/workspaces/westlake-harness-bms-deploy/benchmark/2026-09-29-wikipedia-line/network-groups/build-inet.sh,584ef75f831da5d4338ead9dce38d96fa64446bdbd0c9acc961e52cfb78771cb
liblog.so,8c81a937a3977b858aba0cd46ec3e32f75d512e9c9ba5eefc60276e4ff20c3d2,/Users/zhaoyue/orca/workspaces/westlake-generation-b87-vt-c835a93e/payload/android/lib64/liblog.so,e90e0b29c2024d819ebd89704f19ab3aae829f0e,/Users/zhaoyue/orca/workspaces/westlake-harness-bms-deploy/benchmark/2026-09-29-native-abi-port,/Users/zhaoyue/orca/workspaces/westlake-harness-bms-deploy/benchmark/2026-09-29-native-abi-port/build-log-bionic.sh,7ad0fb6fd56bfb1c4fe647a8be28b38abcd025fae385c4a9a913c0b63a98de41
libc.so,ee6034f5a9216345724b5d844928ee76d991205466db7f53dd68180e7f4fb5b7,/Users/zhaoyue/orca/workspaces/westlake-harness-b4/bms/src/adapter/framework/native-compat/westlake-bionic/build/libc.so,08b5928220f70451738526365b164cd26370e4b4;ec342e3ee2f32b456ba5c9770199e3484532fa53,/Users/zhaoyue/orca/workspaces/westlake-harness-b4/bms/src/adapter/framework/native-compat/westlake-bionic/bionic_assert_compat.c;/Users/zhaoyue/orca/workspaces/westlake-harness-b4/bms/src/adapter/framework/native-compat/westlake-bionic/bionic_stdio_compat.c;/Users/zhaoyue/orca/workspaces/westlake-harness-b4/bms/src/adapter/framework/native-compat/westlake-bionic/malloc_compat.cpp;/Users/zhaoyue/orca/workspaces/westlake-harness-b4/bms/src/adapter/framework/native-compat/westlake-bionic/android_native_network_compat.c;/Users/zhaoyue/orca/workspaces/westlake-harness-b4/bms/src/adapter/framework/native-compat/westlake-bionic/bionic-abi.map,/Users/zhaoyue/orca/workspaces/westlake-harness-b4/bms/src/adapter/framework/native-compat/westlake-bionic/build.sh,43f2847e399e14c95e8d0613afea085484040553c10bd59c422283893868772c
libGLESv2.so,befb6ec78f52f3f54b955e268fa04faa6192d78c61cc08aac9a2e6828f1aee9f,/Users/zhaoyue/orca/workspaces/westlake-harness-b4/bms/src/adapter/framework/native-compat/westlake-bionic/build/libGLESv2.so,ec342e3ee2f32b456ba5c9770199e3484532fa53,/Users/zhaoyue/orca/workspaces/westlake-harness-b4/bms/src/adapter/framework/native-compat/westlake-bionic/libglesv2_shim.c,/Users/zhaoyue/orca/workspaces/westlake-harness-b4/bms/src/adapter/framework/native-compat/westlake-bionic/build.sh,43f2847e399e14c95e8d0613afea085484040553c10bd59c422283893868772c
libstdc++.so,7e06cd8b75fe99dbd5bc23b80afea214e6ca0b6579df757fbdadd7a148a3f493,/Users/zhaoyue/orca/workspaces/westlake-harness-b4/bms/src/adapter/framework/native-compat/westlake-bionic/build/libstdc++.so,3302406b8a8d6b8a4b698fd95c0dc6603b9546e0,/Users/zhaoyue/orca/workspaces/westlake-harness-b4/bms/src/adapter/framework/native-compat/westlake-bionic/libstdcxx_shim.c,/Users/zhaoyue/orca/workspaces/westlake-harness-b4/bms/src/adapter/framework/native-compat/westlake-bionic/build.sh,43f2847e399e14c95e8d0613afea085484040553c10bd59c422283893868772c
libOpenSLES.so,5891f899c2b21dcb24fa2f4cb3db78fbb34597740600c096dd8f633b831c5347,/Users/zhaoyue/orca/workspaces/westlake-harness-b4/bms/src/adapter/framework/native-compat/westlake-bionic/build/libOpenSLES.so,3302406b8a8d6b8a4b698fd95c0dc6603b9546e0,/Users/zhaoyue/orca/workspaces/westlake-harness-b4/bms/src/adapter/framework/native-compat/westlake-bionic/opensles_android_compat.c,/Users/zhaoyue/orca/workspaces/westlake-harness-b4/bms/src/adapter/framework/native-compat/westlake-bionic/build.sh,43f2847e399e14c95e8d0613afea085484040553c10bd59c422283893868772c
libapp_native_loader.so,a9c9187d717f83369123f2ccc4457fa1c4a48f59d5a25934dc674fb59f60f883,/Users/zhaoyue/orca/workspaces/westlake-b92-bigstack-0509fe23/payload/route/libapp_native_loader.so,d8d7a3e0d911bee6549f01fc2234a85d6c23c30e,/Users/zhaoyue/orca/workspaces/westlake-harness-bms-deploy/benchmark/2026-09-30-child-stack-default;/Users/zhaoyue/orca/workspaces/westlake-harness-bms-deploy/bms/src/adapter/framework/app-native-loader/src/app_native_loader.c,/Users/zhaoyue/orca/workspaces/westlake-harness-bms-deploy/benchmark/2026-09-30-child-stack-default/build-anl.sh,95faa4177641daee011d250e36ed0c9c29bef7eaa0edb64c6acac563ed12795a
libwestlake_android_runtime_provider.so,0509fe235a7883b5cd9b57477221cb868465de944c6f70ed0cf2835b0fe4a97c,/Users/zhaoyue/orca/workspaces/westlake-b92-bigstack-0509fe23/payload/route/libwestlake_android_runtime_provider.so,d8d7a3e0d911bee6549f01fc2234a85d6c23c30e,/Users/zhaoyue/orca/workspaces/westlake-harness-bms-deploy/benchmark/2026-09-30-child-stack-default;/Users/zhaoyue/orca/workspaces/westlake-harness-bms-deploy/bms/src/adapter/framework/appspawn-x/src/child_main_after_stock.cpp,/Users/zhaoyue/orca/workspaces/westlake-harness-bms-deploy/benchmark/2026-09-30-child-stack-default/build-provider.sh,df6371c2a39a3f5e42c43f15fa6a347d853209924ea365c25b8decde734e3e14
liboh_android_runtime.so,9e14bf2005290c6e9e689fa779a1019bfcded7436c3a36d7a4973f462f46cd0f,/Users/zhaoyue/orca/workspaces/westlake-b91-commonevent-9e14bf20/liboh_android_runtime.so,f6a60fc0d18964f0f5874bcc3faddb63671f6286;4cf55d40d2cbb04cb5b6207fa32de7b8096b2a6d;dc3b37566226df07b0c87297197b5892f334a4e0,/Users/zhaoyue/orca/workspaces/westlake-harness-bms-deploy/bms/src/adapter/framework/native-compat/westlake-commonevent;/Users/zhaoyue/orca/workspaces/westlake-harness-bms-deploy/benchmark/2026-09-30-commonevent-registration,/Users/zhaoyue/orca/workspaces/westlake-harness-bms-deploy/benchmark/2026-09-30-commonevent-registration/build.sh,cc8e04d79cca7d052a66c513a559c9ce9d6467481745de61e5178e1194f5f1de
liboh_tls_boundary.so,39c2cfe9cb830f0822733b0b7f41f937abb204349f9281e716e533916f95a85c,/Users/zhaoyue/orca/workspaces/vm-copies/tls-boundary-39c2cfe9/liboh_tls_boundary.so,7e511ad0f7100ad20bf177b8da180d7a22dde7f4,/Users/zhaoyue/orca/workspaces/westlake-harness-b4/bms/src/adapter/framework/native-compat/westlake-tls,/Users/zhaoyue/orca/workspaces/westlake-harness-b4/bms/src/adapter/framework/native-compat/westlake-tls/build.sh,5063b8a6b31dac167ab024b2a3fa9be91edc63f8b0e13fe2e1e36701d3ccc7cc
libwestlake_jni_gapfill.so,d1a1961d7682a4823006825d060f570cdefffcb3fc5c19386486dea36e97af0b,/Users/zhaoyue/orca/workspaces/vm-copies/jni-gapfill-d1a1961d/libwestlake_jni_gapfill.so,56b5295c5d2d2066a36ad7c788a7047bab435aa0,/Users/zhaoyue/orca/workspaces/westlake-harness-b4/benchmark/2026-09-29-westlake-port/jni-gapfill,/Users/zhaoyue/orca/workspaces/westlake-harness-b4/benchmark/2026-09-29-westlake-port/jni-gapfill/build.sh,a73918432f78dac57fcc30ad27390f6a28451416778fa7933cc702c1057e73af
